period,org_code,parent_org,org_name,att_type1,att_type2,att_other,att_booked_type1,att_booked_type2,att_booked_other,over4hr_type1,over4hr_type2,over4hr_other,over4hr_booked_type1,over4hr_booked_type2,over4hr_booked_other,wait_4_12hr,wait_12hr_plus,emerg_admit_type1,emerg_admit_type2,emerg_admit_other,other_emerg_admit,total_attendances,total_over4hr,pct_within_4hr,breach
2025-04-01,NDJ,NHS ENGLAND SOUTH EAST ,FIRST COMMUNITY HEALTH AND CARE CIC,0,0,2350,0,0,0,0,0,0,0,0,0,0,0,0,0,0,0,2350,0,100.0,0
2025-04-01,NTV0B,NHS ENGLAND SOUTH EAST ,ASHFORD WALK-IN-CENTRE,0,0,2333,0,0,0,0,0,49,0,0,0,0,0,0,0,0,0,2333,49,97.9,0
2025-04-01,NTV0W,NHS ENGLAND SOUTH EAST ,WOKING WALK IN CENTRE,0,0,2528,0,0,0,0,0,58,0,0,0,0,0,0,0,0,0,2528,58,97.71,0
2025-04-01,Y02615,NHS ENGLAND MIDLANDS ,SOUTH BIRMINGHAM GP WALK IN CENTRE,0,0,6628,0,0,0,0,0,0,0,0,0,0,0,0,0,0,0,6628,0,100.0,0
2025-04-01,AQN04,NHS ENGLAND SOUTH EAST ,PHL LYMINGTON UTC,0,0,3297,0,0,12,0,0,42,0,0,0,0,0,0,0,0,0,3297,42,98.73,0
2025-04-01,C82038,NHS ENGLAND MIDLANDS ,LATHAM HOUSE MEDICAL PRACTICE,0,0,338,0,0,0,0,0,0,0,0,0,0,0,0,0,0,0,338,0,100.0,0
2025-04-01,NQTE4,NHS ENGLAND MIDLANDS ,SUMMERFIELD URGENT CARE CENTRE,0,0,3055,0,0,0,0,0,0,0,0,0,0,0,0,0,0,0,3055,0,100.0,0
2025-04-01,RCD,NHS ENGLAND NORTH EAST AND YORKSHIRE ,HARROGATE AND DISTRICT NHS FOUNDATION TRUST,4918,0,969,302,0,32,1081,0,1,63,0,0,185,2,1095,0,0,264,5887,1082,81.62,1
2025-04-01,RTP,NHS ENGLAND SOUTH EAST ,SURREY AND SUSSEX HEALTHCARE NHS TRUST,10067,0,0,0,0,0,3783,0,0,0,0,0,507,609,3107,0,0,751,10067,3783,62.42,1
2025-04-01,RW1,NHS ENGLAND SOUTH EAST ,HAMPSHIRE AND ISLE OF WIGHT HEALTHCARE NHS FOUNDATION TRUST,0,0,2866,0,0,0,0,0,70,0,0,0,0,0,0,0,3,167,2866,70,97.56,0
2025-04-01,RWY,NHS ENGLAND NORTH EAST AND YORKSHIRE ,CALDERDALE AND HUDDERSFIELD NHS FOUNDATION TRUST,15871,0,0,0,0,0,2746,0,0,0,0,0,944,24,2812,0,0,181,15871,2746,82.7,1
2025-04-01,RY7,NHS ENGLAND NORTH WEST ,WIRRAL COMMUNITY HEALTH AND CARE NHS FOUNDATION TRUST,0,0,4134,0,0,0,0,0,265,0,0,0,0,0,0,0,0,0,4134,265,93.59,1
2025-04-01,Y02428,NHS ENGLAND EAST OF ENGLAND ,PUTNOE WALK IN CENTRE,0,0,2729,0,0,0,0,0,0,0,0,0,0,0,0,0,0,0,2729,0,100.0,0
2025-04-01,Y02532,NHS ENGLAND NORTH WEST ,MIRIAM MINOR EMERGENCY,0,0,1583,0,0,0,0,0,0,0,0,0,0,0,0,0,0,0,1583,0,100.0,0
2025-04-01,NL7,NHS ENGLAND MIDLANDS ,ASSURA VERTIS URGENT CARE CENTRES (BIRMINGHAM),0,0,3148,0,0,0,0,0,0,0,0,0,0,0,0,0,0,0,3148,0,100.0,0
2025-04-01,NQT5F,NHS ENGLAND NORTH WEST ,SKELMERSDALE WALK IN CENTRE,0,0,1730,0,0,0,0,0,6,0,0,0,0,0,0,0,0,0,1730,6,99.65,0
2025-04-01,NQT5H,NHS ENGLAND SOUTH WEST ,PAULTON MEMORIAL HOSPITAL,0,0,913,0,0,0,0,0,5,0,0,0,0,0,0,0,0,0,913,5,99.45,0
2025-04-01,RGP,NHS ENGLAND EAST OF ENGLAND ,JAMES PAGET UNIVERSITY HOSPITALS NHS FOUNDATION TRUST,7431,0,1387,0,0,0,3244,0,0,0,0,0,615,344,1655,0,0,429,8818,3244,63.21,1
2025-04-01,RJN,NHS ENGLAND NORTH WEST ,EAST CHESHIRE NHS TRUST,4406,0,0,84,0,69,2314,0,0,0,0,0,163,278,789,0,0,170,4406,2314,47.48,1
2025-04-01,RTR,NHS ENGLAND NORTH EAST AND YORKSHIRE ,SOUTH TEES HOSPITALS NHS FOUNDATION TRUST,7386,0,9340,0,0,1895,3650,0,556,0,0,73,318,13,2656,0,124,2332,16726,4206,74.85,1
2025-04-01,RW4,NHS ENGLAND NORTH WEST ,MERSEY CARE NHS FOUNDATION TRUST,0,0,13070,0,0,0,0,0,194,0,0,0,0,0,0,0,0,58,13070,194,98.52,0
2025-04-01,RYY,NHS ENGLAND SOUTH EAST ,KENT COMMUNITY HEALTH NHS FOUNDATION TRUST,0,0,9195,0,0,0,0,0,31,0,0,0,0,0,0,0,0,0,9195,31,99.66,0
2025-04-01,Y07709,NHS ENGLAND SOUTH EAST ,READING URGENT CARE CENTRE,0,0,2244,0,0,0,0,0,0,0,0,0,0,0,0,0,0,0,2244,0,100.0,0
2025-04-01,AAH,NHS ENGLAND SOUTH WEST ,TETBURY HOSPITAL TRUST LTD,0,0,536,0,0,0,0,0,0,0,0,0,0,0,0,0,0,0,536,0,100.0,0
2025-04-01,NV693,NHS ENGLAND NORTH WEST ,ROSSENDALE MIU & OOH,0,0,1108,0,0,0,0,0,0,0,0,0,0,0,0,0,0,0,1108,0,100.0,0
2025-04-01,RCX,NHS ENGLAND EAST OF ENGLAND ,"THE QUEEN ELIZABETH HOSPITAL, KING'S LYNN, NHS FOUNDATION TRUST",6646,0,1170,0,0,0,3021,0,0,0,0,0,772,111,965,0,0,146,7816,3021,61.35,1
2025-04-01,RFF,NHS ENGLAND NORTH EAST AND YORKSHIRE ,BARNSLEY HOSPITAL NHS FOUNDATION TRUST,8877,0,0,37,0,0,2936,0,0,0,0,0,439,5,2863,0,0,498,8877,2936,66.93,1
2025-04-01,RJR,NHS ENGLAND NORTH WEST ,COUNTESS OF CHESTER HOSPITAL NHS FOUNDATION TRUST,5079,0,2376,0,0,0,2712,0,262,0,0,0,234,709,1605,0,0,1187,7455,2974,60.11,1
2025-04-01,RQX,NHS ENGLAND LONDON,HOMERTON HEALTHCARE NHS FOUNDATION TRUST,10777,0,0,0,0,0,1940,0,0,0,0,0,198,24,1725,0,0,331,10777,1940,82.0,1
2025-04-01,RXR,NHS ENGLAND NORTH WEST ,EAST LANCASHIRE HOSPITALS NHS TRUST,13049,0,10635,0,0,0,4198,0,439,0,0,0,643,814,3755,0,85,1652,23684,4637,80.42,1
2025-04-01,Y03218,NHS ENGLAND LONDON,THE PINN UNREGISTERED WIC,0,0,889,0,0,0,0,0,0,0,0,0,0,0,0,0,0,0,889,0,100.0,0
2025-04-01,DT301,NHS ENGLAND EAST OF ENGLAND ,HERTS URGENT CARE (ASCOTS LANE),0,0,2137,0,0,0,0,0,83,0,0,0,0,0,0,0,0,0,2137,83,96.12,0
2025-04-01,NQT51,NHS ENGLAND SOUTH EAST ,STATION PLAZA HEALTH CENTRE,0,0,1209,0,0,0,0,0,0,0,0,0,0,0,0,0,0,0,1209,0,100.0,0
2025-04-01,NTPAD,NHS ENGLAND SOUTH EAST ,PRACTICE PLUS GROUP SURGICAL CENTRE - ST MARYS PORTSMOUTH,0,0,5249,0,0,182,0,0,207,0,0,1,0,0,0,0,0,0,5249,207,96.06,0
2025-04-01,RA9,NHS ENGLAND SOUTH WEST ,TORBAY AND SOUTH DEVON NHS FOUNDATION TRUST,6336,0,3247,448,0,177,2613,0,15,160,0,1,202,23,2284,0,0,1130,9583,2628,72.58,1
2025-04-01,RAX,NHS ENGLAND LONDON,KINGSTON AND RICHMOND NHS FOUNDATION TRUST,6646,0,8505,0,0,0,3351,0,257,0,0,0,135,504,2136,0,258,531,15151,3608,76.19,1
2025-04-01,RR7,NHS ENGLAND NORTH EAST AND YORKSHIRE ,GATESHEAD HEALTH NHS FOUNDATION TRUST,5888,0,3944,32,0,4,2646,0,50,13,0,0,796,0,1593,0,0,39,9832,2696,72.58,1
2025-04-01,Y02147,NHS ENGLAND LONDON,URGENT CARE CENTRE (QMS),0,0,7961,0,0,216,0,0,133,0,0,0,0,0,0,0,0,0,7961,133,98.33,0
2025-04-01,ACH01,NHS ENGLAND SOUTH EAST ,WHITSTABLE MEDICAL PRACTICE,0,0,4951,0,0,0,0,0,0,0,0,0,0,0,0,0,0,0,4951,0,100.0,0
2025-04-01,G0Q0L,NHS ENGLAND LONDON,BARKING HOSPITAL UTC,0,0,2768,0,0,0,0,0,13,0,0,0,0,0,0,0,0,0,2768,13,99.53,0
2025-04-01,K6K0R,NHS ENGLAND LONDON,HAROLD WOOD POLYCLINIC UTC,0,0,2491,0,0,0,0,0,10,0,0,0,0,0,0,0,0,0,2491,10,99.6,0
2025-04-01,RLQ,NHS ENGLAND MIDLANDS ,WYE VALLEY NHS TRUST,5878,1122,114,127,0,0,3041,0,0,43,0,0,429,277,1431,0,0,135,7114,3041,57.25,1
2025-04-01,RV9,NHS ENGLAND NORTH EAST AND YORKSHIRE ,HUMBER TEACHING NHS FOUNDATION TRUST,0,0,1134,0,0,51,0,0,0,0,0,0,0,0,0,0,0,0,1134,0,100.0,0
2025-04-01,RWP,NHS ENGLAND MIDLANDS ,WORCESTERSHIRE ACUTE HOSPITALS NHS TRUST,13649,0,5858,0,0,0,7557,0,66,0,0,0,793,880,2739,0,0,794,19507,7623,60.92,1
2025-04-01,RXK,NHS ENGLAND MIDLANDS ,SANDWELL AND WEST BIRMINGHAM HOSPITALS NHS TRUST,10840,1175,8329,386,0,0,4504,173,146,150,0,0,808,270,2543,0,0,520,20344,4823,76.29,1
2025-04-01,AJN,NHS ENGLAND NORTH EAST AND YORKSHIRE ,WORKINGTON HEALTH LIMITED,0,0,361,0,0,0,0,0,0,0,0,0,0,0,0,0,0,0,361,0,100.0,0
2025-04-01,ARN03,NHS ENGLAND NORTH EAST AND YORKSHIRE ,LOCAL CARE DIRECT,0,0,2226,0,0,187,0,0,9,0,0,0,0,0,0,0,0,0,2226,9,99.6,0
2025-04-01,C82009,NHS ENGLAND MIDLANDS ,MARKET HARBOROUGH MED.CTR,0,0,266,0,0,0,0,0,0,0,0,0,0,0,0,0,0,0,266,0,100.0,0
2025-04-01,L83087,NHS ENGLAND SOUTH WEST ,OKEHAMPTON MEDICAL CENTRE,0,0,77,0,0,0,0,0,0,0,0,0,0,0,0,0,0,0,77,0,100.0,0
2025-04-01,NLX,NHS ENGLAND SOUTH WEST ,SIRONA CARE & HEALTH,0,0,8692,0,0,415,0,0,328,0,0,45,0,0,0,0,0,0,8692,328,96.23,0
2025-04-01,RAT,NHS ENGLAND LONDON,NORTH EAST LONDON NHS FOUNDATION TRUST,0,0,1730,0,0,0,0,0,63,0,0,0,0,0,0,0,0,0,1730,63,96.36,0
2025-04-01,RBD,NHS ENGLAND SOUTH WEST ,DORSET COUNTY HOSPITAL NHS FOUNDATION TRUST,4319,0,0,447,0,4383,1549,0,0,85,0,13,201,25,2001,0,0,497,4319,1549,64.14,1
2025-04-01,RCU,NHS ENGLAND NORTH EAST AND YORKSHIRE ,SHEFFIELD CHILDREN'S NHS FOUNDATION TRUST,4162,0,351,294,0,20,299,0,0,23,0,0,7,0,982,0,0,91,4513,299,93.37,1
2025-04-01,RGN,NHS ENGLAND EAST OF ENGLAND ,NORTH WEST ANGLIA NHS FOUNDATION TRUST,14259,0,4206,253,0,449,5836,0,85,62,0,8,576,767,3434,0,25,1474,18465,5921,67.93,1
2025-04-01,RGR,NHS ENGLAND EAST OF ENGLAND ,WEST SUFFOLK NHS FOUNDATION TRUST,7602,0,724,92,0,0,1570,0,0,0,0,0,285,118,1961,0,0,281,8326,1570,81.14,1
2025-04-01,RJ6,NHS ENGLAND LONDON,CROYDON HEALTH SERVICES NHS TRUST,12685,0,4850,0,0,0,3660,0,0,0,0,0,295,538,1177,0,0,109,17535,3660,79.13,1
2025-04-01,RJC,NHS ENGLAND MIDLANDS ,SOUTH WARWICKSHIRE UNIVERSITY NHS FOUNDATION TRUST,7824,0,441,1,0,0,2271,0,0,0,0,0,397,35,2205,0,0,876,8265,2271,72.52,1
2025-04-01,RJZ,NHS ENGLAND LONDON,KING'S COLLEGE HOSPITAL NHS FOUNDATION TRUST,15261,0,9200,68,0,1098,6420,0,464,12,0,0,1693,583,3660,0,0,318,24461,6884,71.86,1
2025-04-01,RK9,NHS ENGLAND SOUTH WEST ,UNIVERSITY HOSPITALS PLYMOUTH NHS TRUST,9037,155,5353,0,0,0,4695,0,99,0,0,0,506,583,2792,0,0,1510,14545,4794,67.04,1
2025-04-01,RKE,NHS ENGLAND LONDON,WHITTINGTON HEALTH NHS TRUST,8831,0,0,0,0,0,2619,0,0,0,0,0,243,222,1308,0,0,44,8831,2619,70.34,1
2025-04-01,RNN,NHS ENGLAND NORTH EAST AND YORKSHIRE ,NORTH CUMBRIA INTEGRATED CARE NHS FOUNDATION TRUST,8794,0,2236,334,0,33,3968,0,30,98,0,2,556,496,2279,0,0,722,11030,3998,63.75,1
2025-04-01,RP6,NHS ENGLAND LONDON,MOORFIELDS EYE HOSPITAL NHS FOUNDATION TRUST,0,5987,0,0,0,0,0,173,0,0,0,0,0,0,0,6,0,240,5987,173,97.11,0
2025-04-01,RPA,NHS ENGLAND SOUTH EAST ,MEDWAY NHS FOUNDATION TRUST,8901,0,6431,355,0,1310,2989,0,693,69,0,0,419,412,1884,0,0,458,15332,3682,75.98,1
2025-04-01,RPC,NHS ENGLAND SOUTH EAST ,QUEEN VICTORIA HOSPITAL NHS FOUNDATION TRUST,0,0,1450,0,0,0,0,0,15,0,0,0,0,0,0,0,3,552,1450,15,98.97,0
2025-04-01,RWF,NHS ENGLAND SOUTH EAST ,MAIDSTONE AND TUNBRIDGE WELLS NHS TRUST,17983,0,2285,818,0,239,3733,0,14,86,0,1,926,185,4861,0,0,1007,20268,3747,81.51,1
2025-04-01,RX1,NHS ENGLAND MIDLANDS ,NOTTINGHAM UNIVERSITY HOSPITALS NHS TRUST,12371,1736,542,0,0,0,6491,122,123,0,0,0,254,581,4459,61,0,4100,14649,6736,54.02,1
2025-04-01,RXF,NHS ENGLAND NORTH EAST AND YORKSHIRE ,MID YORKSHIRE TEACHING NHS TRUST,16584,115,5751,120,0,87,6218,0,340,2,0,0,2070,311,3518,0,176,773,22450,6558,70.79,1
2025-04-01,RY2,NHS ENGLAND NORTH WEST ,BRIDGEWATER COMMUNITY HEALTHCARE NHS FOUNDATION TRUST,0,0,3003,0,0,209,0,0,178,0,0,4,0,0,0,0,0,0,3003,178,94.07,1
2025-04-01,RY4,NHS ENGLAND EAST OF ENGLAND ,HERTFORDSHIRE COMMUNITY NHS TRUST,0,0,1182,0,0,0,0,0,37,0,0,0,0,0,0,0,0,0,1182,37,96.87,0
2025-04-01,RY5,NHS ENGLAND MIDLANDS ,LINCOLNSHIRE COMMUNITY HEALTH SERVICES NHS TRUST,0,0,8540,0,0,0,0,0,187,0,0,0,0,0,0,0,0,0,8540,187,97.81,0
2025-04-01,RY8,NHS ENGLAND MIDLANDS ,DERBYSHIRE COMMUNITY HEALTH SERVICES NHS FOUNDATION TRUST,0,0,8013,0,0,1716,0,0,168,0,0,7,0,0,0,0,0,0,8013,168,97.9,0
2025-04-01,A5D4Q,NHS ENGLAND MIDLANDS ,NEMS UTC,0,0,3399,0,0,0,0,0,777,0,0,0,0,0,0,0,0,0,3399,777,77.14,1
2025-04-01,NTP11,NHS ENGLAND SOUTH EAST ,PRACTICE PLUS GROUP HOSPITAL - SOUTHAMPTON,0,0,5503,0,0,0,0,0,54,0,0,0,0,0,0,0,0,0,5503,54,99.02,0
2025-04-01,R0A,NHS ENGLAND NORTH WEST ,MANCHESTER UNIVERSITY NHS FOUNDATION TRUST,24296,2948,11474,3405,483,1068,10628,113,633,1355,42,104,3597,101,5679,101,151,402,38718,11374,70.62,1
2025-04-01,R0B,NHS ENGLAND NORTH EAST AND YORKSHIRE ,SOUTH TYNESIDE AND SUNDERLAND NHS FOUNDATION TRUST,11042,1210,6082,811,0,1669,5342,16,161,400,0,59,814,15,4246,14,0,1543,18334,5519,69.9,1
2025-04-01,R0D,NHS ENGLAND SOUTH WEST ,UNIVERSITY HOSPITALS DORSET NHS FOUNDATION TRUST,13652,0,5432,0,0,0,5603,0,0,0,0,0,902,185,4326,1,0,2373,19084,5603,70.64,1
2025-04-01,RA7,NHS ENGLAND SOUTH WEST ,UNIVERSITY HOSPITALS BRISTOL AND WESTON NHS FOUNDATION TRUST,14960,2424,0,0,0,0,5377,222,0,0,0,0,1107,486,4948,11,0,1467,17384,5599,67.79,1
2025-04-01,RAS,NHS ENGLAND LONDON,THE HILLINGDON HOSPITALS NHS FOUNDATION TRUST,5926,0,6844,0,0,0,3174,0,49,0,0,0,583,78,1786,0,0,53,12770,3223,74.76,1
2025-04-01,RBK,NHS ENGLAND MIDLANDS ,WALSALL HEALTHCARE NHS TRUST,9005,0,4288,43,0,149,3149,0,101,10,0,0,987,238,3735,0,0,732,13293,3250,75.55,1
2025-04-01,RBS,NHS ENGLAND NORTH WEST ,ALDER HEY CHILDREN'S NHS FOUNDATION TRUST,5674,0,0,0,0,0,804,0,0,0,0,0,1,0,812,0,0,288,5674,804,85.83,1
2025-04-01,RC9,NHS ENGLAND EAST OF ENGLAND ,BEDFORDSHIRE HOSPITALS NHS FOUNDATION TRUST,16149,0,7907,0,0,903,6626,0,0,0,0,0,80,4,4633,0,0,2022,24056,6626,72.46,1
2025-04-01,RCF,NHS ENGLAND NORTH EAST AND YORKSHIRE ,AIREDALE NHS FOUNDATION TRUST,5994,219,0,516,0,0,2246,0,0,0,0,0,381,116,1577,0,0,474,6213,2246,63.85,1
2025-04-01,RH8,NHS ENGLAND SOUTH WEST ,ROYAL DEVON UNIVERSITY HEALTHCARE NHS FOUNDATION TRUST,12301,0,4080,1181,0,82,4983,0,6,408,0,0,932,214,3610,0,0,1827,16381,4989,69.54,1
2025-04-01,RJL,NHS ENGLAND NORTH EAST AND YORKSHIRE ,NORTHERN LINCOLNSHIRE AND GOOLE NHS FOUNDATION TRUST,9087,0,7047,0,0,417,4947,0,82,0,0,3,654,800,4810,0,0,380,16134,5029,68.83,1
2025-04-01,RL4,NHS ENGLAND MIDLANDS ,THE ROYAL WOLVERHAMPTON NHS TRUST,12293,0,8309,155,0,793,3523,0,192,32,0,2,989,244,5725,0,0,920,20602,3715,81.97,1
2025-04-01,RMP,NHS ENGLAND NORTH WEST ,TAMESIDE AND GLOSSOP INTEGRATED CARE NHS FOUNDATION TRUST,8544,0,2878,366,0,86,3997,0,17,0,0,0,574,368,1553,0,0,245,11422,4014,64.86,1
2025-04-01,RN3,NHS ENGLAND SOUTH WEST ,GREAT WESTERN HOSPITALS NHS FOUNDATION TRUST,5552,0,5481,0,0,0,2911,0,443,0,0,0,540,342,2340,0,0,1317,11033,3354,69.6,1
2025-04-01,RNA,NHS ENGLAND MIDLANDS ,THE DUDLEY GROUP NHS FOUNDATION TRUST,9578,0,4106,0,0,648,3362,0,120,0,0,0,1921,145,3450,0,0,2477,13684,3482,74.55,1
2025-04-01,RNQ,NHS ENGLAND MIDLANDS ,KETTERING GENERAL HOSPITAL NHS FOUNDATION TRUST,9774,0,8433,330,0,0,3753,0,125,0,0,0,562,815,1940,0,0,237,18207,3878,78.7,1
2025-04-01,RQW,NHS ENGLAND EAST OF ENGLAND ,THE PRINCESS ALEXANDRA HOSPITAL NHS TRUST,7467,0,1919,0,0,639,3194,0,0,0,0,0,379,87,1752,0,0,296,9386,3194,65.97,1
2025-04-01,RRV,NHS ENGLAND LONDON,UNIVERSITY COLLEGE LONDON HOSPITALS NHS FOUNDATION TRUST,12998,0,0,428,0,0,3829,0,0,0,0,0,427,126,1377,0,0,292,12998,3829,70.54,1
2025-04-01,RTH,NHS ENGLAND SOUTH EAST ,OXFORD UNIVERSITY HOSPITALS NHS FOUNDATION TRUST,12200,1834,3436,1725,0,95,4243,0,2,479,0,0,650,0,4719,123,15,4345,17470,4245,75.7,1
2025-04-01,RTQ,NHS ENGLAND SOUTH WEST ,GLOUCESTERSHIRE HEALTH AND CARE NHS FOUNDATION TRUST,0,0,8409,0,0,0,0,0,170,0,0,0,0,0,0,0,0,26,8409,170,97.98,0
2025-04-01,RTX,NHS ENGLAND NORTH WEST ,UNIVERSITY HOSPITALS OF MORECAMBE BAY NHS FOUNDATION TRUST,9021,0,2983,160,0,1438,3380,0,60,19,0,22,658,443,3036,0,18,958,12004,3440,71.34,1
2025-04-01,RXQ,NHS ENGLAND SOUTH EAST ,BUCKINGHAMSHIRE HEALTHCARE NHS TRUST,10175,1161,3428,0,0,0,2970,0,64,0,0,0,245,212,3902,852,0,2161,14764,3034,79.45,1
2025-04-01,NNF09,NHS ENGLAND NORTH EAST AND YORKSHIRE ,BRANSHOLME HEALTH CENTRE,0,0,3556,0,0,0,0,0,584,0,0,0,0,0,0,0,0,0,3556,584,83.58,1
2025-04-01,NNF16,NHS ENGLAND NORTH EAST AND YORKSHIRE ,BRIDLINGTON HOSPITAL,0,0,1586,0,0,0,0,0,61,0,0,0,0,0,0,0,0,0,1586,61,96.15,0
2025-04-01,NNF94,NHS ENGLAND NORTH EAST AND YORKSHIRE ,EAST RIDING COMMUNITY HOSPITAL,0,0,3043,0,0,0,0,0,231,0,0,0,0,0,0,0,0,0,3043,231,92.41,1
2025-04-01,NNFA7,NHS ENGLAND NORTH EAST AND YORKSHIRE ,GOOLE & DISTRICT HOSPITAL,0,0,1675,0,0,0,0,0,7,0,0,0,0,0,0,0,0,0,1675,7,99.58,0
2025-04-01,R1K,NHS ENGLAND LONDON,LONDON NORTH WEST UNIVERSITY HEALTHCARE NHS TRUST,13592,0,14950,0,0,0,6467,0,195,0,0,0,666,385,6511,0,0,354,28542,6662,76.66,1
2025-04-01,RAE,NHS ENGLAND NORTH EAST AND YORKSHIRE ,BRADFORD TEACHING HOSPITALS NHS FOUNDATION TRUST,8991,988,3331,0,0,0,2270,0,0,0,0,0,648,71,2535,0,17,1328,13310,2270,82.95,1
2025-04-01,RAJ,NHS ENGLAND EAST OF ENGLAND ,MID AND SOUTH ESSEX NHS FOUNDATION TRUST,29676,0,3801,21,0,14,10890,0,181,8,0,0,2531,640,7645,0,101,1297,33477,11071,66.93,1
2025-04-01,RAL,NHS ENGLAND LONDON,ROYAL FREE LONDON NHS FOUNDATION TRUST,24636,510,15931,180,0,206,9696,12,997,89,0,31,1192,1792,4823,0,49,751,41077,10705,73.94,1
2025-04-01,RBN,NHS ENGLAND NORTH WEST ,MERSEY AND WEST LANCASHIRE TEACHING HOSPITALS NHS TRUST,16848,0,7163,321,0,0,5987,0,140,47,0,0,490,349,7715,0,0,661,24011,6127,74.48,1
2025-04-01,RCB,NHS ENGLAND NORTH EAST AND YORKSHIRE ,YORK AND SCARBOROUGH TEACHING HOSPITALS NHS FOUNDATION TRUST,10390,362,6987,0,0,0,6046,0,384,0,0,0,852,628,4621,0,0,1457,17739,6430,63.75,1
2025-04-01,RD8,NHS ENGLAND EAST OF ENGLAND ,MILTON KEYNES UNIVERSITY HOSPITAL NHS FOUNDATION TRUST,7762,0,4994,775,0,164,2374,0,71,256,0,0,478,0,2274,0,0,475,12756,2445,80.83,1
2025-04-01,RDU,NHS ENGLAND SOUTH EAST ,FRIMLEY HEALTH NHS FOUNDATION TRUST,21751,900,11461,0,0,0,9653,0,300,0,0,0,1563,129,6093,0,0,154,34112,9953,70.82,1
2025-04-01,REP,NHS ENGLAND NORTH WEST ,LIVERPOOL WOMEN'S NHS FOUNDATION TRUST,0,1416,0,0,119,0,0,168,0,0,0,0,0,0,0,116,0,11,1416,168,88.14,1
2025-04-01,RFR,NHS ENGLAND NORTH EAST AND YORKSHIRE ,THE ROTHERHAM NHS FOUNDATION TRUST,8977,0,0,0,0,0,2806,0,0,0,0,0,525,3,1979,0,0,161,8977,2806,68.74,1
2025-04-01,RH5,NHS ENGLAND SOUTH WEST ,SOMERSET NHS FOUNDATION TRUST,12443,0,9709,0,0,0,6110,0,246,0,0,0,676,175,3041,0,0,1792,22152,6356,71.31,1
2025-04-01,RHM,NHS ENGLAND SOUTH EAST ,UNIVERSITY HOSPITAL SOUTHAMPTON NHS FOUNDATION TRUST,11577,1309,0,12,0,0,4553,137,0,1,0,0,628,10,3745,13,0,1578,12886,4690,63.6,1
2025-04-01,RHQ,NHS ENGLAND NORTH EAST AND YORKSHIRE ,SHEFFIELD TEACHING HOSPITALS NHS FOUNDATION TRUST,8806,1090,6881,431,4,1454,4677,2,289,207,0,16,1157,4,3480,0,0,3050,16777,4968,70.39,1
2025-04-01,RJ1,NHS ENGLAND LONDON,GUY'S AND ST THOMAS' NHS FOUNDATION TRUST,9921,711,6810,0,0,0,3744,40,182,0,0,0,98,64,2054,0,0,247,17442,3966,77.26,1
2025-04-01,C83023,NHS ENGLAND MIDLANDS ,SLEAFORD MEDICAL GROUP,0,0,480,0,0,0,0,0,0,0,0,0,0,0,0,0,0,0,480,0,100.0,0
2025-04-01,NR3,NHS ENGLAND MIDLANDS ,NOTTINGHAM CITYCARE PARTNERSHIP,0,0,4992,0,0,259,0,0,580,0,0,2,0,0,0,0,0,0,4992,580,88.38,1
2025-04-01,R1D,NHS ENGLAND MIDLANDS ,SHROPSHIRE COMMUNITY HEALTH NHS TRUST,0,0,3041,0,0,0,0,0,5,0,0,0,0,0,0,0,0,0,3041,5,99.84,0
2025-04-01,R1F,NHS ENGLAND SOUTH EAST ,ISLE OF WIGHT NHS TRUST,4279,312,1558,22,0,15,1845,0,0,4,0,0,317,132,1349,0,0,100,6149,1845,70.0,1
2025-04-01,RA2,NHS ENGLAND SOUTH EAST ,ROYAL SURREY COUNTY HOSPITAL NHS FOUNDATION TRUST,6632,0,1551,765,0,8,2022,0,0,166,0,0,261,1,2469,0,0,1045,8183,2022,75.29,1
2025-04-01,RD1,NHS ENGLAND SOUTH WEST ,ROYAL UNITED HOSPITALS BATH NHS FOUNDATION TRUST,8660,0,0,0,0,0,3622,0,0,0,0,0,778,120,2565,0,14,1775,8660,3622,58.18,1
2025-04-01,RDE,NHS ENGLAND EAST OF ENGLAND ,EAST SUFFOLK AND NORTH ESSEX NHS FOUNDATION TRUST,11291,0,13576,1246,0,667,5453,0,329,0,0,0,1139,589,6146,0,418,1074,24867,5782,76.75,1
2025-04-01,RDR,NHS ENGLAND SOUTH EAST ,SUSSEX COMMUNITY NHS FOUNDATION TRUST,0,0,11779,0,0,0,0,0,132,0,0,0,0,0,0,0,0,0,11779,132,98.88,0
2025-04-01,REF,NHS ENGLAND SOUTH WEST ,ROYAL CORNWALL HOSPITALS NHS TRUST,6767,0,12428,0,0,0,3415,0,567,0,0,0,777,457,2573,0,43,1090,19195,3982,79.26,1
2025-04-01,REM,NHS ENGLAND NORTH WEST ,LIVERPOOL UNIVERSITY HOSPITALS NHS FOUNDATION TRUST,15728,1701,7763,446,0,0,8092,105,173,76,0,0,1799,818,4601,0,0,2294,25192,8370,66.78,1
2025-04-01,RF4,NHS ENGLAND LONDON,"BARKING, HAVERING AND REDBRIDGE UNIVERSITY HOSPITALS NHS TRUST",13402,2255,14066,0,0,0,5899,297,197,0,0,0,713,795,8133,0,0,407,29723,6393,78.49,1
2025-04-01,RJ2,NHS ENGLAND LONDON,LEWISHAM AND GREENWICH NHS TRUST,15481,0,9128,0,0,0,8235,0,265,0,0,0,1279,778,4395,0,0,701,24609,8500,65.46,1
2025-04-01,RJE,NHS ENGLAND MIDLANDS ,UNIVERSITY HOSPITALS OF NORTH MIDLANDS NHS TRUST,13944,514,8487,706,0,629,7686,0,239,366,0,30,1119,930,4940,0,0,1772,22945,7925,65.46,1
2025-04-01,RK5,NHS ENGLAND MIDLANDS ,SHERWOOD FOREST HOSPITALS NHS FOUNDATION TRUST,10304,0,5724,381,0,143,3312,0,306,135,0,2,476,105,3523,0,0,226,16028,3618,77.43,1
2025-04-01,RKB,NHS ENGLAND MIDLANDS ,UNIVERSITY HOSPITALS COVENTRY AND WARWICKSHIRE NHS TRUST,11718,1465,6014,0,0,0,4898,154,175,0,0,0,70,29,1447,38,34,394,19197,5227,72.77,1
2025-04-01,RLT,NHS ENGLAND MIDLANDS ,GEORGE ELIOT HOSPITAL NHS TRUST,6867,0,1611,0,0,0,2312,0,23,0,0,0,401,307,1074,0,0,0,8478,2335,72.46,1
2025-04-01,RN7,NHS ENGLAND SOUTH EAST ,DARTFORD AND GRAVESHAM NHS TRUST,11082,0,4063,0,0,0,3911,0,22,0,0,0,458,525,3080,0,0,417,15145,3933,74.03,1
2025-04-01,RNS,NHS ENGLAND MIDLANDS ,NORTHAMPTON GENERAL HOSPITAL NHS TRUST,9964,536,2168,0,0,0,4211,9,88,0,0,0,712,667,2353,0,0,856,12668,4308,65.99,1
2025-04-01,RNU,NHS ENGLAND SOUTH EAST ,OXFORD HEALTH NHS FOUNDATION TRUST,0,0,4227,0,0,0,0,0,292,0,0,0,0,0,0,0,0,0,4227,292,93.09,1
2025-04-01,RNZ,NHS ENGLAND SOUTH WEST ,SALISBURY NHS FOUNDATION TRUST,4720,298,1878,174,0,0,2075,0,0,104,0,0,477,57,1263,0,0,1014,6896,2075,69.91,1
2025-04-01,RQ3,NHS ENGLAND MIDLANDS ,BIRMINGHAM WOMEN'S AND CHILDREN'S NHS FOUNDATION TRUST,4837,0,0,0,0,0,479,0,0,0,0,0,1,1,1033,0,0,183,4837,479,90.1,1
2025-04-01,RQM,NHS ENGLAND LONDON,CHELSEA AND WESTMINSTER HOSPITAL NHS FOUNDATION TRUST,18876,0,6084,629,0,0,4578,0,75,0,0,0,572,49,2771,0,0,286,24960,4653,81.36,1
2025-04-01,RR8,NHS ENGLAND NORTH EAST AND YORKSHIRE ,LEEDS TEACHING HOSPITALS NHS TRUST,17114,676,12040,63,0,315,6974,0,234,19,0,0,1740,275,3678,0,0,1131,29830,7208,75.84,1
2025-04-01,RRF,NHS ENGLAND NORTH WEST ,"WRIGHTINGTON, WIGAN AND LEIGH NHS FOUNDATION TRUST",6430,0,5708,0,0,0,3394,0,75,0,0,0,1095,444,2121,0,0,568,12138,3469,71.42,1
2025-04-01,RTE,NHS ENGLAND SOUTH WEST ,GLOUCESTERSHIRE HOSPITALS NHS FOUNDATION TRUST,13095,0,0,263,0,0,5171,0,0,65,0,0,412,461,2888,0,0,2374,13095,5171,60.51,1
2025-04-01,RTF,NHS ENGLAND NORTH EAST AND YORKSHIRE ,NORTHUMBRIA HEALTHCARE NHS FOUNDATION TRUST,9960,0,13376,0,0,0,2557,0,9,0,0,0,61,0,3988,0,16,438,23336,2566,89.0,1
2025-04-01,RTK,NHS ENGLAND SOUTH EAST ,ASHFORD AND ST PETER'S HOSPITALS NHS FOUNDATION TRUST,6744,0,8207,0,0,0,3640,0,149,0,0,0,548,183,2772,0,0,606,14951,3789,74.66,1
2025-04-01,RVJ,NHS ENGLAND SOUTH WEST ,NORTH BRISTOL NHS TRUST,8866,0,0,9,0,0,3494,0,0,2,0,0,606,299,2589,0,0,2153,8866,3494,60.59,1
2025-04-01,RVV,NHS ENGLAND SOUTH EAST ,EAST KENT HOSPITALS UNIVERSITY NHS FOUNDATION TRUST,12301,0,12385,0,0,0,5640,0,243,0,0,0,449,1256,2847,0,593,501,24686,5883,76.17,1
2025-04-01,RVW,NHS ENGLAND NORTH EAST AND YORKSHIRE ,NORTH TEES AND HARTLEPOOL NHS FOUNDATION TRUST,5058,0,11581,0,0,0,2734,0,47,0,0,0,196,10,1796,0,542,2270,16639,2781,83.29,1
2025-04-01,RWA,NHS ENGLAND NORTH EAST AND YORKSHIRE ,HULL UNIVERSITY TEACHING HOSPITALS NHS TRUST,9122,0,4645,0,0,0,5265,0,745,0,0,0,1037,506,3636,0,0,2226,13767,6010,56.34,1
2025-04-01,RWD,NHS ENGLAND MIDLANDS ,UNITED LINCOLNSHIRE TEACHING HOSPITALS NHS TRUST,16201,0,3803,0,0,0,5913,0,487,0,0,0,998,969,4664,0,0,1061,20004,6400,68.01,1
2025-04-01,RWE,NHS ENGLAND MIDLANDS ,UNIVERSITY HOSPITALS OF LEICESTER NHS TRUST,21293,1911,0,0,0,0,9211,135,0,0,0,0,1390,724,6126,4,0,3304,23204,9346,59.72,1
2025-04-01,RWG,NHS ENGLAND EAST OF ENGLAND ,WEST HERTFORDSHIRE TEACHING HOSPITALS NHS TRUST,8283,0,7118,0,0,802,2522,0,15,0,0,0,699,30,4306,0,0,541,15401,2537,83.53,1
2025-04-01,RWH,NHS ENGLAND EAST OF ENGLAND ,EAST AND NORTH HERTFORDSHIRE NHS TRUST,8663,0,8440,1,0,1,4563,0,32,0,0,0,127,116,2793,0,7,246,17103,4595,73.13,1
2025-04-01,RWJ,NHS ENGLAND NORTH WEST ,STOCKPORT NHS FOUNDATION TRUST,7518,0,1027,318,0,1273,3016,0,63,131,0,1,645,364,2477,0,64,746,8545,3079,63.97,1
2025-04-01,RWW,NHS ENGLAND NORTH WEST ,WARRINGTON AND HALTON TEACHING HOSPITALS NHS FOUNDATION TRUST,6929,0,3240,268,0,110,3541,0,86,91,0,0,762,663,1798,0,0,119,10169,3627,64.33,1
2025-04-01,RXC,NHS ENGLAND SOUTH EAST ,EAST SUSSEX HEALTHCARE NHS TRUST,7497,0,2991,2294,0,1557,3155,0,66,0,0,0,191,7,3074,0,0,499,10488,3221,69.29,1
2025-04-01,RXL,NHS ENGLAND NORTH WEST ,BLACKPOOL TEACHING HOSPITALS NHS FOUNDATION TRUST,8750,0,10410,419,0,437,4228,0,53,136,0,0,473,539,2721,0,0,1695,19160,4281,77.66,1
2025-04-01,RXP,NHS ENGLAND NORTH EAST AND YORKSHIRE ,COUNTY DURHAM AND DARLINGTON NHS FOUNDATION TRUST,12948,0,4225,0,0,8010,5194,0,0,0,0,0,1927,12,4385,0,0,727,17173,5194,69.75,1
2025-04-01,RXW,NHS ENGLAND MIDLANDS ,THE SHREWSBURY AND TELFORD HOSPITAL NHS TRUST,10930,0,2321,0,0,0,6438,0,589,0,0,0,327,1362,2992,0,150,1988,13251,7027,46.97,1
2025-04-01,RYF,NHS ENGLAND SOUTH WEST ,SOUTH WESTERN AMBULANCE SERVICE NHS FOUNDATION TRUST,0,0,1900,0,0,5,0,0,25,0,0,1,0,0,0,0,0,0,1900,25,98.68,0
2025-04-01,RYJ,NHS ENGLAND LONDON,IMPERIAL COLLEGE HEALTHCARE NHS TRUST,11832,4034,6919,0,0,364,5046,45,654,0,0,0,680,390,3635,1,0,1130,22785,5745,74.79,1
2025-04-01,RYR,NHS ENGLAND SOUTH EAST ,UNIVERSITY HOSPITALS SUSSEX NHS FOUNDATION TRUST,25328,1459,2041,1999,0,629,9316,31,269,524,0,2,832,723,8483,41,78,1522,28828,9616,66.64,1
2025-04-01,R1H,NHS ENGLAND LONDON,BARTS HEALTH NHS TRUST,25265,882,18255,0,0,0,11668,34,1609,0,0,0,1215,1148,4382,1,38,1213,44402,13311,70.02,1
2025-04-01,RBL,NHS ENGLAND NORTH WEST ,WIRRAL UNIVERSITY TEACHING HOSPITAL NHS FOUNDATION TRUST,7388,0,2994,0,0,163,3758,0,128,0,0,5,469,783,2189,0,0,1636,10382,3886,62.57,1
2025-04-01,RGT,NHS ENGLAND EAST OF ENGLAND ,CAMBRIDGE UNIVERSITY HOSPITALS NHS FOUNDATION TRUST,10171,0,5676,242,0,290,4127,0,94,63,0,7,498,242,2766,0,33,476,15847,4221,73.36,1
2025-04-01,RJ7,NHS ENGLAND LONDON,ST GEORGE'S UNIVERSITY HOSPITALS NHS FOUNDATION TRUST,8495,0,3443,581,0,0,1972,0,0,67,0,0,397,834,2673,0,0,981,11938,1972,83.48,1
2025-04-01,RM1,NHS ENGLAND EAST OF ENGLAND ,NORFOLK AND NORWICH UNIVERSITY HOSPITALS NHS FOUNDATION TRUST,12259,0,8063,0,0,0,4018,0,5,0,0,0,994,246,2516,0,0,1559,20322,4023,80.2,1
2025-04-01,RN5,NHS ENGLAND SOUTH EAST ,HAMPSHIRE HOSPITALS NHS FOUNDATION TRUST,10837,95,3296,0,0,111,4897,0,103,0,0,0,261,54,3993,8,49,1282,14228,5000,64.86,1
2025-04-01,RVR,NHS ENGLAND LONDON,EPSOM AND ST HELIER UNIVERSITY HOSPITALS NHS TRUST,10804,283,1568,395,1,37,3246,0,123,46,0,3,266,700,1870,2,0,150,12655,3369,73.38,1
2025-04-01,RMC,NHS ENGLAND NORTH WEST ,BOLTON NHS FOUNDATION TRUST,7889,0,3897,81,0,57,3771,0,210,33,0,1,551,488,2448,0,105,921,11786,3981,66.22,1
2025-04-01,RYX,NHS ENGLAND LONDON,CENTRAL LONDON COMMUNITY HEALTHCARE NHS TRUST,0,0,12442,0,0,489,0,0,375,0,0,16,0,0,0,0,0,0,12442,375,96.99,0
2025-04-01,Y02676,NHS ENGLAND SOUTH EAST ,BRIGHTON STATION HEALTH CENTRE,0,0,2001,0,0,0,0,0,0,0,0,0,0,0,0,0,0,0,2001,0,100.0,0
2025-04-01,RP5,NHS ENGLAND NORTH EAST AND YORKSHIRE ,DONCASTER AND BASSETLAW TEACHING HOSPITALS NHS FOUNDATION TRUST,13769,0,4221,0,0,0,4725,0,33,0,0,0,1050,65,3965,0,466,1006,17990,4758,73.55,1
2025-04-01,RTG,NHS ENGLAND MIDLANDS ,UNIVERSITY HOSPITALS OF DERBY AND BURTON NHS FOUNDATION TRUST,18237,0,9226,3934,0,29,8556,0,10,425,0,0,1219,386,4268,0,0,1752,27463,8566,68.81,1
2025-04-01,RWX,NHS ENGLAND SOUTH EAST ,BERKSHIRE HEALTHCARE NHS FOUNDATION TRUST,0,0,1472,0,0,0,0,0,10,0,0,0,0,0,0,0,32,0,1472,10,99.32,0
2025-04-01,NNJ07,NHS ENGLAND MIDLANDS ,LOUGHBOROUGH URGENT CARE CENTRE,0,0,5168,0,0,2470,0,0,24,0,0,1,0,0,0,0,0,0,5168,24,99.54,0
2025-04-01,NNJ0H,NHS ENGLAND MIDLANDS ,LLR EA - THE MERLYN VAZ HEALTH & SOCIAL CARE CENTRE,0,0,164,0,0,2209,0,0,0,0,0,1,0,0,0,0,0,0,164,0,100.0,0
2025-04-01,NNJ12,NHS ENGLAND MIDLANDS ,MARKET HARBOROUGH,0,0,112,0,0,454,0,0,0,0,0,0,0,0,0,0,0,0,112,0,100.0,0
2025-04-01,NNJ13,NHS ENGLAND MIDLANDS ,MELTON MOWBRAY,0,0,64,0,0,400,0,0,0,0,0,0,0,0,0,0,0,0,64,0,100.0,0
2025-04-01,NNJ14,NHS ENGLAND MIDLANDS ,OADBY,0,0,561,0,0,2245,0,0,0,0,0,0,0,0,0,0,0,0,561,0,100.0,0
2025-04-01,NNJ15,NHS ENGLAND MIDLANDS ,OAKHAM,0,0,75,0,0,385,0,0,0,0,0,0,0,0,0,0,0,0,75,0,100.0,0
2025-04-01,NNJ,NHS ENGLAND MIDLANDS ,DHU HEALTH CARE C.I.C,0,0,1994,0,0,0,0,0,0,0,0,0,0,0,0,0,0,0,1994,0,100.0,0
2025-04-01,RHU,NHS ENGLAND SOUTH EAST ,PORTSMOUTH HOSPITALS UNIVERSITY NHS TRUST,9902,886,3041,1625,0,881,4250,14,170,454,0,11,1009,503,2958,0,0,2668,13829,4434,67.94,1
2025-04-01,RM3,NHS ENGLAND NORTH WEST ,NORTHERN CARE ALLIANCE NHS FOUNDATION TRUST,25192,0,8446,0,0,0,10385,0,403,0,0,0,1013,1222,6949,0,315,2182,33638,10788,67.93,1
2025-04-01,RXN,NHS ENGLAND NORTH WEST ,LANCASHIRE TEACHING HOSPITALS NHS FOUNDATION TRUST,11684,0,3459,255,0,151,4328,0,194,51,0,2,948,435,2649,0,87,1264,15143,4522,70.14,1
2025-04-01,RHW,NHS ENGLAND SOUTH EAST ,ROYAL BERKSHIRE NHS FOUNDATION TRUST,10298,2462,2087,1217,19,0,4206,33,0,381,0,0,672,25,2214,1,0,460,14847,4239,71.45,1
2025-04-01,RRK,NHS ENGLAND MIDLANDS ,UNIVERSITY HOSPITALS BIRMINGHAM NHS FOUNDATION TRUST,34366,326,1862,0,0,240,14652,0,87,0,0,10,2801,2096,10574,0,0,6523,36554,14739,59.68,1
2025-04-01,RFS,NHS ENGLAND MIDLANDS ,CHESTERFIELD ROYAL HOSPITAL NHS FOUNDATION TRUST,6703,0,6382,263,0,145,3410,0,376,122,0,22,873,139,2309,0,106,294,13085,3786,71.07,1
2025-04-01,RBT,NHS ENGLAND NORTH WEST ,MID CHESHIRE HOSPITALS NHS FOUNDATION TRUST,6945,0,2890,0,0,119,4074,0,53,0,0,6,594,492,2047,0,0,1286,9835,4127,58.04,1
2025-04-01,AD913,NHS ENGLAND LONDON,BECKENHAM BEACON UCC,0,0,3736,0,0,264,0,0,49,0,0,0,0,0,0,0,0,0,3736,49,98.69,0
2025-04-01,RTD,NHS ENGLAND NORTH EAST AND YORKSHIRE ,THE NEWCASTLE UPON TYNE HOSPITALS NHS FOUNDATION TRUST,11926,1645,6352,0,0,1051,4751,192,0,0,0,0,738,85,3648,24,0,2898,19923,4943,75.19,1
2025-08-01,AQN04,NHS ENGLAND SOUTH EAST ,PHL LYMINGTON UTC,0,0,3395,0,0,6,0,0,50,0,0,0,0,0,0,0,0,0,3395,50,98.53,0
2025-08-01,Y02676,NHS ENGLAND SOUTH EAST ,BRIGHTON STATION HEALTH CENTRE,0,0,1869,0,0,0,0,0,0,0,0,0,0,0,0,0,0,0,1869,0,100.0,0
2025-08-01,DJV01,NHS ENGLAND SOUTH EAST ,HERNE BAY HEALTH CARE LTD,0,0,2531,0,0,0,0,0,0,0,0,0,0,0,0,0,0,0,2531,0,100.0,0
2025-08-01,NL7,NHS ENGLAND MIDLANDS ,ASSURA VERTIS URGENT CARE CENTRES (BIRMINGHAM),0,0,3085,0,0,0,0,0,0,0,0,0,0,0,0,0,0,0,3085,0,100.0,0
2025-08-01,NQT51,NHS ENGLAND SOUTH EAST ,STATION PLAZA HEALTH CENTRE,0,0,1089,0,0,0,0,0,0,0,0,0,0,0,0,0,0,0,1089,0,100.0,0
2025-08-01,NQTE4,NHS ENGLAND MIDLANDS ,SUMMERFIELD URGENT CARE CENTRE,0,0,2916,0,0,0,0,0,0,0,0,0,0,0,0,0,0,0,2916,0,100.0,0
2025-08-01,NTV0B,NHS ENGLAND SOUTH EAST ,ASHFORD WALK-IN-CENTRE,0,0,2325,0,0,0,0,0,23,0,0,0,0,0,0,0,0,0,2325,23,99.01,0
2025-08-01,NTV0W,NHS ENGLAND SOUTH EAST ,WOKING WALK IN CENTRE,0,0,2325,0,0,0,0,0,23,0,0,0,0,0,0,0,0,0,2325,23,99.01,0
2025-08-01,RCD,NHS ENGLAND NORTH EAST AND YORKSHIRE ,HARROGATE AND DISTRICT NHS FOUNDATION TRUST,5031,0,1100,377,0,27,1103,0,0,65,0,0,95,0,1141,0,0,246,6131,1103,82.01,1
2025-08-01,RWY,NHS ENGLAND NORTH EAST AND YORKSHIRE ,CALDERDALE AND HUDDERSFIELD NHS FOUNDATION TRUST,15446,0,0,0,0,0,2708,0,0,0,0,0,846,16,2816,0,0,174,15446,2708,82.47,1
2025-08-01,Y02532,NHS ENGLAND NORTH WEST ,MIRIAM MINOR EMERGENCY,0,0,1643,0,0,0,0,0,2,0,0,0,0,0,0,0,0,0,1643,2,99.88,0
2025-08-01,Y02615,NHS ENGLAND MIDLANDS ,SOUTH BIRMINGHAM GP WALK IN CENTRE,0,0,5641,0,0,0,0,0,0,0,0,0,0,0,0,0,0,0,5641,0,100.0,0
2025-08-01,AAH,NHS ENGLAND SOUTH WEST ,TETBURY HOSPITAL TRUST LTD,0,0,482,0,0,0,0,0,0,0,0,0,0,0,0,0,0,0,482,0,100.0,0
2025-08-01,RPA,NHS ENGLAND SOUTH EAST ,MEDWAY NHS FOUNDATION TRUST,9278,0,5843,330,0,935,3599,0,689,89,0,0,334,696,1723,0,0,479,15121,4288,71.64,1
2025-08-01,RTP,NHS ENGLAND SOUTH EAST ,SURREY AND SUSSEX HEALTHCARE NHS TRUST,10052,0,0,0,0,0,3904,0,0,0,0,0,552,538,2964,0,0,883,10052,3904,61.16,1
2025-08-01,RW1,NHS ENGLAND SOUTH EAST ,HAMPSHIRE AND ISLE OF WIGHT HEALTHCARE NHS FOUNDATION TRUST,0,0,2986,0,0,0,0,0,65,0,0,0,0,0,0,0,3,110,2986,65,97.82,0
2025-08-01,RYY,NHS ENGLAND SOUTH EAST ,KENT COMMUNITY HEALTH NHS FOUNDATION TRUST,0,0,6264,0,0,0,0,0,21,0,0,0,0,0,0,0,0,0,6264,21,99.66,0
2025-08-01,Y03218,NHS ENGLAND LONDON,THE PINN UNREGISTERED WIC,0,0,998,0,0,0,0,0,0,0,0,0,0,0,0,0,0,0,998,0,100.0,0
2025-08-01,DT301,NHS ENGLAND EAST OF ENGLAND ,HERTS URGENT CARE (ASCOTS LANE),0,0,2050,0,0,0,0,0,98,0,0,0,0,0,0,0,0,0,2050,98,95.22,0
2025-08-01,L83087,NHS ENGLAND SOUTH WEST ,OKEHAMPTON MEDICAL CENTRE,0,0,103,0,0,0,0,0,0,0,0,0,0,0,0,0,0,0,103,0,100.0,0
2025-08-01,R0B,NHS ENGLAND NORTH EAST AND YORKSHIRE ,SOUTH TYNESIDE AND SUNDERLAND NHS FOUNDATION TRUST,10927,1182,5708,769,0,1198,5402,52,132,364,0,31,663,4,4241,20,0,1414,17817,5586,68.65,1
2025-08-01,RBS,NHS ENGLAND NORTH WEST ,ALDER HEY CHILDREN'S NHS FOUNDATION TRUST,4303,0,0,0,0,0,424,0,0,0,0,0,0,0,691,0,0,246,4303,424,90.15,1
2025-08-01,RFF,NHS ENGLAND NORTH EAST AND YORKSHIRE ,BARNSLEY HOSPITAL NHS FOUNDATION TRUST,9140,0,0,37,0,0,1992,0,0,0,0,0,260,0,3100,0,0,443,9140,1992,78.21,1
2025-08-01,RGP,NHS ENGLAND EAST OF ENGLAND ,JAMES PAGET UNIVERSITY HOSPITALS NHS FOUNDATION TRUST,7618,0,1350,0,0,0,3025,0,0,0,0,0,521,230,1527,0,0,465,8968,3025,66.27,1
2025-08-01,A5D4Q,NHS ENGLAND MIDLANDS ,NEMS CBS (UTC),0,0,3664,0,0,0,0,0,871,0,0,0,0,0,0,0,0,0,3664,871,76.23,1
2025-08-01,C82009,NHS ENGLAND MIDLANDS ,MARKET HARBOROUGH MED.CTR,0,0,306,0,0,0,0,0,0,0,0,0,0,0,0,0,0,0,306,0,100.0,0
2025-08-01,NTP11,NHS ENGLAND SOUTH EAST ,PRACTICE PLUS GROUP HOSPITAL - SOUTHAMPTON,0,0,5076,0,0,0,0,0,48,0,0,0,0,0,0,0,0,0,5076,48,99.05,0
2025-08-01,RBT,NHS ENGLAND NORTH WEST ,MID CHESHIRE HOSPITALS NHS FOUNDATION TRUST,6896,0,2901,0,0,95,4340,0,16,0,0,0,611,378,2091,0,0,578,9797,4356,55.54,1
2025-08-01,RQ3,NHS ENGLAND MIDLANDS ,BIRMINGHAM WOMEN'S AND CHILDREN'S NHS FOUNDATION TRUST,3491,0,0,0,0,0,155,0,0,0,0,0,7,1,498,0,0,181,3491,155,95.56,0
2025-08-01,RY8,NHS ENGLAND MIDLANDS ,DERBYSHIRE COMMUNITY HEALTH SERVICES NHS FOUNDATION TRUST,0,0,7623,0,0,1406,0,0,226,0,0,18,0,0,0,0,0,0,7623,226,97.04,0
2025-08-01,ACH01,NHS ENGLAND SOUTH EAST ,WHITSTABLE MEDICAL PRACTICE,0,0,4916,0,0,0,0,0,0,0,0,0,0,0,0,0,0,0,4916,0,100.0,0
2025-08-01,RAS,NHS ENGLAND LONDON,THE HILLINGDON HOSPITALS NHS FOUNDATION TRUST,5574,0,6493,0,0,0,2127,0,64,0,0,0,181,8,2226,0,0,77,12067,2191,81.84,1
2025-08-01,RLQ,NHS ENGLAND MIDLANDS ,WYE VALLEY NHS TRUST,5759,1068,201,124,0,0,2318,0,0,28,0,0,454,207,1489,0,0,143,7028,2318,67.02,1
2025-08-01,RNU,NHS ENGLAND SOUTH EAST ,OXFORD HEALTH NHS FOUNDATION TRUST,0,0,4244,0,0,0,0,0,116,0,0,0,0,0,0,0,0,0,4244,116,97.27,0
2025-08-01,RQX,NHS ENGLAND LONDON,HOMERTON HEALTHCARE NHS FOUNDATION TRUST,10343,0,0,0,0,0,1958,0,0,0,0,0,224,35,1707,0,0,312,10343,1958,81.07,1
2025-08-01,RTQ,NHS ENGLAND SOUTH WEST ,GLOUCESTERSHIRE HEALTH AND CARE NHS FOUNDATION TRUST,0,0,8680,0,0,0,0,0,125,0,0,0,0,0,0,0,1,23,8680,125,98.56,0
2025-08-01,Y02147,NHS ENGLAND LONDON,URGENT CARE CENTRE (QMS),0,0,7556,0,0,417,0,0,113,0,0,4,0,0,0,0,0,0,7556,113,98.5,0
2025-08-01,NDJ,NHS ENGLAND SOUTH EAST ,FIRST COMMUNITY HEALTH AND CARE CIC,0,0,2599,0,0,0,0,0,0,0,0,0,0,0,0,0,0,0,2599,0,100.0,0
2025-08-01,NLX,NHS ENGLAND SOUTH WEST ,SIRONA CARE & HEALTH,0,0,8674,0,0,334,0,0,264,0,0,44,0,0,0,0,0,0,8674,264,96.96,0
2025-08-01,NNF09,NHS ENGLAND NORTH EAST AND YORKSHIRE ,BRANSHOLME HEALTH CENTRE,0,0,3507,0,0,0,0,0,262,0,0,0,0,0,0,0,0,0,3507,262,92.53,1
2025-08-01,NNF16,NHS ENGLAND NORTH EAST AND YORKSHIRE ,BRIDLINGTON HOSPITAL,0,0,1732,0,0,0,0,0,73,0,0,0,0,0,0,0,0,0,1732,73,95.79,0
2025-08-01,NNF94,NHS ENGLAND NORTH EAST AND YORKSHIRE ,EAST RIDING COMMUNITY HOSPITAL,0,0,2699,0,0,0,0,0,156,0,0,0,0,0,0,0,0,0,2699,156,94.22,1
2025-08-01,NNFA7,NHS ENGLAND NORTH EAST AND YORKSHIRE ,GOOLE & DISTRICT HOSPITAL,0,0,1554,0,0,0,0,0,7,0,0,0,0,0,0,0,0,0,1554,7,99.55,0
2025-08-01,RA7,NHS ENGLAND SOUTH WEST ,UNIVERSITY HOSPITALS BRISTOL AND WESTON NHS FOUNDATION TRUST,14677,2431,0,0,0,0,5119,131,0,0,0,0,885,188,5027,6,0,1433,17108,5250,69.31,1
2025-08-01,RBD,NHS ENGLAND SOUTH WEST ,DORSET COUNTY HOSPITAL NHS FOUNDATION TRUST,5127,0,0,444,0,4834,1675,0,0,97,0,14,196,44,2060,0,0,464,5127,1675,67.33,1
2025-08-01,RCF,NHS ENGLAND NORTH EAST AND YORKSHIRE ,AIREDALE NHS FOUNDATION TRUST,6036,215,0,632,0,0,2246,0,0,0,0,0,424,61,1635,0,0,467,6251,2246,64.07,1
2025-08-01,REP,NHS ENGLAND NORTH WEST ,LIVERPOOL WOMEN'S NHS FOUNDATION TRUST,0,1396,0,0,0,0,0,121,0,0,0,0,0,0,0,108,0,14,1396,121,91.33,1
2025-08-01,RGR,NHS ENGLAND EAST OF ENGLAND ,WEST SUFFOLK NHS FOUNDATION TRUST,7826,0,649,83,0,0,2231,0,0,0,0,0,438,199,2078,0,0,245,8475,2231,73.68,1
2025-08-01,RK9,NHS ENGLAND SOUTH WEST ,UNIVERSITY HOSPITALS PLYMOUTH NHS TRUST,9265,132,5765,0,0,0,4281,0,95,0,0,0,680,329,2876,0,0,1620,15162,4376,71.14,1
2025-08-01,RKB,NHS ENGLAND MIDLANDS ,UNIVERSITY HOSPITALS COVENTRY AND WARWICKSHIRE NHS TRUST,11743,1548,5448,0,0,0,4495,92,82,0,0,0,74,9,1387,35,33,293,18739,4669,75.08,1
2025-08-01,RMC,NHS ENGLAND NORTH WEST ,BOLTON NHS FOUNDATION TRUST,7488,0,3890,34,0,8,3709,0,318,16,0,2,481,331,2407,0,95,798,11378,4027,64.61,1
2025-08-01,RPC,NHS ENGLAND SOUTH EAST ,QUEEN VICTORIA HOSPITAL NHS FOUNDATION TRUST,0,0,1387,0,0,0,0,0,2,0,0,0,0,0,0,0,3,587,1387,2,99.86,0
2025-08-01,RRV,NHS ENGLAND LONDON,UNIVERSITY COLLEGE LONDON HOSPITALS NHS FOUNDATION TRUST,12926,0,0,340,0,0,3381,0,0,0,0,0,299,72,1451,0,0,241,12926,3381,73.84,1
2025-08-01,RTE,NHS ENGLAND SOUTH WEST ,GLOUCESTERSHIRE HOSPITALS NHS FOUNDATION TRUST,13420,0,0,280,0,0,5301,0,0,55,0,0,439,221,2866,0,0,2626,13420,5301,60.5,1
2025-08-01,RTK,NHS ENGLAND SOUTH EAST ,ASHFORD AND ST PETER'S HOSPITALS NHS FOUNDATION TRUST,6990,0,2820,0,0,0,3499,0,31,0,0,0,535,118,2774,0,0,583,9810,3530,64.02,1
2025-08-01,RYF,NHS ENGLAND SOUTH WEST ,SOUTH WESTERN AMBULANCE SERVICE NHS FOUNDATION TRUST,0,0,1972,0,0,46,0,0,47,0,0,0,0,0,0,0,0,0,1972,47,97.62,0
2025-08-01,Y02428,NHS ENGLAND EAST OF ENGLAND ,PUTNOE WALK IN CENTRE,0,0,2334,0,0,0,0,0,0,0,0,0,0,0,0,0,0,0,2334,0,100.0,0
2025-08-01,AD913,NHS ENGLAND LONDON,BECKENHAM BEACON UCC,0,0,3363,0,0,273,0,0,13,0,0,0,0,0,0,0,0,0,3363,13,99.61,0
2025-08-01,G3P9C,NHS ENGLAND SOUTH WEST ,TROWBRIDGE MINOR INJURIES UNIT,0,0,1058,0,0,0,0,0,7,0,0,0,0,0,0,0,0,0,1058,7,99.34,0
2025-08-01,NQT1I,NHS ENGLAND SOUTH WEST ,CHIPPENHAM COMMUNITY HOSPITAL,0,0,1685,0,0,0,0,0,9,0,0,0,0,0,0,0,0,0,1685,9,99.47,0
2025-08-01,NQT5F,NHS ENGLAND NORTH WEST ,SKELMERSDALE WALK IN CENTRE,0,0,1584,0,0,0,0,0,7,0,0,0,0,0,0,0,0,0,1584,7,99.56,0
2025-08-01,NQT5H,NHS ENGLAND SOUTH WEST ,PAULTON MEMORIAL HOSPITAL,0,0,1148,0,0,0,0,0,2,0,0,0,0,0,0,0,0,0,1148,2,99.83,0
2025-08-01,NR3,NHS ENGLAND MIDLANDS ,NOTTINGHAM CITYCARE PARTNERSHIP,0,0,4694,0,0,240,0,0,231,0,0,0,0,0,0,0,0,0,4694,231,95.08,0
2025-08-01,NV693,NHS ENGLAND NORTH WEST ,ROSSENDALE MIU & OOH,0,0,1018,0,0,0,0,0,0,0,0,0,0,0,0,0,0,0,1018,0,100.0,0
2025-08-01,R0A,NHS ENGLAND NORTH WEST ,MANCHESTER UNIVERSITY NHS FOUNDATION TRUST,23856,2972,10819,3083,584,835,10063,141,284,1165,26,39,2881,69,5813,138,119,431,37647,10488,72.14,1
2025-08-01,R1D,NHS ENGLAND MIDLANDS ,SHROPSHIRE COMMUNITY HEALTH NHS TRUST,0,0,3193,0,0,0,0,0,52,0,0,0,0,0,0,0,0,0,3193,52,98.37,0
2025-08-01,RA2,NHS ENGLAND SOUTH EAST ,ROYAL SURREY COUNTY HOSPITAL NHS FOUNDATION TRUST,6430,0,1629,841,0,26,2023,0,0,201,0,0,376,5,2138,0,0,1118,8059,2023,74.9,1
2025-08-01,RA9,NHS ENGLAND SOUTH WEST ,TORBAY AND SOUTH DEVON NHS FOUNDATION TRUST,6928,0,3552,462,0,213,2700,0,17,172,0,3,179,31,2251,0,0,1115,10480,2717,74.07,1
2025-08-01,RBK,NHS ENGLAND MIDLANDS ,WALSALL HEALTHCARE NHS TRUST,8935,0,4373,14,0,141,2943,0,10,4,0,0,949,117,3528,0,0,786,13308,2953,77.81,1
2025-08-01,RCX,NHS ENGLAND EAST OF ENGLAND ,"THE QUEEN ELIZABETH HOSPITAL, KING'S LYNN, NHS FOUNDATION TRUST",6802,0,1151,0,0,0,3245,0,0,0,0,0,702,124,1882,0,0,282,7953,3245,59.2,1
2025-08-01,RFR,NHS ENGLAND NORTH EAST AND YORKSHIRE ,THE ROTHERHAM NHS FOUNDATION TRUST,8638,0,0,0,0,0,2524,0,0,0,0,0,318,0,2110,0,0,182,8638,2524,70.78,1
2025-08-01,RJ1,NHS ENGLAND LONDON,GUY'S AND ST THOMAS' NHS FOUNDATION TRUST,9878,0,6783,0,0,0,3438,0,168,0,0,0,107,61,1953,0,0,238,16661,3606,78.36,1
2025-08-01,RJL,NHS ENGLAND NORTH EAST AND YORKSHIRE ,NORTHERN LINCOLNSHIRE AND GOOLE NHS FOUNDATION TRUST,9249,0,6912,0,0,443,4275,0,53,0,0,2,653,594,5268,0,0,402,16161,4328,73.22,1
2025-08-01,RJN,NHS ENGLAND NORTH WEST ,EAST CHESHIRE NHS TRUST,4192,0,0,75,0,89,2265,0,0,0,0,0,214,432,743,0,0,155,4192,2265,45.97,1
2025-08-01,RJR,NHS ENGLAND NORTH WEST ,COUNTESS OF CHESTER HOSPITAL NHS FOUNDATION TRUST,5200,0,2249,0,0,0,2523,0,127,0,0,0,763,330,1925,0,0,1092,7449,2650,64.42,1
2025-08-01,RKE,NHS ENGLAND LONDON,WHITTINGTON HEALTH NHS TRUST,8361,0,0,0,0,0,2409,0,0,0,0,0,235,137,1255,0,0,16,8361,2409,71.19,1
2025-08-01,RQW,NHS ENGLAND EAST OF ENGLAND ,THE PRINCESS ALEXANDRA HOSPITAL NHS TRUST,7952,0,1746,0,0,542,2556,0,0,0,0,0,484,195,1908,0,0,237,9698,2556,73.64,1
2025-08-01,RRF,NHS ENGLAND NORTH WEST ,"WRIGHTINGTON, WIGAN AND LEIGH NHS FOUNDATION TRUST",7288,0,4956,0,0,0,2788,0,30,0,0,0,530,260,2532,0,0,603,12244,2818,76.98,1
2025-08-01,RTX,NHS ENGLAND NORTH WEST ,UNIVERSITY HOSPITALS OF MORECAMBE BAY NHS FOUNDATION TRUST,9279,0,3181,173,0,1696,3434,0,78,30,0,23,684,360,3188,0,15,840,12460,3512,71.81,1
2025-08-01,RV9,NHS ENGLAND NORTH EAST AND YORKSHIRE ,HUMBER TEACHING NHS FOUNDATION TRUST,0,0,1210,0,0,83,0,0,7,0,0,0,0,0,0,0,0,0,1210,7,99.42,0
2025-08-01,RWE,NHS ENGLAND MIDLANDS ,UNIVERSITY HOSPITALS OF LEICESTER NHS TRUST,20916,2009,0,0,0,0,8251,197,0,0,0,0,1161,964,6252,7,0,3501,22925,8448,63.15,1
2025-08-01,RWH,NHS ENGLAND EAST OF ENGLAND ,EAST AND NORTH HERTFORDSHIRE NHS TRUST,8370,0,8102,0,0,0,3609,0,42,0,0,0,192,23,2424,0,1,202,16472,3651,77.84,1
2025-08-01,RXK,NHS ENGLAND MIDLANDS ,SANDWELL AND WEST BIRMINGHAM HOSPITALS NHS TRUST,10876,1262,7706,313,0,0,3770,178,133,93,0,0,645,102,2598,0,0,423,19844,4081,79.43,1
2025-08-01,RXL,NHS ENGLAND NORTH WEST ,BLACKPOOL TEACHING HOSPITALS NHS FOUNDATION TRUST,9421,0,10199,461,0,322,4240,0,56,173,0,1,820,262,2845,0,0,1311,19620,4296,78.1,1
2025-08-01,RXR,NHS ENGLAND NORTH WEST ,EAST LANCASHIRE HOSPITALS NHS TRUST,13281,0,10655,0,0,0,4442,0,595,0,0,0,577,925,3342,0,73,1442,23936,5037,78.96,1
2025-08-01,RYR,NHS ENGLAND SOUTH EAST ,UNIVERSITY HOSPITALS SUSSEX NHS FOUNDATION TRUST,26764,1518,2094,1661,0,536,10519,36,235,445,0,5,632,534,8661,34,46,1597,30376,10790,64.48,1
2025-08-01,AQM01,NHS ENGLAND SOUTH EAST ,FAVERSHAM MEDICAL PRACTICE MIU,0,0,2864,0,0,0,0,0,0,0,0,0,0,0,0,0,0,0,2864,0,100.0,0
2025-08-01,R0D,NHS ENGLAND SOUTH WEST ,UNIVERSITY HOSPITALS DORSET NHS FOUNDATION TRUST,14621,0,5370,0,0,0,5621,0,0,0,0,0,617,57,4301,7,0,2340,19991,5621,71.88,1
2025-08-01,R1F,NHS ENGLAND SOUTH EAST ,ISLE OF WIGHT NHS TRUST,4420,319,1844,16,0,19,1619,0,65,3,0,0,228,100,1441,0,0,87,6583,1684,74.42,1
2025-08-01,RAJ,NHS ENGLAND EAST OF ENGLAND ,MID AND SOUTH ESSEX NHS FOUNDATION TRUST,28878,0,4089,4,0,2,7915,0,106,0,0,0,1943,303,8499,0,178,1254,32967,8021,75.67,1
2025-08-01,RBN,NHS ENGLAND NORTH WEST ,MERSEY AND WEST LANCASHIRE TEACHING HOSPITALS NHS TRUST,16472,0,7270,394,0,0,6432,0,79,33,0,0,566,290,7471,0,0,623,23742,6511,72.58,1
2025-08-01,RC9,NHS ENGLAND EAST OF ENGLAND ,BEDFORDSHIRE HOSPITALS NHS FOUNDATION TRUST,16039,0,7600,0,0,855,5896,0,0,0,0,0,82,3,4552,0,0,2129,23639,5896,75.06,1
2025-08-01,RCU,NHS ENGLAND NORTH EAST AND YORKSHIRE ,SHEFFIELD CHILDREN'S NHS FOUNDATION TRUST,3594,0,0,245,0,0,173,0,0,15,0,0,8,0,813,0,0,76,3594,173,95.19,0
2025-08-01,REF,NHS ENGLAND SOUTH WEST ,ROYAL CORNWALL HOSPITALS NHS TRUST,7624,0,13575,0,0,0,3456,0,810,0,0,0,613,303,2641,0,79,1484,21199,4266,79.88,1
2025-08-01,RF4,NHS ENGLAND LONDON,"BARKING, HAVERING AND REDBRIDGE UNIVERSITY HOSPITALS NHS TRUST",12899,2312,12956,0,0,0,5551,357,91,0,0,0,613,677,7895,0,0,330,28167,5999,78.7,1
2025-08-01,RH8,NHS ENGLAND SOUTH WEST ,ROYAL DEVON UNIVERSITY HEALTHCARE NHS FOUNDATION TRUST,13530,0,4517,1315,0,102,5694,0,24,522,0,2,724,136,3765,0,0,1722,18047,5718,68.32,1
2025-08-01,RJ2,NHS ENGLAND LONDON,LEWISHAM AND GREENWICH NHS TRUST,14926,0,8876,0,0,0,7482,0,185,0,0,0,1087,571,4036,0,0,539,23802,7667,67.79,1
2025-08-01,RJ6,NHS ENGLAND LONDON,CROYDON HEALTH SERVICES NHS TRUST,12011,0,4757,0,0,0,4177,0,0,0,0,0,245,565,1189,0,0,124,16768,4177,75.09,1
2025-08-01,RJC,NHS ENGLAND MIDLANDS ,SOUTH WARWICKSHIRE UNIVERSITY NHS FOUNDATION TRUST,8133,0,396,0,0,0,1769,0,0,0,0,0,314,14,2042,0,0,756,8529,1769,79.26,1
2025-08-01,RJE,NHS ENGLAND MIDLANDS ,UNIVERSITY HOSPITALS OF NORTH MIDLANDS NHS TRUST,14640,498,7982,744,0,500,7035,0,63,315,0,6,1120,443,4862,0,0,1726,23120,7098,69.3,1
2025-08-01,RJZ,NHS ENGLAND LONDON,KING'S COLLEGE HOSPITAL NHS FOUNDATION TRUST,14770,0,8831,53,0,1244,5957,0,507,15,0,0,1386,572,3677,0,0,288,23601,6464,72.61,1
2025-08-01,RMP,NHS ENGLAND NORTH WEST ,TAMESIDE AND GLOSSOP INTEGRATED CARE NHS FOUNDATION TRUST,7961,0,2319,359,0,67,3629,0,9,0,0,0,561,381,1634,0,0,202,10280,3638,64.61,1
2025-08-01,RN3,NHS ENGLAND SOUTH WEST ,GREAT WESTERN HOSPITALS NHS FOUNDATION TRUST,5788,0,5189,0,0,0,2994,0,540,0,0,0,700,157,2640,0,0,1177,10977,3534,67.81,1
2025-08-01,RN5,NHS ENGLAND SOUTH EAST ,HAMPSHIRE HOSPITALS NHS FOUNDATION TRUST,10479,75,3333,0,0,106,4015,0,24,0,0,0,110,11,3369,10,66,1110,13887,4039,70.92,1
2025-08-01,RN7,NHS ENGLAND SOUTH EAST ,DARTFORD AND GRAVESHAM NHS TRUST,10751,0,3638,0,0,0,2782,0,10,0,0,0,576,17,3961,0,0,381,14389,2792,80.6,1
2025-08-01,RNZ,NHS ENGLAND SOUTH WEST ,SALISBURY NHS FOUNDATION TRUST,4767,305,1883,125,0,0,1763,0,0,49,0,0,329,25,1302,0,0,885,6955,1763,74.65,1
2025-08-01,RR7,NHS ENGLAND NORTH EAST AND YORKSHIRE ,GATESHEAD HEALTH NHS FOUNDATION TRUST,5545,0,4202,11,0,4,1701,0,28,0,0,0,397,0,1627,0,0,49,9747,1729,82.26,1
2025-08-01,RR8,NHS ENGLAND NORTH EAST AND YORKSHIRE ,LEEDS TEACHING HOSPITALS NHS TRUST,16690,665,10848,79,0,307,6048,0,111,20,0,0,1686,119,3615,0,0,1169,28203,6159,78.16,1
2025-08-01,RRK,NHS ENGLAND MIDLANDS ,UNIVERSITY HOSPITALS BIRMINGHAM NHS FOUNDATION TRUST,33886,332,1779,0,0,211,13154,0,33,0,0,1,2674,1593,10275,0,0,6710,35997,13187,63.37,1
2025-08-01,RTF,NHS ENGLAND NORTH EAST AND YORKSHIRE ,NORTHUMBRIA HEALTHCARE NHS FOUNDATION TRUST,9949,0,13869,0,0,0,2291,0,4,0,0,0,3,0,4371,0,13,386,23818,2295,90.36,1
2025-08-01,RVV,NHS ENGLAND SOUTH EAST ,EAST KENT HOSPITALS UNIVERSITY NHS FOUNDATION TRUST,12118,0,12969,0,0,0,6199,0,276,0,0,0,384,1311,2843,0,591,403,25087,6475,74.19,1
2025-08-01,RVW,NHS ENGLAND NORTH EAST AND YORKSHIRE ,NORTH TEES AND HARTLEPOOL NHS FOUNDATION TRUST,4856,0,10490,0,0,0,2340,0,20,0,0,0,160,6,1731,0,446,2081,15346,2360,84.62,1
2025-08-01,RWJ,NHS ENGLAND NORTH WEST ,STOCKPORT NHS FOUNDATION TRUST,7677,0,1012,289,0,1129,2936,0,47,113,0,1,495,198,2748,0,52,735,8689,2983,65.67,1
2025-08-01,RWX,NHS ENGLAND SOUTH EAST ,BERKSHIRE HEALTHCARE NHS FOUNDATION TRUST,0,0,1435,0,0,0,0,0,7,0,0,0,0,0,0,0,25,0,1435,7,99.51,0
2025-08-01,RXW,NHS ENGLAND MIDLANDS ,THE SHREWSBURY AND TELFORD HOSPITAL NHS TRUST,10809,0,2433,0,0,0,5879,0,468,0,0,0,612,1300,3239,0,142,1851,13242,6347,52.07,1
2025-08-01,RY4,NHS ENGLAND EAST OF ENGLAND ,HERTFORDSHIRE COMMUNITY NHS TRUST,0,0,1061,0,0,0,0,0,19,0,0,0,0,0,0,0,0,0,1061,19,98.21,0
2025-08-01,RY5,NHS ENGLAND MIDLANDS ,LINCOLNSHIRE COMMUNITY HEALTH SERVICES NHS TRUST,0,0,9050,0,0,0,0,0,265,0,0,0,0,0,0,0,0,0,9050,265,97.07,0
2025-08-01,RY7,NHS ENGLAND NORTH WEST ,WIRRAL COMMUNITY HEALTH AND CARE NHS FOUNDATION TRUST,0,0,4252,0,0,0,0,0,175,0,0,0,0,0,0,0,0,0,4252,175,95.88,0
2025-08-01,ARN03,NHS ENGLAND NORTH EAST AND YORKSHIRE ,LOCAL CARE DIRECT,0,0,2063,0,0,169,0,0,9,0,0,0,0,0,0,0,0,0,2063,9,99.56,0
2025-08-01,C82038,NHS ENGLAND MIDLANDS ,LATHAM HOUSE MEDICAL PRACTICE,0,0,400,0,0,0,0,0,0,0,0,0,0,0,0,0,0,0,400,0,100.0,0
2025-08-01,G0Q0L,NHS ENGLAND LONDON,BARKING HOSPITAL UTC,0,0,2709,0,0,0,0,0,10,0,0,0,0,0,0,0,0,0,2709,10,99.63,0
2025-08-01,K6K0R,NHS ENGLAND LONDON,HAROLD WOOD POLYCLINIC UTC,0,0,2504,0,0,0,0,0,5,0,0,0,0,0,0,0,0,0,2504,5,99.8,0
2025-08-01,NNJ07,NHS ENGLAND MIDLANDS ,LOUGHBOROUGH URGENT CARE CENTRE,0,0,4902,0,0,2539,0,0,36,0,0,3,0,0,0,0,0,0,4902,36,99.27,0
2025-08-01,NNJ0H,NHS ENGLAND MIDLANDS ,LLR EA - THE MERLYN VAZ HEALTH & SOCIAL CARE CENTRE,0,0,439,0,0,3669,0,0,0,0,0,0,0,0,0,0,0,0,439,0,100.0,0
2025-08-01,NNJ12,NHS ENGLAND MIDLANDS ,MARKET HARBOROUGH,0,0,109,0,0,430,0,0,0,0,0,0,0,0,0,0,0,0,109,0,100.0,0
2025-08-01,NNJ13,NHS ENGLAND MIDLANDS ,MELTON MOWBRAY,0,0,54,0,0,405,0,0,0,0,0,0,0,0,0,0,0,0,54,0,100.0,0
2025-08-01,NNJ14,NHS ENGLAND MIDLANDS ,OADBY,0,0,569,0,0,2308,0,0,0,0,0,0,0,0,0,0,0,0,569,0,100.0,0
2025-08-01,NNJ15,NHS ENGLAND MIDLANDS ,OAKHAM,0,0,72,0,0,379,0,0,0,0,0,0,0,0,0,0,0,0,72,0,100.0,0
2025-08-01,RAE,NHS ENGLAND NORTH EAST AND YORKSHIRE ,BRADFORD TEACHING HOSPITALS NHS FOUNDATION TRUST,8779,1076,3172,0,0,0,2220,0,0,0,0,0,655,49,2511,0,5,1230,13027,2220,82.96,1
2025-08-01,RAL,NHS ENGLAND LONDON,ROYAL FREE LONDON NHS FOUNDATION TRUST,24281,497,13934,139,2,153,7742,6,429,36,1,14,1241,1704,6860,2,85,718,38712,8177,78.88,1
2025-08-01,RCB,NHS ENGLAND NORTH EAST AND YORKSHIRE ,YORK AND SCARBOROUGH TEACHING HOSPITALS NHS FOUNDATION TRUST,10651,307,7981,0,0,0,5578,0,309,0,0,0,731,315,4724,0,0,1521,18939,5887,68.92,1
2025-08-01,RD1,NHS ENGLAND SOUTH WEST ,ROYAL UNITED HOSPITALS BATH NHS FOUNDATION TRUST,8612,0,0,0,0,0,3527,0,0,0,0,0,794,81,2569,0,17,1934,8612,3527,59.05,1
2025-08-01,RD8,NHS ENGLAND EAST OF ENGLAND ,MILTON KEYNES UNIVERSITY HOSPITAL NHS FOUNDATION TRUST,7897,0,4811,682,0,165,3409,0,8,299,0,0,639,0,2183,0,0,385,12708,3417,73.11,1
2025-08-01,RDU,NHS ENGLAND SOUTH EAST ,FRIMLEY HEALTH NHS FOUNDATION TRUST,21592,859,11268,0,0,0,8450,0,295,0,0,0,1438,260,6338,0,0,117,33719,8745,74.07,1
2025-08-01,RFS,NHS ENGLAND MIDLANDS ,CHESTERFIELD ROYAL HOSPITAL NHS FOUNDATION TRUST,6336,0,6177,864,0,280,3353,0,274,485,0,51,738,141,2191,0,97,182,12513,3627,71.01,1
2025-08-01,RGN,NHS ENGLAND EAST OF ENGLAND ,NORTH WEST ANGLIA NHS FOUNDATION TRUST,14143,0,4627,245,0,435,5568,0,179,53,0,11,599,601,3385,0,37,1094,18770,5747,69.38,1
2025-08-01,RH5,NHS ENGLAND SOUTH WEST ,SOMERSET NHS FOUNDATION TRUST,12732,0,9212,0,0,0,5663,0,161,0,0,0,371,75,3224,0,0,1565,21944,5824,73.46,1
2025-08-01,RHQ,NHS ENGLAND NORTH EAST AND YORKSHIRE ,SHEFFIELD TEACHING HOSPITALS NHS FOUNDATION TRUST,8548,1118,6683,418,1,1571,4509,189,479,207,1,48,869,11,3170,0,0,3453,16349,5177,68.33,1
2025-08-01,RJ7,NHS ENGLAND LONDON,ST GEORGE'S UNIVERSITY HOSPITALS NHS FOUNDATION TRUST,8178,0,3711,493,0,0,2502,0,127,54,0,0,407,498,2571,0,0,774,11889,2629,77.89,1
2025-08-01,RL4,NHS ENGLAND MIDLANDS ,THE ROYAL WOLVERHAMPTON NHS TRUST,12593,0,6773,121,0,736,3693,0,201,25,0,0,1084,172,5990,0,0,800,19366,3894,79.89,1
2025-08-01,RLT,NHS ENGLAND MIDLANDS ,GEORGE ELIOT HOSPITAL NHS TRUST,6371,0,1621,0,0,0,2175,0,49,0,0,0,269,441,993,0,0,0,7992,2224,72.17,1
2025-08-01,RM1,NHS ENGLAND EAST OF ENGLAND ,NORFOLK AND NORWICH UNIVERSITY HOSPITALS NHS FOUNDATION TRUST,12652,0,8082,0,0,0,3830,0,2,0,0,0,733,162,2451,0,0,1544,20734,3832,81.52,1
2025-08-01,RP5,NHS ENGLAND NORTH EAST AND YORKSHIRE ,DONCASTER AND BASSETLAW TEACHING HOSPITALS NHS FOUNDATION TRUST,13912,0,3919,0,0,0,4851,0,5,0,0,0,1164,108,3944,0,428,833,17831,4856,72.77,1
2025-08-01,RP6,NHS ENGLAND LONDON,MOORFIELDS EYE HOSPITAL NHS FOUNDATION TRUST,0,5806,0,0,0,0,0,102,0,0,0,0,0,0,0,3,0,249,5806,102,98.24,0
2025-08-01,RQM,NHS ENGLAND LONDON,CHELSEA AND WESTMINSTER HOSPITAL NHS FOUNDATION TRUST,18603,0,5508,566,0,0,5678,0,42,0,0,0,679,39,2797,0,0,299,24111,5720,76.28,1
2025-08-01,RTR,NHS ENGLAND NORTH EAST AND YORKSHIRE ,SOUTH TEES HOSPITALS NHS FOUNDATION TRUST,7133,0,9234,0,0,1941,3730,0,302,0,0,21,381,11,2272,0,307,2174,16367,4032,75.37,1
2025-08-01,RVJ,NHS ENGLAND SOUTH WEST ,NORTH BRISTOL NHS TRUST,9415,0,0,20,0,0,3069,0,0,4,0,0,553,126,2283,0,0,2077,9415,3069,67.4,1
2025-08-01,RW4,NHS ENGLAND NORTH WEST ,MERSEY CARE NHS FOUNDATION TRUST,0,0,12199,0,0,0,0,0,174,0,0,0,0,0,0,0,0,43,12199,174,98.57,0
2025-08-01,RWA,NHS ENGLAND NORTH EAST AND YORKSHIRE ,HULL UNIVERSITY TEACHING HOSPITALS NHS TRUST,9446,0,4336,0,0,0,5071,0,183,0,0,0,932,337,3646,0,0,2185,13782,5254,61.88,1
2025-08-01,RWD,NHS ENGLAND MIDLANDS ,UNITED LINCOLNSHIRE TEACHING HOSPITALS NHS TRUST,16973,0,3804,0,0,0,6965,0,328,0,0,0,1042,1061,4719,0,0,1002,20777,7293,64.9,1
2025-08-01,RWF,NHS ENGLAND SOUTH EAST ,MAIDSTONE AND TUNBRIDGE WELLS NHS TRUST,18957,0,2245,1012,0,178,4236,0,20,164,0,1,932,130,5635,0,0,1134,21202,4256,79.93,1
2025-08-01,RWG,NHS ENGLAND EAST OF ENGLAND ,WEST HERTFORDSHIRE TEACHING HOSPITALS NHS TRUST,7834,0,7109,0,0,778,2415,0,47,0,0,0,591,27,3878,0,0,541,14943,2462,83.52,1
2025-08-01,RWP,NHS ENGLAND MIDLANDS ,WORCESTERSHIRE ACUTE HOSPITALS NHS TRUST,13741,0,6029,0,0,0,6939,0,79,0,0,0,1186,846,2855,0,0,859,19770,7018,64.5,1
2025-08-01,RWW,NHS ENGLAND NORTH WEST ,WARRINGTON AND HALTON TEACHING HOSPITALS NHS FOUNDATION TRUST,6781,0,2860,196,0,30,3543,0,37,83,0,1,729,825,1832,0,0,113,9641,3580,62.87,1
2025-08-01,RX1,NHS ENGLAND MIDLANDS ,NOTTINGHAM UNIVERSITY HOSPITALS NHS TRUST,12151,2036,0,0,0,0,6909,97,0,0,0,0,251,566,3707,0,864,3982,14187,7006,50.62,1
2025-08-01,RXC,NHS ENGLAND SOUTH EAST ,EAST SUSSEX HEALTHCARE NHS TRUST,8785,0,2555,2262,0,1491,3560,0,44,0,0,0,204,6,2950,0,0,484,11340,3604,68.22,1
2025-08-01,RXF,NHS ENGLAND NORTH EAST AND YORKSHIRE ,MID YORKSHIRE TEACHING NHS TRUST,15988,133,6316,124,0,81,5760,0,146,1,0,0,1544,9,3513,0,166,755,22437,5906,73.68,1
2025-08-01,RXP,NHS ENGLAND NORTH EAST AND YORKSHIRE ,COUNTY DURHAM AND DARLINGTON NHS FOUNDATION TRUST,12390,0,4169,0,0,7401,4837,0,0,0,0,0,1701,9,4325,0,0,628,16559,4837,70.79,1
2025-08-01,RY2,NHS ENGLAND NORTH WEST ,BRIDGEWATER COMMUNITY HEALTHCARE NHS FOUNDATION TRUST,0,0,2740,0,0,143,0,0,41,0,0,1,0,0,0,0,0,0,2740,41,98.5,0
2025-08-01,RYJ,NHS ENGLAND LONDON,IMPERIAL COLLEGE HEALTHCARE NHS TRUST,11631,3950,6812,0,0,546,5103,150,226,0,0,0,645,0,3553,1,0,1013,22393,5479,75.53,1
2025-08-01,AJN,NHS ENGLAND NORTH EAST AND YORKSHIRE ,WORKINGTON HEALTH LIMITED,0,0,343,0,0,0,0,0,0,0,0,0,0,0,0,0,0,0,343,0,100.0,0
2025-08-01,C83023,NHS ENGLAND MIDLANDS ,SLEAFORD MEDICAL GROUP,0,0,531,0,0,0,0,0,0,0,0,0,0,0,0,0,0,1,531,0,100.0,0
2025-08-01,NNJ,NHS ENGLAND MIDLANDS ,DHU HEALTH CARE C.I.C,0,0,1904,0,0,0,0,0,1,0,0,0,0,0,0,0,0,0,1904,1,99.95,0
2025-08-01,NTPAD,NHS ENGLAND SOUTH EAST ,PRACTICE PLUS GROUP SURGICAL CENTRE - ST MARYS PORTSMOUTH,0,0,5095,0,0,142,0,0,167,0,0,0,0,0,0,0,0,0,5095,167,96.72,0
2025-08-01,R1H,NHS ENGLAND LONDON,BARTS HEALTH NHS TRUST,24190,971,17263,0,0,0,10598,105,1175,0,0,0,1234,799,3830,3,37,1245,42424,11878,72.0,1
2025-08-01,RAX,NHS ENGLAND LONDON,KINGSTON AND RICHMOND NHS FOUNDATION TRUST,6570,0,8123,0,0,0,3420,0,267,0,0,0,288,222,2111,0,199,687,14693,3687,74.91,1
2025-08-01,RDE,NHS ENGLAND EAST OF ENGLAND ,EAST SUFFOLK AND NORTH ESSEX NHS FOUNDATION TRUST,12119,0,13420,0,0,62,5908,0,502,0,0,0,886,356,6085,0,308,869,25539,6410,74.9,1
2025-08-01,RDR,NHS ENGLAND SOUTH EAST ,SUSSEX COMMUNITY NHS FOUNDATION TRUST,0,0,11693,0,0,0,0,0,164,0,0,0,0,0,0,0,0,0,11693,164,98.6,0
2025-08-01,RGT,NHS ENGLAND EAST OF ENGLAND ,CAMBRIDGE UNIVERSITY HOSPITALS NHS FOUNDATION TRUST,10179,0,5448,292,0,284,4045,0,51,56,0,3,537,309,2881,0,44,486,15627,4096,73.79,1
2025-08-01,RHM,NHS ENGLAND SOUTH EAST ,UNIVERSITY HOSPITAL SOUTHAMPTON NHS FOUNDATION TRUST,11290,1359,0,18,0,0,3822,141,0,4,0,0,271,14,3641,5,0,1591,12649,3963,68.67,1
2025-08-01,RHW,NHS ENGLAND SOUTH EAST ,ROYAL BERKSHIRE NHS FOUNDATION TRUST,10133,2319,2836,1282,18,0,3508,6,0,394,0,0,377,1,2264,0,0,304,15288,3514,77.01,1
2025-08-01,RK5,NHS ENGLAND MIDLANDS ,SHERWOOD FOREST HOSPITALS NHS FOUNDATION TRUST,10497,0,5389,415,0,137,4638,0,306,182,0,5,704,346,3631,0,0,243,15886,4944,68.88,1
2025-08-01,RNQ,NHS ENGLAND MIDLANDS ,KETTERING GENERAL HOSPITAL NHS FOUNDATION TRUST,9509,0,7752,340,0,0,3416,0,79,0,0,0,532,626,1829,0,0,217,17261,3495,79.75,1
2025-08-01,RVR,NHS ENGLAND LONDON,EPSOM AND ST HELIER UNIVERSITY HOSPITALS NHS TRUST,10186,0,2468,123,0,26,2878,0,197,8,0,5,930,642,2196,0,0,169,12654,3075,75.7,1
2025-08-01,RXN,NHS ENGLAND NORTH WEST ,LANCASHIRE TEACHING HOSPITALS NHS FOUNDATION TRUST,11574,0,3051,240,0,97,4473,0,81,45,0,1,1048,410,2871,0,116,1308,14625,4554,68.86,1
2025-08-01,RXQ,NHS ENGLAND SOUTH EAST ,BUCKINGHAMSHIRE HEALTHCARE NHS TRUST,10063,1145,3030,0,0,0,2802,0,58,0,0,0,189,261,4088,762,0,1086,14238,2860,79.91,1
2025-08-01,RNA,NHS ENGLAND MIDLANDS ,THE DUDLEY GROUP NHS FOUNDATION TRUST,9641,0,3598,0,0,684,3211,0,51,0,0,0,1812,78,3482,0,0,2503,13239,3262,75.36,1
2025-08-01,RNS,NHS ENGLAND MIDLANDS ,NORTHAMPTON GENERAL HOSPITAL NHS TRUST,9943,672,1700,0,0,0,4224,37,84,0,0,0,558,667,1969,0,0,414,12315,4345,64.72,1
2025-08-01,RAT,NHS ENGLAND LONDON,NORTH EAST LONDON NHS FOUNDATION TRUST,0,0,1827,0,0,0,0,0,87,0,0,0,0,0,0,0,0,0,1827,87,95.24,0
2025-08-01,RNN,NHS ENGLAND NORTH EAST AND YORKSHIRE ,NORTH CUMBRIA INTEGRATED CARE NHS FOUNDATION TRUST,8627,0,2024,302,0,20,3510,0,55,59,0,0,441,309,2070,0,0,332,10651,3565,66.53,1
2025-08-01,R1K,NHS ENGLAND LONDON,LONDON NORTH WEST UNIVERSITY HEALTHCARE NHS TRUST,13561,0,14231,0,0,0,6568,0,189,0,0,0,621,517,6251,0,0,300,27792,6757,75.69,1
2025-08-01,RBL,NHS ENGLAND NORTH WEST ,WIRRAL UNIVERSITY TEACHING HOSPITAL NHS FOUNDATION TRUST,7825,0,2889,0,0,186,4186,0,96,0,0,8,711,450,2127,0,0,1596,10714,4282,60.03,1
2025-08-01,RYX,NHS ENGLAND LONDON,CENTRAL LONDON COMMUNITY HEALTHCARE NHS TRUST,0,0,11651,0,0,436,0,0,123,0,0,11,0,0,0,0,0,0,11651,123,98.94,0
2025-08-01,RTG,NHS ENGLAND MIDLANDS ,UNIVERSITY HOSPITALS OF DERBY AND BURTON NHS FOUNDATION TRUST,17915,0,9428,4029,0,22,8093,0,1,270,0,0,979,521,3888,0,0,1965,27343,8094,70.4,1
2025-08-01,RHU,NHS ENGLAND SOUTH EAST ,PORTSMOUTH HOSPITALS UNIVERSITY NHS TRUST,10329,953,2870,1818,0,824,4125,6,19,524,0,6,900,933,3084,0,0,2593,14152,4150,70.68,1
2025-08-01,RM3,NHS ENGLAND NORTH WEST ,NORTHERN CARE ALLIANCE NHS FOUNDATION TRUST,25001,0,9576,0,0,0,9353,0,245,0,0,0,1063,958,6934,0,380,1951,34577,9598,72.24,1
2025-08-01,RTH,NHS ENGLAND SOUTH EAST ,OXFORD UNIVERSITY HOSPITALS NHS FOUNDATION TRUST,11803,1711,3273,1605,0,187,3313,0,99,258,0,35,411,0,5504,105,19,3994,16787,3412,79.67,1
2025-08-01,REM,NHS ENGLAND NORTH WEST ,LIVERPOOL UNIVERSITY HOSPITALS NHS FOUNDATION TRUST,16163,1735,7505,466,0,0,7501,18,150,89,0,0,1433,477,5329,0,0,2101,25403,7669,69.81,1
2025-08-01,RTD,NHS ENGLAND NORTH EAST AND YORKSHIRE ,THE NEWCASTLE UPON TYNE HOSPITALS NHS FOUNDATION TRUST,11603,1593,5845,0,0,992,4166,83,0,0,0,0,356,41,3484,15,0,2696,19041,4249,77.68,1
2025-12-01,AQN04,NHS ENGLAND SOUTH EAST ,PHL LYMINGTON UTC,0,0,2758,0,0,17,0,0,31,0,0,0,0,0,0,0,0,0,2758,31,98.88,0
2025-12-01,NQTE4,NHS ENGLAND MIDLANDS ,SUMMERFIELD URGENT CARE CENTRE,0,0,3033,0,0,0,0,0,0,0,0,0,0,0,0,0,0,0,3033,0,100.0,0
2025-12-01,RNU,NHS ENGLAND SOUTH EAST ,OXFORD HEALTH NHS FOUNDATION TRUST,0,0,3444,0,0,0,0,0,103,0,0,0,0,0,0,0,0,0,3444,103,97.01,0
2025-12-01,Y02676,NHS ENGLAND SOUTH EAST ,BRIGHTON STATION HEALTH CENTRE,0,0,1871,0,0,0,0,0,0,0,0,0,0,0,0,0,0,0,1871,0,100.0,0
2025-12-01,AJN,NHS ENGLAND NORTH EAST AND YORKSHIRE ,WORKINGTON HEALTH LIMITED,0,0,316,0,0,0,0,0,0,0,0,0,0,0,0,0,0,0,316,0,100.0,0
2025-12-01,C82038,NHS ENGLAND MIDLANDS ,LATHAM HOUSE MEDICAL PRACTICE,0,0,283,0,0,0,0,0,0,0,0,0,0,0,0,0,0,0,283,0,100.0,0
2025-12-01,G3P9C,NHS ENGLAND SOUTH WEST ,TROWBRIDGE MINOR INJURIES UNIT,0,0,993,0,0,0,0,0,1,0,0,0,0,0,0,0,0,0,993,1,99.9,0
2025-12-01,NQT1I,NHS ENGLAND SOUTH WEST ,CHIPPENHAM COMMUNITY HOSPITAL,0,0,1364,0,0,0,0,0,13,0,0,0,0,0,0,0,0,0,1364,13,99.05,0
2025-12-01,NQT5H,NHS ENGLAND SOUTH WEST ,PAULTON MEMORIAL HOSPITAL,0,0,1010,0,0,0,0,0,1,0,0,0,0,0,0,0,0,0,1010,1,99.9,0
2025-12-01,NTV0B,NHS ENGLAND SOUTH EAST ,ASHFORD WALK-IN-CENTRE,0,0,2358,0,0,0,0,0,42,0,0,0,0,0,0,0,0,0,2358,42,98.22,0
2025-12-01,NTV0W,NHS ENGLAND SOUTH EAST ,WOKING WALK IN CENTRE,0,0,2599,0,0,0,0,0,28,0,0,0,0,0,0,0,0,0,2599,28,98.92,0
2025-12-01,NVE43,NHS ENGLAND SOUTH EAST ,HASTINGS GP LED HEALTH CENTRE,0,0,1127,0,0,0,0,0,0,0,0,0,0,0,0,0,0,0,1127,0,100.0,0
2025-12-01,R1D,NHS ENGLAND MIDLANDS ,SHROPSHIRE COMMUNITY HEALTH NHS TRUST,0,0,2808,0,0,0,0,0,11,0,0,0,0,0,0,0,0,0,2808,11,99.61,0
2025-12-01,RA9,NHS ENGLAND SOUTH WEST ,TORBAY AND SOUTH DEVON NHS FOUNDATION TRUST,6606,0,2925,415,0,249,2812,0,2,163,0,1,155,56,2222,0,0,1147,9531,2814,70.48,1
2025-12-01,RC9,NHS ENGLAND EAST OF ENGLAND ,BEDFORDSHIRE HOSPITALS NHS FOUNDATION TRUST,17035,0,9488,0,0,1063,6156,0,0,0,0,0,82,39,5538,0,0,2444,26523,6156,76.79,1
2025-12-01,REP,NHS ENGLAND NORTH WEST ,LIVERPOOL WOMEN'S NHS FOUNDATION TRUST,0,1382,0,0,0,0,0,180,0,0,0,0,0,0,0,106,0,22,1382,180,86.98,1
2025-12-01,RJR,NHS ENGLAND NORTH WEST ,COUNTESS OF CHESTER HOSPITAL NHS FOUNDATION TRUST,5495,0,2116,0,0,0,2600,0,302,0,0,0,437,634,1970,0,0,1297,7611,2902,61.87,1
2025-12-01,RWY,NHS ENGLAND NORTH EAST AND YORKSHIRE ,CALDERDALE AND HUDDERSFIELD NHS FOUNDATION TRUST,15746,0,0,0,0,0,3024,0,0,0,0,0,1144,56,3114,0,0,180,15746,3024,80.8,1
2025-12-01,RYF,NHS ENGLAND SOUTH WEST ,SOUTH WESTERN AMBULANCE SERVICE NHS FOUNDATION TRUST,0,0,1808,0,0,36,0,0,23,0,0,0,0,0,0,0,0,0,1808,23,98.73,0
2025-12-01,Y02428,NHS ENGLAND EAST OF ENGLAND ,PUTNOE WALK IN CENTRE,0,0,3460,0,0,0,0,0,0,0,0,0,0,0,0,0,0,0,3460,0,100.0,0
2025-12-01,Y02615,NHS ENGLAND MIDLANDS ,SOUTH BIRMINGHAM GP WALK IN CENTRE,0,0,4387,0,0,0,0,0,0,0,0,0,0,0,0,0,0,0,4387,0,100.0,0
2025-12-01,Y03218,NHS ENGLAND LONDON,THE PINN UNREGISTERED WIC,0,0,1005,0,0,0,0,0,0,0,0,0,0,0,0,0,0,0,1005,0,100.0,0
2025-12-01,RBS,NHS ENGLAND NORTH WEST ,ALDER HEY CHILDREN'S NHS FOUNDATION TRUST,6808,0,0,0,0,0,1089,0,0,0,0,0,1,0,970,0,0,204,6808,1089,84.0,1
2025-12-01,RV9,NHS ENGLAND NORTH EAST AND YORKSHIRE ,HUMBER TEACHING NHS FOUNDATION TRUST,0,0,1108,0,0,45,0,0,3,0,0,2,0,0,0,0,0,0,1108,3,99.73,0
2025-12-01,RXK,NHS ENGLAND MIDLANDS ,SANDWELL AND WEST BIRMINGHAM HOSPITALS NHS TRUST,11394,1036,8770,468,0,0,5354,155,163,204,0,0,1036,422,2749,0,0,63,21200,5672,73.25,1
2025-12-01,NL7,NHS ENGLAND MIDLANDS ,ASSURA VERTIS URGENT CARE CENTRES (BIRMINGHAM),0,0,3101,0,0,0,0,0,0,0,0,0,0,0,0,0,0,0,3101,0,100.0,0
2025-12-01,RA2,NHS ENGLAND SOUTH EAST ,ROYAL SURREY NHS FOUNDATION TRUST,6457,0,1760,838,0,26,2061,0,0,197,0,0,353,10,2338,0,0,1094,8217,2061,74.92,1
2025-12-01,RAE,NHS ENGLAND NORTH EAST AND YORKSHIRE ,BRADFORD TEACHING HOSPITALS NHS FOUNDATION TRUST,9699,956,3082,0,0,0,2395,0,0,0,0,0,699,50,2609,0,17,1410,13737,2395,82.57,1
2025-12-01,RAS,NHS ENGLAND LONDON,THE HILLINGDON HOSPITALS NHS FOUNDATION TRUST,5634,0,6910,0,0,0,3050,0,55,0,0,0,449,32,1739,0,0,75,12544,3105,75.25,1
2025-12-01,RBT,NHS ENGLAND NORTH WEST ,MID CHESHIRE HOSPITALS NHS FOUNDATION TRUST,6779,0,2776,0,0,85,3555,0,13,0,0,0,488,551,2334,0,0,752,9555,3568,62.66,1
2025-12-01,RJN,NHS ENGLAND NORTH WEST ,EAST CHESHIRE NHS TRUST,4450,0,0,80,0,60,2192,0,0,0,0,0,195,285,885,0,0,145,4450,2192,50.74,1
2025-12-01,RVW,NHS ENGLAND NORTH EAST AND YORKSHIRE ,NORTH TEES AND HARTLEPOOL NHS FOUNDATION TRUST,5187,0,11450,0,0,0,2726,0,48,0,0,0,292,33,1871,0,495,2269,16637,2774,83.33,1
2025-12-01,C83023,NHS ENGLAND MIDLANDS ,SLEAFORD MEDICAL GROUP,0,0,489,0,0,0,0,0,0,0,0,0,0,0,0,0,0,4,489,0,100.0,0
2025-12-01,L83087,NHS ENGLAND SOUTH WEST ,OKEHAMPTON MEDICAL CENTRE,0,0,53,0,0,0,0,0,0,0,0,0,0,0,0,0,0,0,53,0,100.0,0
2025-12-01,RGP,NHS ENGLAND EAST OF ENGLAND ,JAMES PAGET UNIVERSITY HOSPITALS NHS FOUNDATION TRUST,7283,0,1328,0,0,0,2285,0,0,0,0,0,480,362,1499,0,0,518,8611,2285,73.46,1
2025-12-01,RKE,NHS ENGLAND LONDON,WHITTINGTON HEALTH NHS TRUST,9136,0,0,0,0,0,2819,0,0,0,0,0,282,258,1402,0,0,27,9136,2819,69.14,1
2025-12-01,RQX,NHS ENGLAND LONDON,HOMERTON HEALTHCARE NHS FOUNDATION TRUST,11082,0,0,0,0,0,2048,0,0,0,0,0,226,25,1819,0,0,367,11082,2048,81.52,1
2025-12-01,RR7,NHS ENGLAND NORTH EAST AND YORKSHIRE ,GATESHEAD HEALTH NHS FOUNDATION TRUST,6245,0,4200,21,0,2,2793,0,27,10,0,0,884,2,1831,0,0,52,10445,2820,73.0,1
2025-12-01,RXQ,NHS ENGLAND SOUTH EAST ,BUCKINGHAMSHIRE HEALTHCARE NHS TRUST,9649,1131,3156,0,0,0,3938,0,51,0,0,0,205,204,3522,806,0,1133,13936,3989,71.38,1
2025-12-01,RNQ,NHS ENGLAND MIDLANDS ,KETTERING GENERAL HOSPITAL NHS FOUNDATION TRUST,10450,0,9038,342,0,0,3980,0,31,0,0,0,690,481,1936,0,0,346,19488,4011,79.42,1
2025-12-01,AAH,NHS ENGLAND SOUTH WEST ,TETBURY HOSPITAL TRUST LTD,0,0,587,0,0,0,0,0,0,0,0,0,0,0,0,0,0,0,587,0,100.0,0
2025-12-01,ACH01,NHS ENGLAND SOUTH EAST ,WHITSTABLE MEDICAL PRACTICE,0,0,4984,0,0,0,0,0,0,0,0,0,0,0,0,0,0,0,4984,0,100.0,0
2025-12-01,NTP11,NHS ENGLAND SOUTH EAST ,PRACTICE PLUS GROUP HOSPITAL - SOUTHAMPTON,0,0,4862,0,0,0,0,0,35,0,0,0,0,0,0,0,0,0,4862,35,99.28,0
2025-12-01,RLQ,NHS ENGLAND MIDLANDS ,WYE VALLEY NHS TRUST,5847,920,130,140,0,0,2414,0,0,32,0,0,400,202,1487,0,0,134,6897,2414,65.0,1
2025-12-01,RPA,NHS ENGLAND SOUTH EAST ,MEDWAY NHS FOUNDATION TRUST,9720,0,5730,276,0,970,3923,0,1027,81,0,0,417,680,1886,0,0,496,15450,4950,67.96,1
2025-12-01,RY5,NHS ENGLAND MIDLANDS ,LINCOLNSHIRE COMMUNITY HEALTH SERVICES NHS TRUST,0,0,8220,0,0,0,0,0,166,0,0,0,0,0,0,0,0,0,8220,166,97.98,0
2025-12-01,RYY,NHS ENGLAND SOUTH EAST ,KENT COMMUNITY HEALTH NHS FOUNDATION TRUST,0,0,6479,0,0,0,0,0,17,0,0,0,0,0,0,0,0,0,6479,17,99.74,0
2025-12-01,C82009,NHS ENGLAND MIDLANDS ,MARKET HARBOROUGH MED.CTR,0,0,306,0,0,0,0,0,0,0,0,0,0,0,0,0,0,0,306,0,100.0,0
2025-12-01,DJV01,NHS ENGLAND SOUTH EAST ,HERNE BAY HEALTH CARE LTD,0,0,2761,0,0,0,0,0,0,0,0,0,0,0,0,0,0,0,2761,0,100.0,0
2025-12-01,NLX,NHS ENGLAND SOUTH WEST ,SIRONA CARE & HEALTH,0,0,7242,0,0,277,0,0,161,0,0,21,0,0,0,0,0,0,7242,161,97.78,0
2025-12-01,NNJ,NHS ENGLAND MIDLANDS ,DHU HEALTH CARE C.I.C,0,0,2159,0,0,0,0,0,3,0,0,0,0,0,0,0,0,0,2159,3,99.86,0
2025-12-01,NTPAD,NHS ENGLAND SOUTH EAST ,PRACTICE PLUS GROUP SURGICAL CENTRE - ST MARYS PORTSMOUTH,0,0,5032,0,0,243,0,0,178,0,0,0,0,0,0,0,0,0,5032,178,96.46,0
2025-12-01,RLT,NHS ENGLAND MIDLANDS ,GEORGE ELIOT HOSPITAL NHS TRUST,7185,0,1569,0,0,0,1900,0,7,0,0,0,329,424,1167,0,0,0,8754,1907,78.22,1
2025-12-01,RN3,NHS ENGLAND SOUTH WEST ,GREAT WESTERN HOSPITALS NHS FOUNDATION TRUST,6312,0,5380,0,0,0,3035,0,301,0,0,0,786,209,2786,0,0,1247,11692,3336,71.47,1
2025-12-01,RP6,NHS ENGLAND LONDON,MOORFIELDS EYE HOSPITAL NHS FOUNDATION TRUST,0,5192,0,0,0,0,0,180,0,0,0,0,0,0,0,1,0,233,5192,180,96.53,0
2025-12-01,RTE,NHS ENGLAND SOUTH WEST ,GLOUCESTERSHIRE HOSPITALS NHS FOUNDATION TRUST,12939,0,0,586,0,0,4733,0,0,119,0,0,380,414,2955,0,0,2700,12939,4733,63.42,1
2025-12-01,RTP,NHS ENGLAND SOUTH EAST ,SURREY AND SUSSEX HEALTHCARE NHS TRUST,12321,0,0,0,0,0,4741,0,0,0,0,0,573,727,2962,0,0,889,12321,4741,61.52,1
2025-12-01,RTQ,NHS ENGLAND SOUTH WEST ,GLOUCESTERSHIRE HEALTH AND CARE NHS FOUNDATION TRUST,0,0,7676,0,0,0,0,0,116,0,0,0,0,0,0,0,1,40,7676,116,98.49,0
2025-12-01,RW1,NHS ENGLAND SOUTH EAST ,HAMPSHIRE AND ISLE OF WIGHT HEALTHCARE NHS FOUNDATION TRUST,0,0,2752,0,0,0,0,0,31,0,0,0,0,0,0,0,1,134,2752,31,98.87,0
2025-12-01,RW4,NHS ENGLAND NORTH WEST ,MERSEY CARE NHS FOUNDATION TRUST,0,0,13436,0,0,0,0,0,422,0,0,0,0,0,0,0,0,48,13436,422,96.86,0
2025-12-01,RWP,NHS ENGLAND MIDLANDS ,WORCESTERSHIRE ACUTE HOSPITALS NHS TRUST,13727,0,4602,0,0,0,7261,0,84,0,0,0,1189,1035,3428,0,0,779,18329,7345,59.93,1
2025-12-01,RXF,NHS ENGLAND NORTH EAST AND YORKSHIRE ,MID YORKSHIRE TEACHING NHS TRUST,16288,106,6307,124,0,101,6350,0,360,0,0,0,2001,315,3552,0,151,941,22701,6710,70.44,1
2025-12-01,RY8,NHS ENGLAND MIDLANDS ,DERBYSHIRE COMMUNITY HEALTH SERVICES NHS FOUNDATION TRUST,0,0,6947,0,0,1641,0,0,346,0,0,42,0,0,0,0,0,0,6947,346,95.02,0
2025-12-01,Y02532,NHS ENGLAND NORTH WEST ,MIRIAM MINOR EMERGENCY,0,0,1787,0,0,0,0,0,0,0,0,0,0,0,0,0,0,0,1787,0,100.0,0
2025-12-01,NDJ,NHS ENGLAND SOUTH EAST ,FIRST COMMUNITY HEALTH AND CARE CIC,0,0,2224,0,0,0,0,0,4,0,0,0,0,0,0,0,0,0,2224,4,99.82,0
2025-12-01,NQT5F,NHS ENGLAND NORTH WEST ,SKELMERSDALE WALK IN CENTRE,0,0,1706,0,0,0,0,0,41,0,0,0,0,0,0,0,0,0,1706,41,97.6,0
2025-12-01,R0D,NHS ENGLAND SOUTH WEST ,UNIVERSITY HOSPITALS DORSET NHS FOUNDATION TRUST,14438,0,4035,0,0,0,6298,0,0,0,0,0,1095,395,4387,1,0,2396,18473,6298,65.91,1
2025-12-01,RCF,NHS ENGLAND NORTH EAST AND YORKSHIRE ,AIREDALE NHS FOUNDATION TRUST,5866,239,0,491,0,0,2195,0,0,0,0,0,517,239,1637,0,0,611,6105,2195,64.05,1
2025-12-01,RCU,NHS ENGLAND NORTH EAST AND YORKSHIRE ,SHEFFIELD CHILDREN'S NHS FOUNDATION TRUST,4907,0,554,230,0,17,587,0,5,26,0,0,13,0,1149,0,0,81,5461,592,89.16,1
2025-12-01,REF,NHS ENGLAND SOUTH WEST ,ROYAL CORNWALL HOSPITALS NHS TRUST,6695,0,10467,0,0,0,3210,0,603,0,0,0,529,581,2520,0,50,1352,17162,3813,77.78,1
2025-12-01,RH8,NHS ENGLAND SOUTH WEST ,ROYAL DEVON UNIVERSITY HEALTHCARE NHS FOUNDATION TRUST,11950,0,3914,1492,0,80,5412,0,4,619,0,0,876,272,3286,0,0,1952,15864,5416,65.86,1
2025-12-01,RJ6,NHS ENGLAND LONDON,CROYDON HEALTH SERVICES NHS TRUST,13592,0,5317,0,0,0,4565,0,0,0,0,0,311,691,1201,0,0,129,18909,4565,75.86,1
2025-12-01,RJC,NHS ENGLAND MIDLANDS ,SOUTH WARWICKSHIRE UNIVERSITY NHS FOUNDATION TRUST,8104,0,346,2,0,0,2015,0,0,0,0,0,396,49,1896,0,0,560,8450,2015,76.15,1
2025-12-01,RL4,NHS ENGLAND MIDLANDS ,THE ROYAL WOLVERHAMPTON NHS TRUST,10941,1339,7633,111,2,815,4264,17,516,17,0,3,883,530,2751,0,32,4140,19913,4797,75.91,1
2025-12-01,RQM,NHS ENGLAND LONDON,CHELSEA AND WESTMINSTER HOSPITAL NHS FOUNDATION TRUST,19984,0,6701,634,0,0,5683,0,240,0,0,0,922,51,2885,0,0,332,26685,5923,77.8,1
2025-12-01,RQW,NHS ENGLAND EAST OF ENGLAND ,THE PRINCESS ALEXANDRA HOSPITAL NHS TRUST,8104,0,2529,0,0,599,2415,0,0,0,0,0,492,181,1957,0,0,301,10633,2415,77.29,1
2025-12-01,RR8,NHS ENGLAND NORTH EAST AND YORKSHIRE ,LEEDS TEACHING HOSPITALS NHS TRUST,17518,641,11111,82,0,449,7234,0,573,28,0,0,1349,809,3810,0,0,1271,29270,7807,73.33,1
2025-12-01,RRV,NHS ENGLAND LONDON,UNIVERSITY COLLEGE LONDON HOSPITALS NHS FOUNDATION TRUST,13329,0,0,423,0,0,3677,0,0,0,0,0,379,128,1456,0,0,276,13329,3677,72.41,1
2025-12-01,RTR,NHS ENGLAND NORTH EAST AND YORKSHIRE ,SOUTH TEES HOSPITALS NHS FOUNDATION TRUST,7786,0,9002,0,0,2499,3671,0,442,0,0,39,327,11,2491,0,355,2302,16788,4113,75.5,1
2025-12-01,RTX,NHS ENGLAND NORTH WEST ,UNIVERSITY HOSPITALS OF MORECAMBE BAY NHS FOUNDATION TRUST,8766,0,2567,130,0,1877,3818,0,73,28,0,39,736,609,3116,0,27,893,11333,3891,65.67,1
2025-12-01,RXW,NHS ENGLAND MIDLANDS ,THE SHREWSBURY AND TELFORD HOSPITAL NHS TRUST,10764,0,2805,0,0,0,6049,0,458,0,0,0,497,1429,3594,0,174,2066,13569,6507,52.05,1
2025-12-01,RY4,NHS ENGLAND EAST OF ENGLAND ,HERTFORDSHIRE COMMUNITY NHS TRUST,0,0,1033,0,0,0,0,0,11,0,0,0,0,0,0,0,0,0,1033,11,98.94,0
2025-12-01,RY7,NHS ENGLAND NORTH WEST ,WIRRAL COMMUNITY HEALTH AND CARE NHS FOUNDATION TRUST,0,0,3401,0,0,0,0,0,324,0,0,0,0,0,0,0,0,0,3401,324,90.47,1
2025-12-01,RYR,NHS ENGLAND SOUTH EAST ,UNIVERSITY HOSPITALS SUSSEX NHS FOUNDATION TRUST,27283,1370,1438,1574,0,453,11226,42,176,445,0,3,905,718,8643,27,54,1793,30091,11444,61.97,1
2025-12-01,ARN03,NHS ENGLAND NORTH EAST AND YORKSHIRE ,LOCAL CARE DIRECT,0,0,2515,0,0,222,0,0,9,0,0,0,0,0,0,0,0,0,2515,9,99.64,0
2025-12-01,G0Q0L,NHS ENGLAND LONDON,BARKING HOSPITAL UTC,0,0,2627,0,0,0,0,0,24,0,0,0,0,0,0,0,0,0,2627,24,99.09,0
2025-12-01,K6K0R,NHS ENGLAND LONDON,HAROLD WOOD POLYCLINIC UTC,0,0,2897,0,0,0,0,0,26,0,0,0,0,0,0,0,0,0,2897,26,99.1,0
2025-12-01,NNF09,NHS ENGLAND NORTH EAST AND YORKSHIRE ,BRANSHOLME HEALTH CENTRE,0,0,3846,0,0,0,0,0,525,0,0,0,0,0,0,0,0,0,3846,525,86.35,1
2025-12-01,NNF16,NHS ENGLAND NORTH EAST AND YORKSHIRE ,BRIDLINGTON HOSPITAL,0,0,1526,0,0,0,0,0,62,0,0,0,0,0,0,0,0,0,1526,62,95.94,0
2025-12-01,NNF94,NHS ENGLAND NORTH EAST AND YORKSHIRE ,EAST RIDING COMMUNITY HOSPITAL,0,0,3038,0,0,0,0,0,212,0,0,0,0,0,0,0,0,0,3038,212,93.02,1
2025-12-01,NNFA7,NHS ENGLAND NORTH EAST AND YORKSHIRE ,GOOLE & DISTRICT HOSPITAL,0,0,1790,0,0,0,0,0,5,0,0,0,0,0,0,0,0,0,1790,5,99.72,0
2025-12-01,NV693,NHS ENGLAND NORTH WEST ,ROSSENDALE MIU & OOH,0,0,787,0,0,0,0,0,2,0,0,0,0,0,0,0,0,0,787,2,99.75,0
2025-12-01,R0A,NHS ENGLAND NORTH WEST ,MANCHESTER UNIVERSITY NHS FOUNDATION TRUST,26603,2823,10082,3748,454,791,10068,117,303,1317,25,62,3206,117,6044,122,113,460,39508,10488,73.45,1
2025-12-01,R0B,NHS ENGLAND NORTH EAST AND YORKSHIRE ,SOUTH TYNESIDE AND SUNDERLAND NHS FOUNDATION TRUST,11522,1174,5290,1030,0,1503,5763,11,132,503,0,29,937,4,4709,35,0,1104,17986,5906,67.16,1
2025-12-01,RAL,NHS ENGLAND LONDON,ROYAL FREE LONDON NHS FOUNDATION TRUST,27408,424,15206,219,2,238,9294,1,718,69,0,20,1000,1921,6272,1,110,859,43038,10013,76.73,1
2025-12-01,RAT,NHS ENGLAND LONDON,NORTH EAST LONDON NHS FOUNDATION TRUST,0,0,1508,0,0,0,0,0,16,0,0,0,0,0,0,0,0,0,1508,16,98.94,0
2025-12-01,RBK,NHS ENGLAND MIDLANDS ,WALSALL HEALTHCARE NHS TRUST,9994,0,3880,36,0,147,3869,0,115,6,0,0,922,620,4026,0,0,817,13874,3984,71.28,1
2025-12-01,RCB,NHS ENGLAND NORTH EAST AND YORKSHIRE ,YORK AND SCARBOROUGH TEACHING HOSPITALS NHS FOUNDATION TRUST,11321,294,6295,0,0,0,5819,0,333,0,0,0,817,759,5070,0,0,1625,17910,6152,65.65,1
2025-12-01,RCX,NHS ENGLAND EAST OF ENGLAND ,"THE QUEEN ELIZABETH HOSPITAL, KING'S LYNN, NHS FOUNDATION TRUST",6527,0,1335,0,0,0,2656,0,0,0,0,0,797,160,1911,0,0,419,7862,2656,66.22,1
2025-12-01,RD1,NHS ENGLAND SOUTH WEST ,ROYAL UNITED HOSPITALS BATH NHS FOUNDATION TRUST,9074,0,0,0,0,0,3932,0,0,0,0,0,874,137,2905,0,10,2112,9074,3932,56.67,1
2025-12-01,RDU,NHS ENGLAND SOUTH EAST ,FRIMLEY HEALTH NHS FOUNDATION TRUST,22507,815,11479,0,0,0,8969,0,219,0,0,0,1037,351,6766,0,0,145,34801,9188,73.6,1
2025-12-01,REM,NHS ENGLAND NORTH WEST ,LIVERPOOL UNIVERSITY HOSPITALS NHS FOUNDATION TRUST,15674,1590,7339,513,0,0,7785,0,349,217,0,0,806,1111,4928,0,0,2317,24603,8134,66.94,1
2025-12-01,RHW,NHS ENGLAND SOUTH EAST ,ROYAL BERKSHIRE NHS FOUNDATION TRUST,10977,2212,2749,1352,24,0,3714,34,0,345,0,0,347,12,2397,0,0,437,15938,3748,76.48,1
2025-12-01,RJ2,NHS ENGLAND LONDON,LEWISHAM AND GREENWICH NHS TRUST,16397,0,15840,0,0,1057,7768,0,331,0,0,10,1088,674,3938,0,0,544,32237,8099,74.88,1
2025-12-01,RJ7,NHS ENGLAND LONDON,ST GEORGE'S UNIVERSITY HOSPITALS NHS FOUNDATION TRUST,8872,0,3615,333,0,0,2272,0,76,52,0,0,377,457,2020,0,0,571,12487,2348,81.2,1
2025-12-01,RJE,NHS ENGLAND MIDLANDS ,UNIVERSITY HOSPITALS OF NORTH MIDLANDS NHS TRUST,14115,471,8081,759,0,713,7811,0,372,383,0,38,1035,1035,4924,0,0,1235,22667,8183,63.9,1
2025-12-01,RJL,NHS ENGLAND NORTH EAST AND YORKSHIRE ,NORTHERN LINCOLNSHIRE AND GOOLE NHS FOUNDATION TRUST,9775,0,6570,0,0,479,5737,0,41,0,0,3,686,871,5444,0,0,394,16345,5778,64.65,1
2025-12-01,RJZ,NHS ENGLAND LONDON,KING'S COLLEGE HOSPITAL NHS FOUNDATION TRUST,15697,0,8890,72,0,472,6760,0,771,19,0,0,1315,722,3693,0,0,374,24587,7531,69.37,1
2025-12-01,RK9,NHS ENGLAND SOUTH WEST ,UNIVERSITY HOSPITALS PLYMOUTH NHS TRUST,8876,96,7009,0,0,0,5057,7,66,0,0,0,688,441,3148,0,0,1819,15981,5130,67.9,1
2025-12-01,RKB,NHS ENGLAND MIDLANDS ,UNIVERSITY HOSPITALS COVENTRY AND WARWICKSHIRE NHS TRUST,12997,2301,5819,0,0,0,5550,81,187,0,0,0,52,14,1290,41,37,283,21117,5818,72.45,1
2025-12-01,RN5,NHS ENGLAND SOUTH EAST ,HAMPSHIRE HOSPITALS NHS FOUNDATION TRUST,10601,78,3603,0,0,96,5071,0,121,0,0,0,202,6,3527,17,63,1097,14282,5192,63.65,1
2025-12-01,RNN,NHS ENGLAND NORTH EAST AND YORKSHIRE ,NORTH CUMBRIA INTEGRATED CARE NHS FOUNDATION TRUST,8641,0,1678,5,0,1,3868,0,46,0,0,0,606,338,2213,0,0,478,10319,3914,62.07,1
2025-12-01,RNS,NHS ENGLAND MIDLANDS ,NORTHAMPTON GENERAL HOSPITAL NHS TRUST,10580,786,2137,0,0,0,4346,26,152,0,0,0,484,774,2446,0,0,556,13503,4524,66.5,1
2025-12-01,RPC,NHS ENGLAND SOUTH EAST ,QUEEN VICTORIA HOSPITAL NHS FOUNDATION TRUST,0,0,1163,0,0,0,0,0,5,0,0,0,0,0,0,0,3,503,1163,5,99.57,0
2025-12-01,RRK,NHS ENGLAND MIDLANDS ,UNIVERSITY HOSPITALS BIRMINGHAM NHS FOUNDATION TRUST,33408,333,2991,0,0,184,13755,0,40,0,0,5,3075,1269,11476,0,0,6946,36732,13795,62.44,1
2025-12-01,RTG,NHS ENGLAND MIDLANDS ,UNIVERSITY HOSPITALS OF DERBY AND BURTON NHS FOUNDATION TRUST,19143,0,9520,1653,0,25,9888,0,128,510,0,0,1284,770,4263,0,1,1985,28663,10016,65.06,1
2025-12-01,RVJ,NHS ENGLAND SOUTH WEST ,NORTH BRISTOL NHS TRUST,9074,0,0,0,0,0,3144,0,0,0,0,0,460,430,3577,0,0,2339,9074,3144,65.35,1
2025-12-01,RVV,NHS ENGLAND SOUTH EAST ,EAST KENT HOSPITALS UNIVERSITY NHS FOUNDATION TRUST,14024,0,12337,0,0,0,6794,0,331,0,0,0,597,1276,3183,0,535,446,26361,7125,72.97,1
2025-12-01,RWD,NHS ENGLAND MIDLANDS ,UNITED LINCOLNSHIRE TEACHING HOSPITALS NHS TRUST,17127,0,4295,0,0,0,6863,0,308,0,0,0,877,1081,4996,0,0,1154,21422,7171,66.53,1
2025-12-01,RWE,NHS ENGLAND MIDLANDS ,UNIVERSITY HOSPITALS OF LEICESTER NHS TRUST,22050,1909,0,0,0,0,8067,146,0,0,0,0,1270,520,7096,6,0,3658,23959,8213,65.72,1
2025-12-01,RWF,NHS ENGLAND SOUTH EAST ,MAIDSTONE AND TUNBRIDGE WELLS NHS TRUST,18605,0,1332,935,0,130,4846,0,15,177,0,2,1010,383,1767,0,0,518,19937,4861,75.62,1
2025-12-01,RWH,NHS ENGLAND EAST OF ENGLAND ,EAST AND NORTH HERTFORDSHIRE TEACHING NHS TRUST,9346,0,8313,1,0,0,4818,0,107,0,0,0,527,225,2380,0,3,239,17659,4925,72.11,1
2025-12-01,RWJ,NHS ENGLAND NORTH WEST ,STOCKPORT NHS FOUNDATION TRUST,8034,0,1084,303,0,1498,3226,0,34,119,0,2,596,438,2723,0,70,1019,9118,3260,64.25,1
2025-12-01,RX1,NHS ENGLAND MIDLANDS ,NOTTINGHAM UNIVERSITY HOSPITALS NHS TRUST,12838,1958,8866,0,0,257,7926,172,1309,0,0,0,196,578,4034,0,948,4370,23662,9407,60.24,1
2025-12-01,RXR,NHS ENGLAND NORTH WEST ,EAST LANCASHIRE HOSPITALS NHS TRUST,13823,0,10496,0,0,0,4863,0,524,0,0,0,412,1139,4344,0,103,1826,24319,5387,77.85,1
2025-12-01,RYJ,NHS ENGLAND LONDON,IMPERIAL COLLEGE HEALTHCARE NHS TRUST,12169,3255,6681,0,0,607,5058,45,302,0,0,0,621,0,3624,6,0,1112,22105,5405,75.55,1
2025-12-01,AD913,NHS ENGLAND LONDON,BECKENHAM BEACON UCC,0,0,3330,0,0,288,0,0,31,0,0,0,0,0,0,0,0,0,3330,31,99.07,0
2025-12-01,AQM01,NHS ENGLAND SOUTH EAST ,FAVERSHAM MEDICAL PRACTICE MIU,0,0,3186,0,0,0,0,0,0,0,0,0,0,0,0,0,0,0,3186,0,100.0,0
2025-12-01,NNJ07,NHS ENGLAND MIDLANDS ,LOUGHBOROUGH URGENT CARE CENTRE,0,0,5189,0,0,2178,0,0,23,0,0,5,0,0,0,0,0,0,5189,23,99.56,0
2025-12-01,NNJ0H,NHS ENGLAND MIDLANDS ,LLR EA - THE MERLYN VAZ HEALTH & SOCIAL CARE CENTRE,0,0,217,0,0,2524,0,0,0,0,0,1,0,0,0,0,0,0,217,0,100.0,0
2025-12-01,NNJ12,NHS ENGLAND MIDLANDS ,MARKET HARBOROUGH,0,0,97,0,0,443,0,0,0,0,0,0,0,0,0,0,0,0,97,0,100.0,0
2025-12-01,NNJ13,NHS ENGLAND MIDLANDS ,MELTON MOWBRAY,0,0,55,0,0,412,0,0,0,0,0,1,0,0,0,0,0,0,55,0,100.0,0
2025-12-01,NNJ14,NHS ENGLAND MIDLANDS ,OADBY,0,0,546,0,0,2513,0,0,1,0,0,12,0,0,0,0,0,0,546,1,99.82,0
2025-12-01,NNJ15,NHS ENGLAND MIDLANDS ,OAKHAM,0,0,55,0,0,396,0,0,0,0,0,0,0,0,0,0,0,0,55,0,100.0,0
2025-12-01,R1F,NHS ENGLAND SOUTH EAST ,ISLE OF WIGHT NHS TRUST,4274,265,1461,22,0,12,1637,0,113,5,0,0,296,162,1411,0,0,233,6000,1750,70.83,1
2025-12-01,RAJ,NHS ENGLAND EAST OF ENGLAND ,MID AND SOUTH ESSEX NHS FOUNDATION TRUST,27713,0,7575,2,0,1,10824,0,190,0,0,0,2261,869,8686,0,96,1130,35288,11014,68.79,1
2025-12-01,RCD,NHS ENGLAND NORTH EAST AND YORKSHIRE ,HARROGATE AND DISTRICT NHS FOUNDATION TRUST,5262,0,1353,304,0,17,1825,0,0,66,0,0,159,6,1226,0,0,293,6615,1825,72.41,1
2025-12-01,RD8,NHS ENGLAND EAST OF ENGLAND ,MILTON KEYNES UNIVERSITY HOSPITAL NHS FOUNDATION TRUST,7749,0,5682,810,0,368,3066,0,162,350,0,0,604,0,2229,0,0,485,13431,3228,75.97,1
2025-12-01,RDE,NHS ENGLAND EAST OF ENGLAND ,EAST SUFFOLK AND NORTH ESSEX NHS FOUNDATION TRUST,11399,0,13004,0,0,0,5265,0,849,0,0,0,810,433,5057,0,0,333,24403,6114,74.95,1
2025-12-01,RDR,NHS ENGLAND SOUTH EAST ,SUSSEX COMMUNITY NHS FOUNDATION TRUST,0,0,11047,0,0,0,0,0,215,0,0,0,0,0,0,0,0,0,11047,215,98.05,0
2025-12-01,RF4,NHS ENGLAND LONDON,"BARKING, HAVERING AND REDBRIDGE UNIVERSITY HOSPITALS NHS TRUST",13846,2271,14734,0,0,0,6745,527,174,0,0,0,722,840,3554,0,0,1658,30851,7446,75.86,1
2025-12-01,RFF,NHS ENGLAND NORTH EAST AND YORKSHIRE ,BARNSLEY HOSPITAL NHS FOUNDATION TRUST,9266,0,0,20,0,0,2831,0,0,0,0,0,601,11,3239,0,0,546,9266,2831,69.45,1
2025-12-01,RGN,NHS ENGLAND EAST OF ENGLAND ,NORTH WEST ANGLIA NHS FOUNDATION TRUST,15671,0,4510,334,0,420,5968,0,105,78,0,9,572,865,3999,0,40,1419,20181,6073,69.91,1
2025-12-01,RGR,NHS ENGLAND EAST OF ENGLAND ,WEST SUFFOLK NHS FOUNDATION TRUST,7850,0,815,72,0,0,2566,0,0,0,0,0,481,341,2021,0,0,254,8665,2566,70.39,1
2025-12-01,RH5,NHS ENGLAND SOUTH WEST ,SOMERSET NHS FOUNDATION TRUST,11873,0,8920,0,0,0,5902,0,187,0,0,0,502,132,3077,0,0,1670,20793,6089,70.72,1
2025-12-01,RHM,NHS ENGLAND SOUTH EAST ,UNIVERSITY HOSPITAL SOUTHAMPTON NHS FOUNDATION TRUST,11758,1133,0,0,0,0,4459,36,0,0,0,0,568,11,4123,7,0,1640,12891,4495,65.13,1
2025-12-01,RHQ,NHS ENGLAND NORTH EAST AND YORKSHIRE ,SHEFFIELD TEACHING HOSPITALS NHS FOUNDATION TRUST,9074,1108,7050,332,0,1116,4702,1,419,143,0,44,1214,5,3382,0,0,3666,17232,5122,70.28,1
2025-12-01,RHU,NHS ENGLAND SOUTH EAST ,PORTSMOUTH HOSPITALS UNIVERSITY NHS TRUST,10779,956,2825,2009,0,896,4119,4,10,647,0,0,773,1033,3304,0,0,2429,14560,4133,71.61,1
2025-12-01,RK5,NHS ENGLAND MIDLANDS ,SHERWOOD FOREST HOSPITALS NHS FOUNDATION TRUST,10530,0,5527,437,0,165,4775,0,531,186,0,3,860,642,3691,0,0,328,16057,5306,66.96,1
2025-12-01,RM1,NHS ENGLAND EAST OF ENGLAND ,NORFOLK AND NORWICH UNIVERSITY HOSPITALS NHS FOUNDATION TRUST,12638,0,8115,0,0,0,3957,0,3,0,0,0,706,257,2444,0,0,1459,20753,3960,80.92,1
2025-12-01,RMP,NHS ENGLAND NORTH WEST ,TAMESIDE AND GLOSSOP INTEGRATED CARE NHS FOUNDATION TRUST,8140,0,3507,421,0,78,4161,0,162,0,0,0,361,718,1713,0,0,263,11647,4323,62.88,1
2025-12-01,RN7,NHS ENGLAND SOUTH EAST ,DARTFORD AND GRAVESHAM NHS TRUST,11729,0,3731,0,0,0,2881,0,79,0,0,0,586,342,3726,0,0,311,15460,2960,80.85,1
2025-12-01,RNA,NHS ENGLAND MIDLANDS ,THE DUDLEY GROUP NHS FOUNDATION TRUST,9815,0,4324,0,0,654,4068,0,218,0,0,0,2856,155,3672,0,0,2472,14139,4286,69.69,1
2025-12-01,RNZ,NHS ENGLAND SOUTH WEST ,SALISBURY NHS FOUNDATION TRUST,4458,283,2150,206,0,0,1661,0,0,66,0,0,417,101,1486,0,0,980,6891,1661,75.9,1
2025-12-01,RP5,NHS ENGLAND NORTH EAST AND YORKSHIRE ,DONCASTER AND BASSETLAW TEACHING HOSPITALS NHS FOUNDATION TRUST,13497,0,3778,0,0,0,5338,0,0,0,0,0,1246,235,3719,0,422,1122,17275,5338,69.1,1
2025-12-01,RRF,NHS ENGLAND NORTH WEST ,"WRIGHTINGTON, WIGAN AND LEIGH NHS FOUNDATION TRUST",8080,0,4363,0,0,0,4062,0,71,0,0,0,548,453,2298,0,0,408,12443,4133,66.78,1
2025-12-01,RTD,NHS ENGLAND NORTH EAST AND YORKSHIRE ,THE NEWCASTLE UPON TYNE HOSPITALS NHS FOUNDATION TRUST,12604,1576,6407,0,0,1379,5205,46,28,0,0,0,569,65,3846,17,0,2735,20587,5279,74.36,1
2025-12-01,RTF,NHS ENGLAND NORTH EAST AND YORKSHIRE ,NORTHUMBRIA HEALTHCARE NHS FOUNDATION TRUST,10826,0,12639,0,0,0,3036,0,0,0,0,0,89,0,4184,0,8,508,23465,3036,87.06,1
2025-12-01,RTK,NHS ENGLAND SOUTH EAST ,ASHFORD AND ST PETER'S HOSPITALS NHS FOUNDATION TRUST,7785,0,2532,0,0,0,3911,0,12,0,0,0,596,359,3057,0,0,481,10317,3923,61.98,1
2025-12-01,RWG,NHS ENGLAND EAST OF ENGLAND ,WEST HERTFORDSHIRE TEACHING HOSPITALS NHS TRUST,8832,0,7444,0,0,811,2577,0,194,0,0,0,669,27,4458,0,0,704,16276,2771,82.97,1
2025-12-01,RWW,NHS ENGLAND NORTH WEST ,WARRINGTON AND HALTON TEACHING HOSPITALS NHS FOUNDATION TRUST,6918,0,2815,275,0,98,3672,0,27,76,0,3,814,772,2053,0,0,157,9733,3699,62.0,1
2025-12-01,RXC,NHS ENGLAND SOUTH EAST ,EAST SUSSEX HEALTHCARE NHS TRUST,9441,0,1859,2059,0,1634,4009,0,49,0,0,0,275,70,3301,0,0,515,11300,4058,64.09,1
2025-12-01,RXL,NHS ENGLAND NORTH WEST ,BLACKPOOL TEACHING HOSPITALS NHS FOUNDATION TRUST,8841,0,9969,367,0,435,4200,0,124,119,0,0,498,466,2827,0,0,1136,18810,4324,77.01,1
2025-12-01,RXP,NHS ENGLAND NORTH EAST AND YORKSHIRE ,COUNTY DURHAM AND DARLINGTON NHS FOUNDATION TRUST,12861,0,4059,0,0,7877,5583,0,0,0,0,0,1981,30,4461,0,0,876,16920,5583,67.0,1
2025-12-01,RY2,NHS ENGLAND NORTH WEST ,BRIDGEWATER COMMUNITY HEALTHCARE NHS FOUNDATION TRUST,0,0,3088,0,0,183,0,0,130,0,0,1,0,0,0,0,0,0,3088,130,95.79,0
2025-12-01,R1H,NHS ENGLAND LONDON,BARTS HEALTH NHS TRUST,25706,773,18261,0,0,0,12110,18,1857,0,0,0,1150,1088,4455,1,46,1283,44740,13985,68.74,1
2025-12-01,RA7,NHS ENGLAND SOUTH WEST ,UNIVERSITY HOSPITALS BRISTOL AND WESTON NHS FOUNDATION TRUST,16151,2167,0,0,0,0,5956,169,0,0,0,0,1219,496,5082,11,0,1620,18318,6125,66.56,1
2025-12-01,RAX,NHS ENGLAND LONDON,KINGSTON AND RICHMOND NHS FOUNDATION TRUST,7217,0,8083,0,0,0,3964,0,345,0,0,0,255,498,2436,0,289,640,15300,4309,71.84,1
2025-12-01,RFR,NHS ENGLAND NORTH EAST AND YORKSHIRE ,THE ROTHERHAM NHS FOUNDATION TRUST,9857,0,0,0,0,0,3359,0,0,0,0,0,808,22,1867,0,0,547,9857,3359,65.92,1
2025-12-01,RGT,NHS ENGLAND EAST OF ENGLAND ,CAMBRIDGE UNIVERSITY HOSPITALS NHS FOUNDATION TRUST,10979,0,4843,260,0,281,4799,0,103,53,0,10,527,420,2953,0,37,449,15822,4902,69.02,1
2025-12-01,RJ1,NHS ENGLAND LONDON,GUY'S AND ST THOMAS' NHS FOUNDATION TRUST,10381,0,6502,0,0,0,3407,0,135,0,0,0,129,60,2044,0,0,278,16883,3542,79.02,1
2025-12-01,RVR,NHS ENGLAND LONDON,EPSOM AND ST HELIER UNIVERSITY HOSPITALS NHS TRUST,11581,0,1927,0,0,0,3817,0,123,0,0,0,722,821,2405,0,0,118,13508,3940,70.83,1
2025-12-01,RWA,NHS ENGLAND NORTH EAST AND YORKSHIRE ,HULL UNIVERSITY TEACHING HOSPITALS NHS TRUST,10230,0,4228,0,0,0,5408,0,356,0,0,0,953,635,3928,0,0,2264,14458,5764,60.13,1
2025-12-01,RWX,NHS ENGLAND SOUTH EAST ,BERKSHIRE HEALTHCARE NHS FOUNDATION TRUST,0,0,1244,0,0,0,0,0,13,0,0,0,0,0,0,0,32,0,1244,13,98.95,0
2025-12-01,RMC,NHS ENGLAND NORTH WEST ,BOLTON NHS FOUNDATION TRUST,8610,0,3237,33,0,8,4428,0,296,11,0,0,512,440,2695,0,82,957,11847,4724,60.12,1
2025-12-01,RQ3,NHS ENGLAND MIDLANDS ,BIRMINGHAM WOMEN'S AND CHILDREN'S NHS FOUNDATION TRUST,5169,0,0,0,0,0,1484,0,0,0,0,0,52,3,735,0,0,196,5169,1484,71.29,1
2025-12-01,RTH,NHS ENGLAND SOUTH EAST ,OXFORD UNIVERSITY HOSPITALS NHS FOUNDATION TRUST,12246,1677,3448,1709,0,186,4126,0,86,370,0,33,743,14,5129,107,9,4348,17371,4212,75.75,1
2025-12-01,RYX,NHS ENGLAND LONDON,CENTRAL LONDON COMMUNITY HEALTHCARE NHS TRUST,0,0,11883,0,0,580,0,0,143,0,0,5,0,0,0,0,0,0,11883,143,98.8,0
2025-12-01,DT301,NHS ENGLAND EAST OF ENGLAND ,HERTS URGENT CARE (ASCOTS LANE),0,0,1857,0,0,0,0,0,37,0,0,0,0,0,0,0,0,0,1857,37,98.01,0
2025-12-01,RBD,NHS ENGLAND SOUTH WEST ,DORSET COUNTY HOSPITAL NHS FOUNDATION TRUST,4536,0,0,510,0,3910,1868,0,0,141,0,10,220,63,1967,0,0,502,4536,1868,58.82,1
2025-12-01,RFS,NHS ENGLAND MIDLANDS ,CHESTERFIELD ROYAL HOSPITAL NHS FOUNDATION TRUST,6384,0,6075,1018,0,454,3165,0,41,513,0,0,637,385,2089,0,31,151,12459,3206,74.27,1
2025-12-01,RM3,NHS ENGLAND NORTH WEST ,NORTHERN CARE ALLIANCE NHS FOUNDATION TRUST,26198,0,10203,0,0,0,10888,0,345,0,0,0,1121,1085,7873,0,435,2249,36401,11233,69.14,1
2025-12-01,RXN,NHS ENGLAND NORTH WEST ,LANCASHIRE TEACHING HOSPITALS NHS FOUNDATION TRUST,12275,0,3250,177,0,143,4443,0,92,33,0,3,1006,446,3091,0,121,1259,15525,4535,70.79,1
2025-12-01,R1K,NHS ENGLAND LONDON,LONDON NORTH WEST UNIVERSITY HEALTHCARE NHS TRUST,13918,0,15544,0,0,0,7172,0,866,0,0,0,649,673,6203,0,0,287,29462,8038,72.72,1
2025-12-01,RBL,NHS ENGLAND NORTH WEST ,WIRRAL UNIVERSITY TEACHING HOSPITAL NHS FOUNDATION TRUST,7893,0,3086,0,0,155,4414,0,209,0,0,12,480,897,2204,0,0,1853,10979,4623,57.89,1
2025-12-01,RBN,NHS ENGLAND NORTH WEST ,MERSEY AND WEST LANCASHIRE TEACHING HOSPITALS NHS TRUST,17740,0,7162,246,0,0,7414,0,127,65,0,0,570,497,7162,0,0,647,24902,7541,69.72,1
2026-02-01,Y02676,NHS ENGLAND SOUTH EAST ,BRIGHTON STATION HEALTH CENTRE,0,0,1736,0,0,0,0,0,0,0,0,0,0,0,0,0,0,0,1736,0,100.0,0
2026-02-01,AAH,NHS ENGLAND SOUTH WEST ,TETBURY HOSPITAL TRUST LTD,0,0,537,0,0,0,0,0,0,0,0,0,0,0,0,0,0,0,537,0,100.0,0
2026-02-01,AJN,NHS ENGLAND NORTH EAST AND YORKSHIRE ,WORKINGTON HEALTH LIMITED,0,0,360,0,0,0,0,0,0,0,0,0,0,0,0,0,0,0,360,0,100.0,0
2026-02-01,C82038,NHS ENGLAND MIDLANDS ,LATHAM HOUSE MEDICAL PRACTICE,0,0,295,0,0,0,0,0,0,0,0,0,0,0,0,0,0,0,295,0,100.0,0
2026-02-01,C83023,NHS ENGLAND MIDLANDS ,SLEAFORD MEDICAL GROUP,0,0,506,0,0,0,0,0,0,0,0,0,0,0,0,0,0,1,506,0,100.0,0
2026-02-01,DJV01,NHS ENGLAND SOUTH EAST ,HERNE BAY HEALTH CARE LTD,0,0,2444,0,0,0,0,0,0,0,0,0,0,0,0,0,0,0,2444,0,100.0,0
2026-02-01,NDJ,NHS ENGLAND SOUTH EAST ,FIRST COMMUNITY HEALTH AND CARE CIC,0,0,2041,0,0,0,0,0,4,0,0,0,0,0,0,0,0,0,2041,4,99.8,0
2026-02-01,NQT5F,NHS ENGLAND NORTH WEST ,SKELMERSDALE WALK IN CENTRE,0,0,1476,0,0,0,0,0,19,0,0,0,0,0,0,0,0,0,1476,19,98.71,0
2026-02-01,NTV0B,NHS ENGLAND SOUTH EAST ,ASHFORD WALK-IN-CENTRE,0,0,2156,0,0,0,0,0,29,0,0,0,0,0,0,0,0,0,2156,29,98.65,0
2026-02-01,NTV0W,NHS ENGLAND SOUTH EAST ,WOKING WALK IN CENTRE,0,0,2462,0,0,0,0,0,46,0,0,0,0,0,0,0,0,0,2462,46,98.13,0
2026-02-01,RA9,NHS ENGLAND SOUTH WEST ,TORBAY AND SOUTH DEVON NHS FOUNDATION TRUST,6060,0,2822,380,0,218,3014,0,11,161,0,2,156,74,1948,0,0,1132,8882,3025,65.94,1
2026-02-01,RGP,NHS ENGLAND EAST OF ENGLAND ,JAMES PAGET UNIVERSITY HOSPITALS NHS FOUNDATION TRUST,6735,0,1474,0,0,0,2319,0,0,0,0,0,497,358,1497,0,0,451,8209,2319,71.75,1
2026-02-01,RTX,NHS ENGLAND NORTH WEST ,UNIVERSITY HOSPITALS OF MORECAMBE BAY NHS FOUNDATION TRUST,7794,0,2343,128,0,1711,3545,0,81,18,0,44,594,766,2900,0,25,874,10137,3626,64.23,1
2026-02-01,RW1,NHS ENGLAND SOUTH EAST ,HAMPSHIRE AND ISLE OF WIGHT HEALTHCARE NHS FOUNDATION TRUST,0,0,2535,0,0,0,0,0,23,0,0,0,0,0,0,0,1,111,2535,23,99.09,0
2026-02-01,RYF,NHS ENGLAND SOUTH WEST ,SOUTH WESTERN AMBULANCE SERVICE NHS FOUNDATION TRUST,0,0,1774,0,0,35,0,0,22,0,0,0,0,0,0,0,0,0,1774,22,98.76,0
2026-02-01,RYY,NHS ENGLAND SOUTH EAST ,KENT COMMUNITY HEALTH NHS FOUNDATION TRUST,0,0,5722,0,0,0,0,0,12,0,0,0,0,0,0,0,0,0,5722,12,99.79,0
2026-02-01,Y02532,NHS ENGLAND NORTH WEST ,MIRIAM MINOR EMERGENCY,0,0,1499,0,0,0,0,0,0,0,0,0,0,0,0,0,0,0,1499,0,100.0,0
2026-02-01,Y02615,NHS ENGLAND MIDLANDS ,SOUTH BIRMINGHAM GP WALK IN CENTRE,0,0,3764,0,0,0,0,0,0,0,0,0,0,0,0,0,0,0,3764,0,100.0,0
2026-02-01,AQM01,NHS ENGLAND SOUTH EAST ,FAVERSHAM MEDICAL PRACTICE MIU,0,0,2780,0,0,0,0,0,0,0,0,0,0,0,0,0,0,0,2780,0,100.0,0
2026-02-01,C82009,NHS ENGLAND MIDLANDS ,MARKET HARBOROUGH MED.CTR,0,0,281,0,0,0,0,0,0,0,0,0,0,0,0,0,0,0,281,0,100.0,0
2026-02-01,L83087,NHS ENGLAND SOUTH WEST ,OKEHAMPTON MEDICAL CENTRE,0,0,52,0,0,0,0,0,0,0,0,0,0,0,0,0,0,0,52,0,100.0,0
2026-02-01,NL7,NHS ENGLAND MIDLANDS ,ASSURA VERTIS URGENT CARE CENTRES (BIRMINGHAM),0,0,2988,0,0,0,0,0,0,0,0,0,0,0,0,0,0,0,2988,0,100.0,0
2026-02-01,NQTE4,NHS ENGLAND MIDLANDS ,SUMMERFIELD URGENT CARE CENTRE,0,0,2795,0,0,0,0,0,0,0,0,0,0,0,0,0,0,0,2795,0,100.0,0
2026-02-01,R1D,NHS ENGLAND MIDLANDS ,SHROPSHIRE COMMUNITY HEALTH NHS TRUST,0,0,2843,0,0,0,0,0,13,0,0,0,0,0,0,0,0,0,2843,13,99.54,0
2026-02-01,RBT,NHS ENGLAND NORTH WEST ,MID CHESHIRE HOSPITALS NHS FOUNDATION TRUST,6395,0,2645,0,0,70,3649,0,7,0,0,0,354,634,2177,0,0,697,9040,3656,59.56,1
2026-02-01,RNN,NHS ENGLAND NORTH EAST AND YORKSHIRE ,NORTH CUMBRIA INTEGRATED CARE NHS FOUNDATION TRUST,8014,0,1548,8,0,0,3569,0,59,2,0,0,667,378,1932,0,0,442,9562,3628,62.06,1
2026-02-01,ACH01,NHS ENGLAND SOUTH EAST ,WHITSTABLE MEDICAL PRACTICE,0,0,4381,0,0,0,0,0,0,0,0,0,0,0,0,0,0,0,4381,0,100.0,0
2026-02-01,NNF09,NHS ENGLAND NORTH EAST AND YORKSHIRE ,BRANSHOLME HEALTH CENTRE,0,0,3846,0,0,0,0,0,525,0,0,0,0,0,0,0,0,0,3846,525,86.35,1
2026-02-01,NNF16,NHS ENGLAND NORTH EAST AND YORKSHIRE ,BRIDLINGTON HOSPITAL,0,0,1526,0,0,0,0,0,62,0,0,0,0,0,0,0,0,0,1526,62,95.94,0
2026-02-01,NNF94,NHS ENGLAND NORTH EAST AND YORKSHIRE ,EAST RIDING COMMUNITY HOSPITAL,0,0,3038,0,0,0,0,0,212,0,0,0,0,0,0,0,0,0,3038,212,93.02,1
2026-02-01,NNFA7,NHS ENGLAND NORTH EAST AND YORKSHIRE ,GOOLE & DISTRICT HOSPITAL,0,0,1790,0,0,0,0,0,5,0,0,0,0,0,0,0,0,0,1790,5,99.72,0
2026-02-01,NTP11,NHS ENGLAND SOUTH EAST ,PRACTICE PLUS GROUP HOSPITAL - SOUTHAMPTON,0,0,4608,0,0,0,0,0,140,0,0,0,0,0,0,0,0,0,4608,140,96.96,0
2026-02-01,RDU,NHS ENGLAND SOUTH EAST ,FRIMLEY HEALTH NHS FOUNDATION TRUST,20751,678,10394,0,0,0,8634,2,261,0,0,0,1233,713,6003,0,0,142,31823,8897,72.04,1
2026-02-01,REP,NHS ENGLAND NORTH WEST ,LIVERPOOL WOMEN'S NHS FOUNDATION TRUST,0,1427,0,0,0,0,0,156,0,0,0,0,0,0,0,112,0,9,1427,156,89.07,1
2026-02-01,RV9,NHS ENGLAND NORTH EAST AND YORKSHIRE ,HUMBER TEACHING NHS FOUNDATION TRUST,0,0,920,0,0,40,0,0,1,0,0,0,0,0,0,0,0,0,920,1,99.89,0
2026-02-01,Y02428,NHS ENGLAND EAST OF ENGLAND ,PUTNOE WALK IN CENTRE,0,0,2711,0,0,0,0,0,0,0,0,0,0,0,0,0,0,0,2711,0,100.0,0
2026-02-01,RBS,NHS ENGLAND NORTH WEST ,ALDER HEY CHILDREN'S NHS FOUNDATION TRUST,5576,0,0,0,0,0,1114,0,0,0,0,0,0,0,896,0,0,214,5576,1114,80.02,1
2026-02-01,RNU,NHS ENGLAND SOUTH EAST ,OXFORD HEALTH NHS FOUNDATION TRUST,0,0,3490,0,0,0,0,0,72,0,0,0,0,0,0,0,0,0,3490,72,97.94,0
2026-02-01,RQX,NHS ENGLAND LONDON,HOMERTON HEALTHCARE NHS FOUNDATION TRUST,10173,0,0,0,0,0,1682,0,0,0,0,0,174,19,1760,0,0,331,10173,1682,83.47,1
2026-02-01,RWE,NHS ENGLAND MIDLANDS ,UNIVERSITY HOSPITALS OF LEICESTER NHS TRUST,20546,1921,0,0,0,0,8190,130,0,0,0,0,1192,727,6428,4,0,3708,22467,8320,62.97,1
2026-02-01,NVE43,NHS ENGLAND SOUTH EAST ,HASTINGS GP LED HEALTH CENTRE,0,0,767,0,0,0,0,0,0,0,0,0,0,0,0,0,0,0,767,0,100.0,0
2026-02-01,RBD,NHS ENGLAND SOUTH WEST ,DORSET COUNTY HOSPITAL NHS FOUNDATION TRUST,3844,0,0,421,0,3332,1646,0,0,111,0,5,183,91,1646,0,0,446,3844,1646,57.18,1
2026-02-01,RLQ,NHS ENGLAND MIDLANDS ,WYE VALLEY NHS TRUST,5398,855,115,103,0,0,2364,0,0,20,0,0,456,234,1332,0,0,119,6368,2364,62.88,1
2026-02-01,RTG,NHS ENGLAND MIDLANDS ,UNIVERSITY HOSPITALS OF DERBY AND BURTON NHS FOUNDATION TRUST,16670,0,8339,2365,0,26,8448,0,1,496,0,0,1032,727,3563,0,1,2061,25009,8449,66.22,1
2026-02-01,RW4,NHS ENGLAND NORTH WEST ,MERSEY CARE NHS FOUNDATION TRUST,0,0,12255,0,0,0,0,0,383,0,0,0,0,0,0,0,0,34,12255,383,96.87,0
2026-02-01,RWP,NHS ENGLAND MIDLANDS ,WORCESTERSHIRE ACUTE HOSPITALS NHS TRUST,12297,0,4732,0,0,0,5555,0,49,0,0,0,786,1059,2848,0,0,800,17029,5604,67.09,1
2026-02-01,RWY,NHS ENGLAND NORTH EAST AND YORKSHIRE ,CALDERDALE AND HUDDERSFIELD NHS FOUNDATION TRUST,14380,0,0,0,0,0,2581,0,0,0,0,0,1253,154,2654,0,0,156,14380,2581,82.05,1
2026-02-01,RY2,NHS ENGLAND NORTH WEST ,BRIDGEWATER COMMUNITY HEALTHCARE NHS FOUNDATION TRUST,0,0,2849,0,0,145,0,0,39,0,0,0,0,0,0,0,0,0,2849,39,98.63,0
2026-02-01,RY5,NHS ENGLAND MIDLANDS ,LINCOLNSHIRE COMMUNITY HEALTH SERVICES NHS TRUST,0,0,7364,0,0,0,0,0,132,0,0,0,0,0,0,0,0,0,7364,132,98.21,0
2026-02-01,RY8,NHS ENGLAND MIDLANDS ,DERBYSHIRE COMMUNITY HEALTH SERVICES NHS FOUNDATION TRUST,0,0,6582,0,0,1367,0,0,261,0,0,23,0,0,0,0,0,0,6582,261,96.03,0
2026-02-01,Y03218,NHS ENGLAND LONDON,THE PINN UNREGISTERED WIC,0,0,780,0,0,0,0,0,0,0,0,0,0,0,0,0,0,0,780,0,100.0,0
2026-02-01,G3P9C,NHS ENGLAND SOUTH WEST ,TROWBRIDGE MINOR INJURIES UNIT,0,0,989,0,0,0,0,0,1,0,0,0,0,0,0,0,0,0,989,1,99.9,0
2026-02-01,NLX,NHS ENGLAND SOUTH WEST ,SIRONA CARE & HEALTH,0,0,7064,0,0,290,0,0,136,0,0,68,0,0,0,0,0,0,7064,136,98.07,0
2026-02-01,NQT1I,NHS ENGLAND SOUTH WEST ,CHIPPENHAM COMMUNITY HOSPITAL,0,0,1393,0,0,0,0,0,29,0,0,0,0,0,0,0,0,0,1393,29,97.92,0
2026-02-01,NQT5H,NHS ENGLAND SOUTH WEST ,PAULTON MEMORIAL HOSPITAL,0,0,998,0,0,0,0,0,10,0,0,0,0,0,0,0,0,0,998,10,99.0,0
2026-02-01,RAT,NHS ENGLAND LONDON,NORTH EAST LONDON NHS FOUNDATION TRUST,0,0,1605,0,0,0,0,0,41,0,0,0,0,0,0,0,0,0,1605,41,97.45,0
2026-02-01,RCD,NHS ENGLAND NORTH EAST AND YORKSHIRE ,HARROGATE AND DISTRICT NHS FOUNDATION TRUST,4569,0,1292,232,0,27,1375,0,1,49,0,0,254,12,1018,0,0,305,5861,1376,76.52,1
2026-02-01,RCU,NHS ENGLAND NORTH EAST AND YORKSHIRE ,SHEFFIELD CHILDREN'S NHS FOUNDATION TRUST,4002,0,348,183,0,26,295,0,0,18,0,0,16,0,896,0,0,87,4350,295,93.22,1
2026-02-01,RJC,NHS ENGLAND MIDLANDS ,SOUTH WARWICKSHIRE UNIVERSITY NHS FOUNDATION TRUST,7533,0,328,2,0,0,2135,0,0,0,0,0,508,87,1636,0,0,633,7861,2135,72.84,1
2026-02-01,RJE,NHS ENGLAND MIDLANDS ,UNIVERSITY HOSPITALS OF NORTH MIDLANDS NHS TRUST,13322,440,7425,611,0,491,7432,0,74,339,0,11,1095,927,4405,0,0,1001,21187,7506,64.57,1
2026-02-01,RJL,NHS ENGLAND NORTH EAST AND YORKSHIRE ,NORTHERN LINCOLNSHIRE AND GOOLE NHS FOUNDATION TRUST,9527,0,5753,0,0,395,4382,0,40,0,0,2,576,874,5136,0,0,369,15280,4422,71.06,1
2026-02-01,RLT,NHS ENGLAND MIDLANDS ,GEORGE ELIOT HOSPITAL NHS TRUST,6469,0,1502,0,0,0,1578,0,3,0,0,0,378,269,1115,0,0,0,7971,1581,80.17,1
2026-02-01,RP5,NHS ENGLAND NORTH EAST AND YORKSHIRE ,DONCASTER AND BASSETLAW TEACHING HOSPITALS NHS FOUNDATION TRUST,12523,0,3554,0,0,0,4722,0,5,0,0,0,1169,202,3663,0,388,1016,16077,4727,70.6,1
2026-02-01,RTK,NHS ENGLAND SOUTH EAST ,ASHFORD AND ST PETER'S HOSPITALS NHS FOUNDATION TRUST,6942,0,2493,0,0,0,3607,0,36,0,0,0,446,452,2844,0,0,506,9435,3643,61.39,1
2026-02-01,RTP,NHS ENGLAND SOUTH EAST ,SURREY AND SUSSEX HEALTHCARE NHS TRUST,9234,0,0,0,0,0,4051,0,0,0,0,0,485,593,2673,0,0,841,9234,4051,56.13,1
2026-02-01,RTQ,NHS ENGLAND SOUTH WEST ,GLOUCESTERSHIRE HEALTH AND CARE NHS FOUNDATION TRUST,0,0,7085,0,0,0,0,0,103,0,0,0,0,0,0,0,0,20,7085,103,98.55,0
2026-02-01,RWF,NHS ENGLAND SOUTH EAST ,MAIDSTONE AND TUNBRIDGE WELLS NHS TRUST,16798,0,1822,804,0,218,4094,0,26,146,0,4,933,373,2226,0,0,697,18620,4120,77.87,1
2026-02-01,RXP,NHS ENGLAND NORTH EAST AND YORKSHIRE ,COUNTY DURHAM AND DARLINGTON NHS FOUNDATION TRUST,11451,0,3338,0,0,6427,4871,0,0,0,0,0,1808,18,4119,0,0,736,14789,4871,67.06,1
2026-02-01,RXQ,NHS ENGLAND SOUTH EAST ,BUCKINGHAMSHIRE HEALTHCARE NHS TRUST,8435,1064,2617,0,0,0,3165,0,32,0,0,0,158,321,3031,806,0,1114,12116,3197,73.61,1
2026-02-01,AD913,NHS ENGLAND LONDON,BECKENHAM BEACON UCC,0,0,3098,0,0,163,0,0,6,0,0,0,0,0,0,0,0,0,3098,6,99.81,0
2026-02-01,AQN04,NHS ENGLAND SOUTH EAST ,PHL LYMINGTON UTC,0,0,2696,0,0,3,0,0,7,0,0,0,0,0,0,0,0,0,2696,7,99.74,0
2026-02-01,ARN03,NHS ENGLAND NORTH EAST AND YORKSHIRE ,LOCAL CARE DIRECT,0,0,2209,0,0,194,0,0,9,0,0,0,0,0,0,0,0,0,2209,9,99.59,0
2026-02-01,NV693,NHS ENGLAND NORTH WEST ,ROSSENDALE MIU & OOH,0,0,772,0,0,0,0,0,1,0,0,0,0,0,0,0,0,0,772,1,99.87,0
2026-02-01,R1F,NHS ENGLAND SOUTH EAST ,ISLE OF WIGHT NHS TRUST,3551,224,1324,17,0,8,1235,0,78,0,0,0,211,159,1249,0,0,114,5099,1313,74.25,1
2026-02-01,RA2,NHS ENGLAND SOUTH EAST ,ROYAL SURREY NHS FOUNDATION TRUST,6229,0,1768,833,0,35,2097,0,0,212,0,0,326,8,2204,0,0,994,7997,2097,73.78,1
2026-02-01,RAE,NHS ENGLAND NORTH EAST AND YORKSHIRE ,BRADFORD TEACHING HOSPITALS NHS FOUNDATION TRUST,8619,953,2874,0,0,0,1977,0,0,0,0,0,572,75,2321,0,18,1232,12446,1977,84.12,1
2026-02-01,RBK,NHS ENGLAND MIDLANDS ,WALSALL HEALTHCARE NHS TRUST,8964,0,3526,52,0,127,3143,0,54,18,0,0,1048,331,3976,0,0,834,12490,3197,74.4,1
2026-02-01,RC9,NHS ENGLAND EAST OF ENGLAND ,BEDFORDSHIRE HOSPITALS NHS FOUNDATION TRUST,15343,0,8106,0,0,839,5384,0,0,0,0,0,80,65,4819,0,0,2293,23449,5384,77.04,1
2026-02-01,RH8,NHS ENGLAND SOUTH WEST ,ROYAL DEVON UNIVERSITY HEALTHCARE NHS FOUNDATION TRUST,11271,0,3705,1389,0,79,5037,0,14,564,0,0,885,298,3096,0,0,1832,14976,5051,66.27,1
2026-02-01,RJR,NHS ENGLAND NORTH WEST ,COUNTESS OF CHESTER HOSPITAL NHS FOUNDATION TRUST,4892,0,2263,0,0,0,2525,0,351,0,0,0,229,747,1713,0,0,1171,7155,2876,59.8,1
2026-02-01,RK9,NHS ENGLAND SOUTH WEST ,UNIVERSITY HOSPITALS PLYMOUTH NHS TRUST,7807,127,6932,0,0,0,4956,19,143,0,0,0,516,591,2736,0,0,1682,14866,5118,65.57,1
2026-02-01,RKB,NHS ENGLAND MIDLANDS ,UNIVERSITY HOSPITALS COVENTRY AND WARWICKSHIRE NHS TRUST,11365,2426,5403,0,0,0,4797,84,87,0,0,0,50,14,871,42,36,340,19194,4968,74.12,1
2026-02-01,RMP,NHS ENGLAND NORTH WEST ,TAMESIDE AND GLOSSOP INTEGRATED CARE NHS FOUNDATION TRUST,7536,0,2572,340,0,131,4074,0,49,0,0,0,321,706,1527,0,0,259,10108,4123,59.21,1
2026-02-01,RN5,NHS ENGLAND SOUTH EAST ,HAMPSHIRE HOSPITALS NHS FOUNDATION TRUST,9416,51,3936,0,0,116,4819,0,136,0,0,0,197,18,3314,7,70,1050,13403,4955,63.03,1
2026-02-01,RP6,NHS ENGLAND LONDON,MOORFIELDS EYE HOSPITAL NHS FOUNDATION TRUST,0,5444,0,0,0,0,0,62,0,0,0,0,0,0,0,3,0,223,5444,62,98.86,0
2026-02-01,RQW,NHS ENGLAND EAST OF ENGLAND ,THE PRINCESS ALEXANDRA HOSPITAL NHS TRUST,7845,0,1890,0,0,471,2063,0,0,0,0,0,522,286,1729,0,4,302,9735,2063,78.81,1
2026-02-01,RR7,NHS ENGLAND NORTH EAST AND YORKSHIRE ,GATESHEAD HEALTH NHS FOUNDATION TRUST,5310,0,4073,14,0,0,2298,0,38,7,0,0,667,1,1533,0,0,36,9383,2336,75.1,1
2026-02-01,RRK,NHS ENGLAND MIDLANDS ,UNIVERSITY HOSPITALS BIRMINGHAM NHS FOUNDATION TRUST,30640,298,2868,0,0,145,12820,0,40,0,0,2,2238,1923,9296,0,0,7490,33806,12860,61.96,1
2026-02-01,RVW,NHS ENGLAND NORTH EAST AND YORKSHIRE ,NORTH TEES AND HARTLEPOOL NHS FOUNDATION TRUST,4547,0,10252,0,0,0,2496,0,19,0,0,0,209,39,1530,0,430,2315,14799,2515,83.01,1
2026-02-01,RXF,NHS ENGLAND NORTH EAST AND YORKSHIRE ,MID YORKSHIRE TEACHING NHS TRUST,14874,128,5785,112,0,85,5674,0,157,0,0,0,2006,610,3065,0,161,812,20787,5831,71.95,1
2026-02-01,RY7,NHS ENGLAND NORTH WEST ,WIRRAL COMMUNITY HEALTH AND CARE NHS FOUNDATION TRUST,0,0,3123,0,0,0,0,0,205,0,0,0,0,0,0,0,0,0,3123,205,93.44,1
2026-02-01,RYR,NHS ENGLAND SOUTH EAST ,UNIVERSITY HOSPITALS SUSSEX NHS FOUNDATION TRUST,24026,1458,1562,1426,0,368,10461,34,187,509,0,16,894,946,7713,27,48,1597,27046,10682,60.5,1
2026-02-01,G0Q0L,NHS ENGLAND LONDON,BARKING HOSPITAL UTC,0,0,2696,0,0,0,0,0,18,0,0,0,0,0,0,0,0,0,2696,18,99.33,0
2026-02-01,K6K0R,NHS ENGLAND LONDON,HAROLD WOOD POLYCLINIC UTC,0,0,2599,0,0,0,0,0,11,0,0,0,0,0,0,0,0,0,2599,11,99.58,0
2026-02-01,NNJ,NHS ENGLAND MIDLANDS ,DHU HEALTH CARE C.I.C,0,0,1788,0,0,0,0,0,0,0,0,0,0,0,0,0,0,0,1788,0,100.0,0
2026-02-01,R0A,NHS ENGLAND NORTH WEST ,MANCHESTER UNIVERSITY NHS FOUNDATION TRUST,24273,2871,9991,3267,447,749,9641,99,290,1271,34,34,3528,83,5443,115,96,409,37135,10030,72.99,1
2026-02-01,R0D,NHS ENGLAND SOUTH WEST ,UNIVERSITY HOSPITALS DORSET NHS FOUNDATION TRUST,13434,0,3334,0,0,0,6069,0,0,0,0,0,997,454,3880,0,0,2371,16768,6069,63.81,1
2026-02-01,RAJ,NHS ENGLAND EAST OF ENGLAND ,MID AND SOUTH ESSEX NHS FOUNDATION TRUST,24311,0,7273,0,0,1,10563,0,269,0,0,0,2196,1184,7794,0,109,1073,31584,10832,65.7,1
2026-02-01,RAX,NHS ENGLAND LONDON,KINGSTON AND RICHMOND NHS FOUNDATION TRUST,6356,0,7221,0,0,0,3413,0,263,0,0,0,227,467,2210,0,241,677,13577,3676,72.92,1
2026-02-01,RCX,NHS ENGLAND EAST OF ENGLAND ,"THE QUEEN ELIZABETH HOSPITAL, KING'S LYNN, NHS FOUNDATION TRUST",6151,0,1807,0,0,0,2827,0,0,0,0,0,720,131,1792,0,0,361,7958,2827,64.48,1
2026-02-01,RD8,NHS ENGLAND EAST OF ENGLAND ,MILTON KEYNES UNIVERSITY HOSPITAL NHS FOUNDATION TRUST,7474,0,4949,693,0,351,3776,0,126,378,0,0,607,0,2082,0,0,408,12423,3902,68.59,1
2026-02-01,REF,NHS ENGLAND SOUTH WEST ,ROYAL CORNWALL HOSPITALS NHS TRUST,6239,0,9986,0,0,0,3619,0,513,0,0,0,663,529,2409,0,34,1154,16225,4132,74.53,1
2026-02-01,RF4,NHS ENGLAND LONDON,"BARKING, HAVERING AND REDBRIDGE UNIVERSITY HOSPITALS NHS TRUST",12627,2267,13122,0,0,0,5281,375,155,0,0,0,564,628,3385,0,0,1762,28016,5811,79.26,1
2026-02-01,RFR,NHS ENGLAND NORTH EAST AND YORKSHIRE ,THE ROTHERHAM NHS FOUNDATION TRUST,8770,0,0,0,0,0,2958,0,0,0,0,0,903,54,1557,0,0,440,8770,2958,66.27,1
2026-02-01,RFS,NHS ENGLAND MIDLANDS ,CHESTERFIELD ROYAL HOSPITAL NHS FOUNDATION TRUST,6796,0,5530,0,0,0,3794,0,38,0,0,0,558,523,1794,0,15,137,12326,3832,68.91,1
2026-02-01,RGR,NHS ENGLAND EAST OF ENGLAND ,WEST SUFFOLK NHS FOUNDATION TRUST,7170,0,874,51,0,0,2577,0,0,0,0,0,428,546,1777,0,0,231,8044,2577,67.96,1
2026-02-01,RHQ,NHS ENGLAND NORTH EAST AND YORKSHIRE ,SHEFFIELD TEACHING HOSPITALS NHS FOUNDATION TRUST,8037,1134,6654,268,1,989,4030,2,215,117,0,24,935,4,2917,0,0,3294,15825,4247,73.16,1
2026-02-01,RJ1,NHS ENGLAND LONDON,GUY'S AND ST THOMAS' NHS FOUNDATION TRUST,9456,0,6214,0,0,0,3677,0,115,0,0,0,167,67,1886,0,0,247,15670,3792,75.8,1
2026-02-01,RN3,NHS ENGLAND SOUTH WEST ,GREAT WESTERN HOSPITALS NHS FOUNDATION TRUST,5608,0,4955,0,0,0,2936,0,322,0,0,0,364,444,2502,0,0,1155,10563,3258,69.16,1
2026-02-01,RNA,NHS ENGLAND MIDLANDS ,THE DUDLEY GROUP NHS FOUNDATION TRUST,8946,0,3879,0,0,580,3063,0,62,0,0,0,2445,178,3265,0,0,2497,12825,3125,75.63,1
2026-02-01,RNZ,NHS ENGLAND SOUTH WEST ,SALISBURY NHS FOUNDATION TRUST,4191,308,1723,195,0,0,1871,0,0,84,0,0,395,152,1221,0,0,900,6222,1871,69.93,1
2026-02-01,RPC,NHS ENGLAND SOUTH EAST ,QUEEN VICTORIA HOSPITAL NHS FOUNDATION TRUST,0,0,1109,0,0,0,0,0,13,0,0,0,0,0,0,0,2,500,1109,13,98.83,0
2026-02-01,RQ3,NHS ENGLAND MIDLANDS ,BIRMINGHAM WOMEN'S AND CHILDREN'S NHS FOUNDATION TRUST,4440,0,0,0,0,0,1021,0,0,0,0,0,34,1,559,0,0,168,4440,1021,77.0,1
2026-02-01,RTD,NHS ENGLAND NORTH EAST AND YORKSHIRE ,THE NEWCASTLE UPON TYNE HOSPITALS NHS FOUNDATION TRUST,10171,1658,8131,0,0,1280,4926,95,172,0,0,0,627,63,3666,26,0,2700,19960,5193,73.98,1
2026-02-01,RTF,NHS ENGLAND NORTH EAST AND YORKSHIRE ,NORTHUMBRIA HEALTHCARE NHS FOUNDATION TRUST,9593,0,11737,0,0,0,2664,0,3,0,0,0,45,0,3832,0,13,507,21330,2667,87.5,1
2026-02-01,RWX,NHS ENGLAND SOUTH EAST ,BERKSHIRE HEALTHCARE NHS FOUNDATION TRUST,0,0,1176,0,0,0,0,0,10,0,0,0,0,0,0,0,28,0,1176,10,99.15,0
2026-02-01,RXK,NHS ENGLAND MIDLANDS ,SANDWELL AND WEST BIRMINGHAM HOSPITALS NHS TRUST,10569,1085,7702,397,0,0,5128,166,138,202,0,0,711,448,2292,0,37,96,19356,5432,71.94,1
2026-02-01,RY4,NHS ENGLAND EAST OF ENGLAND ,HERTFORDSHIRE COMMUNITY NHS TRUST,0,0,1021,0,0,0,0,0,10,0,0,0,0,0,0,0,0,0,1021,10,99.02,0
2026-02-01,RYJ,NHS ENGLAND LONDON,IMPERIAL COLLEGE HEALTHCARE NHS TRUST,11379,3441,6043,0,0,550,4645,28,245,0,0,0,494,0,3165,0,0,1091,20863,4918,76.43,1
2026-02-01,NNJ07,NHS ENGLAND MIDLANDS ,LOUGHBOROUGH URGENT CARE CENTRE,0,0,4952,0,0,2110,0,0,30,0,0,20,0,0,0,0,0,0,4952,30,99.39,0
2026-02-01,NNJ0H,NHS ENGLAND MIDLANDS ,LLR EA - THE MERLYN VAZ HEALTH & SOCIAL CARE CENTRE,0,0,168,0,0,2252,0,0,0,0,0,0,0,0,0,0,0,0,168,0,100.0,0
2026-02-01,NNJ12,NHS ENGLAND MIDLANDS ,MARKET HARBOROUGH,0,0,116,0,0,410,0,0,0,0,0,1,0,0,0,0,0,0,116,0,100.0,0
2026-02-01,NNJ13,NHS ENGLAND MIDLANDS ,MELTON MOWBRAY,0,0,40,0,0,321,0,0,0,0,0,0,0,0,0,0,0,0,40,0,100.0,0
2026-02-01,NNJ14,NHS ENGLAND MIDLANDS ,OADBY,0,0,484,0,0,2209,0,0,2,0,0,10,0,0,0,0,0,0,484,2,99.59,0
2026-02-01,NNJ15,NHS ENGLAND MIDLANDS ,OAKHAM,0,0,53,0,0,360,0,0,0,0,0,1,0,0,0,0,0,0,53,0,100.0,0
2026-02-01,NTPAD,NHS ENGLAND SOUTH EAST ,PRACTICE PLUS GROUP SURGICAL CENTRE - ST MARYS PORTSMOUTH,0,0,4662,0,0,167,0,0,243,0,0,1,0,0,0,0,0,0,4662,243,94.79,1
2026-02-01,R0B,NHS ENGLAND NORTH EAST AND YORKSHIRE ,SOUTH TYNESIDE AND SUNDERLAND NHS FOUNDATION TRUST,10371,1235,5014,842,0,1363,5314,9,196,457,0,50,723,1,4199,20,0,1032,16620,5519,66.79,1
2026-02-01,R1H,NHS ENGLAND LONDON,BARTS HEALTH NHS TRUST,24013,741,15869,0,0,0,10119,4,790,0,0,0,913,1271,3905,0,53,1254,40623,10913,73.14,1
2026-02-01,RAS,NHS ENGLAND LONDON,THE HILLINGDON HOSPITALS NHS FOUNDATION TRUST,4633,0,5942,0,0,0,1969,0,23,0,0,0,520,18,1622,0,0,64,10575,1992,81.16,1
2026-02-01,RBN,NHS ENGLAND NORTH WEST ,MERSEY AND WEST LANCASHIRE TEACHING HOSPITALS NHS TRUST,15685,0,6585,214,0,0,6218,0,88,42,0,0,389,480,6608,0,0,654,22270,6306,71.68,1
2026-02-01,RCB,NHS ENGLAND NORTH EAST AND YORKSHIRE ,YORK AND SCARBOROUGH TEACHING HOSPITALS NHS FOUNDATION TRUST,10322,335,5851,0,0,0,5614,0,248,0,0,0,760,406,4693,0,0,1506,16508,5862,64.49,1
2026-02-01,RCF,NHS ENGLAND NORTH EAST AND YORKSHIRE ,AIREDALE NHS FOUNDATION TRUST,5277,197,0,398,0,0,2307,0,0,0,0,0,419,262,1427,0,0,490,5474,2307,57.86,1
2026-02-01,RD1,NHS ENGLAND SOUTH WEST ,ROYAL UNITED HOSPITALS BATH NHS FOUNDATION TRUST,8288,0,0,0,0,0,3645,0,0,0,0,0,806,219,2553,0,3,2071,8288,3645,56.02,1
2026-02-01,RDE,NHS ENGLAND EAST OF ENGLAND ,EAST SUFFOLK AND NORTH ESSEX NHS FOUNDATION TRUST,10184,0,11887,0,0,0,4342,0,999,0,0,0,768,559,4438,0,0,252,22071,5341,75.8,1
2026-02-01,RDR,NHS ENGLAND SOUTH EAST ,SUSSEX COMMUNITY NHS FOUNDATION TRUST,0,0,10054,0,0,0,0,0,74,0,0,0,0,0,0,0,0,0,10054,74,99.26,0
2026-02-01,REM,NHS ENGLAND NORTH WEST ,LIVERPOOL UNIVERSITY HOSPITALS NHS FOUNDATION TRUST,14733,1638,7259,494,0,0,7314,0,349,206,0,0,711,1234,4754,0,0,2234,23630,7663,67.57,1
2026-02-01,RFF,NHS ENGLAND NORTH EAST AND YORKSHIRE ,BARNSLEY HOSPITAL NHS FOUNDATION TRUST,8494,0,0,25,0,0,2102,0,0,0,0,0,372,1,3116,0,0,500,8494,2102,75.25,1
2026-02-01,RGN,NHS ENGLAND EAST OF ENGLAND ,NORTH WEST ANGLIA NHS FOUNDATION TRUST,14103,0,4300,316,0,384,5984,0,192,69,0,10,501,921,3550,0,46,1321,18403,6176,66.44,1
2026-02-01,RGT,NHS ENGLAND EAST OF ENGLAND ,CAMBRIDGE UNIVERSITY HOSPITALS NHS FOUNDATION TRUST,10319,0,4758,289,0,277,4672,0,88,69,0,9,480,558,2519,0,28,381,15077,4760,68.43,1
2026-02-01,RHM,NHS ENGLAND SOUTH EAST ,UNIVERSITY HOSPITAL SOUTHAMPTON NHS FOUNDATION TRUST,9612,1058,0,0,0,0,2738,21,0,0,0,0,155,10,3412,8,0,1380,10670,2759,74.14,1
2026-02-01,RHW,NHS ENGLAND SOUTH EAST ,ROYAL BERKSHIRE NHS FOUNDATION TRUST,10031,2388,2376,1239,21,0,3586,88,0,274,1,0,783,52,2106,0,0,335,14795,3674,75.17,1
2026-02-01,RJ2,NHS ENGLAND LONDON,LEWISHAM AND GREENWICH NHS TRUST,14807,0,14963,0,0,852,7625,0,234,0,0,8,1020,703,3485,0,0,484,29770,7859,73.6,1
2026-02-01,RJ7,NHS ENGLAND LONDON,ST GEORGE'S UNIVERSITY HOSPITALS NHS FOUNDATION TRUST,8228,0,3579,299,0,0,2779,0,124,65,0,0,419,443,1782,0,0,532,11807,2903,75.41,1
2026-02-01,RJN,NHS ENGLAND NORTH WEST ,EAST CHESHIRE NHS TRUST,3856,0,0,73,0,69,2105,0,0,0,0,0,218,470,698,0,0,145,3856,2105,45.41,1
2026-02-01,RJZ,NHS ENGLAND LONDON,KING'S COLLEGE HOSPITAL NHS FOUNDATION TRUST,14307,0,8138,54,0,425,6570,0,632,18,0,0,1448,833,3299,0,0,302,22445,7202,67.91,1
2026-02-01,RK5,NHS ENGLAND MIDLANDS ,SHERWOOD FOREST HOSPITALS NHS FOUNDATION TRUST,10460,0,4919,0,0,0,3976,0,376,0,0,0,843,365,3533,0,0,287,15379,4352,71.7,1
2026-02-01,RKE,NHS ENGLAND LONDON,WHITTINGTON HEALTH NHS TRUST,8193,0,0,0,0,0,2212,0,0,0,0,0,237,269,1335,0,0,34,8193,2212,73.0,1
2026-02-01,RL4,NHS ENGLAND MIDLANDS ,THE ROYAL WOLVERHAMPTON NHS TRUST,10403,1380,6123,106,8,614,3647,54,145,22,0,2,848,511,2387,0,39,4004,17906,3846,78.52,1
2026-02-01,RM1,NHS ENGLAND EAST OF ENGLAND ,NORFOLK AND NORWICH UNIVERSITY HOSPITALS NHS FOUNDATION TRUST,11506,0,7127,0,0,0,3622,0,4,0,0,0,648,410,2068,0,0,1419,18633,3626,80.54,1
2026-02-01,RMC,NHS ENGLAND NORTH WEST ,BOLTON NHS FOUNDATION TRUST,7382,0,3259,34,0,6,3575,0,275,16,0,0,363,483,2304,0,102,921,10641,3850,63.82,1
2026-02-01,RN7,NHS ENGLAND SOUTH EAST ,DARTFORD AND GRAVESHAM NHS TRUST,10902,0,3493,0,0,0,2879,0,37,0,0,0,612,344,3495,0,0,276,14395,2916,79.74,1
2026-02-01,RNQ,NHS ENGLAND MIDLANDS ,KETTERING GENERAL HOSPITAL NHS FOUNDATION TRUST,9960,0,8182,0,0,0,3820,0,7,0,0,0,569,504,1703,0,0,339,18142,3827,78.91,1
2026-02-01,RNS,NHS ENGLAND MIDLANDS ,NORTHAMPTON GENERAL HOSPITAL NHS TRUST,9778,640,1775,0,0,0,3806,22,15,0,0,0,349,856,2210,0,0,448,12193,3843,68.48,1
2026-02-01,RPA,NHS ENGLAND SOUTH EAST ,MEDWAY NHS FOUNDATION TRUST,8536,0,5282,273,0,975,3136,0,851,68,0,0,227,817,1581,0,0,492,13818,3987,71.15,1
2026-02-01,RQM,NHS ENGLAND LONDON,CHELSEA AND WESTMINSTER HOSPITAL NHS FOUNDATION TRUST,18241,0,5785,564,0,0,5070,0,234,0,0,0,913,43,2675,0,0,394,24026,5304,77.92,1
2026-02-01,RR8,NHS ENGLAND NORTH EAST AND YORKSHIRE ,LEEDS TEACHING HOSPITALS NHS TRUST,16690,670,9963,42,0,416,6740,0,254,13,0,0,1002,884,3344,0,0,1120,27323,6994,74.4,1
2026-02-01,RRF,NHS ENGLAND NORTH WEST ,"WRIGHTINGTON, WIGAN AND LEIGH TEACHING HOSPITALS NHS FOUNDATION TRUST",6165,0,5182,0,0,0,3757,0,213,0,0,0,656,520,1724,0,0,379,11347,3970,65.01,1
2026-02-01,RTE,NHS ENGLAND SOUTH WEST ,GLOUCESTERSHIRE HOSPITALS NHS FOUNDATION TRUST,11930,0,0,400,0,0,4489,0,0,106,0,0,219,510,2498,0,0,2774,11930,4489,62.37,1
2026-02-01,RTR,NHS ENGLAND NORTH EAST AND YORKSHIRE ,SOUTH TEES HOSPITALS NHS FOUNDATION TRUST,7009,0,8090,0,0,2057,3486,0,319,0,0,37,372,35,2119,0,329,2448,15099,3805,74.8,1
2026-02-01,RVJ,NHS ENGLAND SOUTH WEST ,NORTH BRISTOL NHS TRUST,8262,0,0,13,0,0,2947,0,0,5,0,0,441,430,3123,0,0,2197,8262,2947,64.33,1
2026-02-01,RVR,NHS ENGLAND LONDON,EPSOM AND ST HELIER UNIVERSITY HOSPITALS NHS TRUST,10245,0,1883,0,0,0,3045,0,101,0,0,0,530,732,1848,0,0,80,12128,3146,74.06,1
2026-02-01,RVV,NHS ENGLAND SOUTH EAST ,EAST KENT HOSPITALS UNIVERSITY NHS FOUNDATION TRUST,12507,0,10837,0,0,0,5609,0,251,0,0,0,476,995,2566,0,560,436,23344,5860,74.9,1
2026-02-01,RWA,NHS ENGLAND NORTH EAST AND YORKSHIRE ,HULL UNIVERSITY TEACHING HOSPITALS NHS TRUST,8887,0,3896,0,0,0,4770,0,310,0,0,0,979,410,3733,0,0,1949,12783,5080,60.26,1
2026-02-01,RWD,NHS ENGLAND MIDLANDS ,UNITED LINCOLNSHIRE TEACHING HOSPITALS NHS TRUST,16500,0,4132,0,0,0,6701,0,299,0,0,0,581,1296,4575,0,0,1222,20632,7000,66.07,1
2026-02-01,RWG,NHS ENGLAND EAST OF ENGLAND ,WEST HERTFORDSHIRE TEACHING HOSPITALS NHS TRUST,7839,0,6667,0,0,673,2151,0,103,0,0,0,486,29,4313,0,0,666,14506,2254,84.46,1
2026-02-01,RWH,NHS ENGLAND EAST OF ENGLAND ,EAST AND NORTH HERTFORDSHIRE TEACHING NHS TRUST,8724,0,7403,0,0,0,4954,0,88,0,0,0,501,209,2085,0,2,211,16127,5042,68.74,1
2026-02-01,RWJ,NHS ENGLAND NORTH WEST ,STOCKPORT NHS FOUNDATION TRUST,7049,0,821,362,0,1375,2811,0,38,107,0,1,528,380,2272,0,66,993,7870,2849,63.8,1
2026-02-01,RWW,NHS ENGLAND NORTH WEST ,WARRINGTON AND HALTON TEACHING HOSPITALS NHS FOUNDATION TRUST,5982,0,2469,250,0,95,3167,0,36,80,0,3,491,825,1658,0,0,112,8451,3203,62.1,1
2026-02-01,RX1,NHS ENGLAND MIDLANDS ,NOTTINGHAM UNIVERSITY HOSPITALS NHS TRUST,11557,1728,8456,0,0,239,6776,203,1043,0,0,0,147,1066,3075,0,1270,3948,21741,8022,63.1,1
2026-02-01,RXC,NHS ENGLAND SOUTH EAST ,EAST SUSSEX HEALTHCARE NHS TRUST,8832,0,1825,1293,0,1522,3795,0,55,0,0,0,190,113,2637,0,0,508,10657,3850,63.87,1
2026-02-01,RXL,NHS ENGLAND NORTH WEST ,BLACKPOOL TEACHING HOSPITALS NHS FOUNDATION TRUST,7953,0,9216,291,0,347,3837,0,203,94,0,0,357,624,2389,0,0,1414,17169,4040,76.47,1
2026-02-01,RXN,NHS ENGLAND NORTH WEST ,LANCASHIRE TEACHING HOSPITALS NHS FOUNDATION TRUST,11011,0,2907,148,0,105,4312,0,227,31,0,2,919,393,2770,0,92,1238,13918,4539,67.39,1
2026-02-01,RXR,NHS ENGLAND NORTH WEST ,EAST LANCASHIRE HOSPITALS NHS TRUST,12044,0,10190,0,0,0,4885,0,3,0,0,0,301,1059,3635,0,89,1701,22234,4888,78.02,1
2026-02-01,RXW,NHS ENGLAND MIDLANDS ,THE SHREWSBURY AND TELFORD HOSPITAL NHS TRUST,9920,0,2355,0,0,0,5562,0,345,0,0,0,475,1366,3299,0,161,1986,12275,5907,51.88,1
2026-02-01,R1K,NHS ENGLAND LONDON,LONDON NORTH WEST UNIVERSITY HEALTHCARE NHS TRUST,12235,0,13616,0,0,0,6214,0,223,0,0,0,619,374,5817,0,0,282,25851,6437,75.1,1
2026-02-01,RM3,NHS ENGLAND NORTH WEST ,NORTHERN CARE ALLIANCE NHS FOUNDATION TRUST,23361,0,8354,0,0,0,9499,0,324,0,0,0,807,1246,7263,0,326,2114,31715,9823,69.03,1
2026-02-01,RRV,NHS ENGLAND LONDON,UNIVERSITY COLLEGE LONDON HOSPITALS NHS FOUNDATION TRUST,12017,0,0,522,0,0,3222,0,0,0,0,0,391,287,1260,0,0,320,12017,3222,73.19,1
2026-02-01,RTH,NHS ENGLAND SOUTH EAST ,OXFORD UNIVERSITY HOSPITALS NHS FOUNDATION TRUST,10971,1655,3223,1442,0,170,3002,0,50,227,0,8,305,0,4780,100,15,4240,15849,3052,80.74,1
2026-02-01,RYX,NHS ENGLAND LONDON,CENTRAL LONDON COMMUNITY HEALTHCARE NHS TRUST,0,0,10763,0,0,530,0,0,153,0,0,5,0,0,0,0,0,0,10763,153,98.58,0
2026-02-01,RHU,NHS ENGLAND SOUTH EAST ,PORTSMOUTH HOSPITALS UNIVERSITY NHS TRUST,9755,1067,2840,1759,0,736,3810,26,0,510,0,15,799,1039,2984,0,0,2316,13662,3836,71.92,1
2026-02-01,DT301,NHS ENGLAND EAST OF ENGLAND ,HERTS URGENT CARE (ASCOTS LANE),0,0,1792,0,0,0,0,0,110,0,0,0,0,0,0,0,0,0,1792,110,93.86,1
2026-02-01,RA7,NHS ENGLAND SOUTH WEST ,UNIVERSITY HOSPITALS BRISTOL AND WESTON NHS FOUNDATION TRUST,14252,2293,0,0,0,0,5165,225,0,0,0,0,979,440,4346,10,0,1504,16545,5390,67.42,1
2026-02-01,RBL,NHS ENGLAND NORTH WEST ,WIRRAL UNIVERSITY TEACHING HOSPITAL NHS FOUNDATION TRUST,6951,0,2546,0,0,136,3741,0,67,0,0,2,440,758,1975,0,0,1781,9497,3808,59.9,1
2026-02-01,RH5,NHS ENGLAND SOUTH WEST ,SOMERSET NHS FOUNDATION TRUST,10507,0,8517,0,0,50,5465,0,220,0,0,0,552,196,2772,0,0,1570,19024,5685,70.12,1
2026-02-01,RAL,NHS ENGLAND LONDON,ROYAL FREE LONDON NHS FOUNDATION TRUST,24307,473,14208,142,0,166,8072,10,871,51,0,24,836,1870,5783,1,91,718,38988,8953,77.04,1
2026-02-01,RJ6,NHS ENGLAND LONDON,CROYDON HEALTH SERVICES NHS TRUST,12080,0,4618,0,0,0,4902,0,0,0,0,0,214,685,1032,0,0,134,16698,4902,70.64,1
2026-01-01,Y02615,NHS ENGLAND MIDLANDS ,SOUTH BIRMINGHAM GP WALK IN CENTRE,0,0,3507,0,0,0,0,0,0,0,0,0,0,0,0,0,0,0,3507,0,100.0,0
2026-01-01,AAH,NHS ENGLAND SOUTH WEST ,TETBURY HOSPITAL TRUST LTD,0,0,589,0,0,0,0,0,1,0,0,0,0,0,0,0,0,0,589,1,99.83,0
2026-01-01,AQM01,NHS ENGLAND SOUTH EAST ,FAVERSHAM MEDICAL PRACTICE MIU,0,0,3162,0,0,0,0,0,0,0,0,0,0,0,0,0,0,0,3162,0,100.0,0
2026-01-01,NDJ,NHS ENGLAND SOUTH EAST ,FIRST COMMUNITY HEALTH AND CARE CIC,0,0,2236,0,0,0,0,0,17,0,0,0,0,0,0,0,0,0,2236,17,99.24,0
2026-01-01,NNF09,NHS ENGLAND NORTH EAST AND YORKSHIRE ,BRANSHOLME HEALTH CENTRE,0,0,3624,0,0,0,0,0,266,0,0,0,0,0,0,0,0,0,3624,266,92.66,1
2026-01-01,NNF16,NHS ENGLAND NORTH EAST AND YORKSHIRE ,BRIDLINGTON HOSPITAL,0,0,1283,0,0,0,0,0,23,0,0,0,0,0,0,0,0,0,1283,23,98.21,0
2026-01-01,NNF94,NHS ENGLAND NORTH EAST AND YORKSHIRE ,EAST RIDING COMMUNITY HOSPITAL,0,0,2419,0,0,0,0,0,138,0,0,0,0,0,0,0,0,0,2419,138,94.3,1
2026-01-01,NNFA7,NHS ENGLAND NORTH EAST AND YORKSHIRE ,GOOLE & DISTRICT HOSPITAL,0,0,1571,0,0,0,0,0,21,0,0,0,0,0,0,0,0,0,1571,21,98.66,0
2026-01-01,NQTE4,NHS ENGLAND MIDLANDS ,SUMMERFIELD URGENT CARE CENTRE,0,0,2840,0,0,0,0,0,0,0,0,0,0,0,0,0,0,0,2840,0,100.0,0
2026-01-01,RA9,NHS ENGLAND SOUTH WEST ,TORBAY AND SOUTH DEVON NHS FOUNDATION TRUST,6524,0,3034,381,0,234,3120,0,3,142,0,0,202,106,2135,0,0,1283,9558,3123,67.33,1
2026-01-01,RWP,NHS ENGLAND MIDLANDS ,WORCESTERSHIRE ACUTE HOSPITALS NHS TRUST,13731,0,5143,0,0,0,6952,0,56,0,0,0,865,1431,3226,0,0,885,18874,7008,62.87,1
2026-01-01,RY8,NHS ENGLAND MIDLANDS ,DERBYSHIRE COMMUNITY HEALTH SERVICES NHS FOUNDATION TRUST,0,0,6814,0,0,1748,0,0,212,0,0,27,0,0,0,0,0,0,6814,212,96.89,0
2026-01-01,RYF,NHS ENGLAND SOUTH WEST ,SOUTH WESTERN AMBULANCE SERVICE NHS FOUNDATION TRUST,0,0,1859,0,0,41,0,0,27,0,0,0,0,0,0,0,0,0,1859,27,98.55,0
2026-01-01,Y02428,NHS ENGLAND EAST OF ENGLAND ,PUTNOE WALK IN CENTRE,0,0,2871,0,0,0,0,0,0,0,0,0,0,0,0,0,0,0,2871,0,100.0,0
2026-01-01,NTP11,NHS ENGLAND SOUTH EAST ,PRACTICE PLUS GROUP HOSPITAL - SOUTHAMPTON,0,0,5146,0,0,0,0,0,71,0,0,0,0,0,0,0,0,0,5146,71,98.62,0
2026-01-01,NTV0B,NHS ENGLAND SOUTH EAST ,ASHFORD WALK-IN-CENTRE,0,0,2350,0,0,0,0,0,28,0,0,0,0,0,0,0,0,0,2350,28,98.81,0
2026-01-01,NTV0W,NHS ENGLAND SOUTH EAST ,WOKING WALK IN CENTRE,0,0,2724,0,0,0,0,0,22,0,0,0,0,0,0,0,0,0,2724,22,99.19,0
2026-01-01,NVE43,NHS ENGLAND SOUTH EAST ,HASTINGS GP LED HEALTH CENTRE,0,0,1059,0,0,0,0,0,0,0,0,0,0,0,0,0,0,0,1059,0,100.0,0
2026-01-01,R1D,NHS ENGLAND MIDLANDS ,SHROPSHIRE COMMUNITY HEALTH NHS TRUST,0,0,2888,0,0,0,0,0,5,0,0,0,0,0,0,0,0,0,2888,5,99.83,0
2026-01-01,RNQ,NHS ENGLAND MIDLANDS ,KETTERING GENERAL HOSPITAL NHS FOUNDATION TRUST,10704,0,8591,0,0,0,4181,0,8,0,0,0,614,647,1924,0,0,436,19295,4189,78.29,1
2026-01-01,RTP,NHS ENGLAND SOUTH EAST ,SURREY AND SUSSEX HEALTHCARE NHS TRUST,12084,0,0,0,0,0,4458,0,0,0,0,0,515,783,3126,0,0,966,12084,4458,63.11,1
2026-01-01,RV9,NHS ENGLAND NORTH EAST AND YORKSHIRE ,HUMBER TEACHING NHS FOUNDATION TRUST,0,0,879,0,0,30,0,0,1,0,0,0,0,0,0,0,0,0,879,1,99.89,0
2026-01-01,RYR,NHS ENGLAND SOUTH EAST ,UNIVERSITY HOSPITALS SUSSEX NHS FOUNDATION TRUST,27280,1465,1692,1667,0,420,11503,23,221,499,0,3,952,1196,8697,22,59,1915,30437,11747,61.41,1
2026-01-01,C82009,NHS ENGLAND MIDLANDS ,MARKET HARBOROUGH MED.CTR,0,0,219,0,0,0,0,0,0,0,0,0,0,0,0,0,0,0,219,0,100.0,0
2026-01-01,NLX,NHS ENGLAND SOUTH WEST ,SIRONA CARE & HEALTH,0,0,7859,0,0,332,0,0,116,0,0,49,0,0,0,0,0,0,7859,116,98.52,0
2026-01-01,RBT,NHS ENGLAND NORTH WEST ,MID CHESHIRE HOSPITALS NHS FOUNDATION TRUST,6966,0,2875,0,0,88,3491,0,4,0,0,0,417,590,2659,0,0,856,9841,3495,64.49,1
2026-01-01,RCX,NHS ENGLAND EAST OF ENGLAND ,"THE QUEEN ELIZABETH HOSPITAL, KING'S LYNN, NHS FOUNDATION TRUST",6576,0,1742,0,0,0,2997,0,0,0,0,0,585,229,1924,0,0,424,8318,2997,63.97,1
2026-01-01,RGP,NHS ENGLAND EAST OF ENGLAND ,JAMES PAGET UNIVERSITY HOSPITALS NHS FOUNDATION TRUST,7247,0,1792,0,0,0,2533,0,0,0,0,0,577,417,1674,0,0,463,9039,2533,71.98,1
2026-01-01,RPC,NHS ENGLAND SOUTH EAST ,QUEEN VICTORIA HOSPITAL NHS FOUNDATION TRUST,0,0,1167,0,0,0,0,0,4,0,0,0,0,0,0,0,8,462,1167,4,99.66,0
2026-01-01,RQW,NHS ENGLAND EAST OF ENGLAND ,THE PRINCESS ALEXANDRA HOSPITAL NHS TRUST,8998,0,2423,0,0,567,2254,0,0,0,0,0,511,322,2013,0,1,305,11421,2254,80.26,1
2026-01-01,RW1,NHS ENGLAND SOUTH EAST ,HAMPSHIRE AND ISLE OF WIGHT HEALTHCARE NHS FOUNDATION TRUST,0,0,2858,0,0,0,0,0,43,0,0,0,0,0,0,0,0,131,2858,43,98.5,0
2026-01-01,RY4,NHS ENGLAND EAST OF ENGLAND ,HERTFORDSHIRE COMMUNITY NHS TRUST,0,0,1040,0,0,0,0,0,7,0,0,0,0,0,0,0,0,0,1040,7,99.33,0
2026-01-01,Y02676,NHS ENGLAND SOUTH EAST ,BRIGHTON STATION HEALTH CENTRE,0,0,1838,0,0,0,0,0,0,0,0,0,0,0,0,0,0,0,1838,0,100.0,0
2026-01-01,Y03218,NHS ENGLAND LONDON,THE PINN UNREGISTERED WIC,0,0,897,0,0,0,0,0,0,0,0,0,0,0,0,0,0,0,897,0,100.0,0
2026-01-01,NL7,NHS ENGLAND MIDLANDS ,ASSURA VERTIS URGENT CARE CENTRES (BIRMINGHAM),0,0,3237,0,0,0,0,0,0,0,0,0,0,0,0,0,0,0,3237,0,100.0,0
2026-01-01,NNJ07,NHS ENGLAND MIDLANDS ,LOUGHBOROUGH URGENT CARE CENTRE,0,0,5147,0,0,2340,0,0,37,0,0,11,0,0,0,0,0,0,5147,37,99.28,0
2026-01-01,NNJ0H,NHS ENGLAND MIDLANDS ,LLR EA - THE MERLYN VAZ HEALTH & SOCIAL CARE CENTRE,0,0,207,0,0,2573,0,0,1,0,0,4,0,0,0,0,0,0,207,1,99.52,0
2026-01-01,NNJ12,NHS ENGLAND MIDLANDS ,MARKET HARBOROUGH,0,0,106,0,0,475,0,0,0,0,0,0,0,0,0,0,0,0,106,0,100.0,0
2026-01-01,NNJ13,NHS ENGLAND MIDLANDS ,MELTON MOWBRAY,0,0,59,0,0,427,0,0,1,0,0,2,0,0,0,0,0,0,59,1,98.31,0
2026-01-01,NNJ14,NHS ENGLAND MIDLANDS ,OADBY,0,0,551,0,0,2577,0,0,2,0,0,7,0,0,0,0,0,0,551,2,99.64,0
2026-01-01,NNJ15,NHS ENGLAND MIDLANDS ,OAKHAM,0,0,62,0,0,444,0,0,1,0,0,0,0,0,0,0,0,0,62,1,98.39,0
2026-01-01,R0B,NHS ENGLAND NORTH EAST AND YORKSHIRE ,SOUTH TYNESIDE AND SUNDERLAND NHS FOUNDATION TRUST,11310,1155,5280,942,0,1421,5981,22,199,493,0,51,1220,0,4654,25,0,1096,17745,6202,65.05,1
2026-01-01,RQX,NHS ENGLAND LONDON,HOMERTON HEALTHCARE NHS FOUNDATION TRUST,11326,0,0,0,0,0,2399,0,0,0,0,0,322,36,1919,0,0,342,11326,2399,78.82,1
2026-01-01,RWF,NHS ENGLAND SOUTH EAST ,MAIDSTONE AND TUNBRIDGE WELLS NHS TRUST,18969,0,1934,1000,0,201,5286,0,25,207,0,3,910,629,2507,0,0,580,20903,5311,74.59,1
2026-01-01,RWY,NHS ENGLAND NORTH EAST AND YORKSHIRE ,CALDERDALE AND HUDDERSFIELD NHS FOUNDATION TRUST,15944,0,0,0,0,0,2970,0,0,0,0,0,1617,145,2969,0,0,177,15944,2970,81.37,1
2026-01-01,AJN,NHS ENGLAND NORTH EAST AND YORKSHIRE ,WORKINGTON HEALTH LIMITED,0,0,361,0,0,0,0,0,0,0,0,0,0,0,0,0,0,0,361,0,100.0,0
2026-01-01,RBS,NHS ENGLAND NORTH WEST ,ALDER HEY CHILDREN'S NHS FOUNDATION TRUST,6012,0,0,0,0,0,823,0,0,0,0,0,0,0,937,0,0,198,6012,823,86.31,1
2026-01-01,RCU,NHS ENGLAND NORTH EAST AND YORKSHIRE ,SHEFFIELD CHILDREN'S NHS FOUNDATION TRUST,4169,0,450,196,0,18,305,0,0,9,0,0,3,0,1056,0,0,102,4619,305,93.4,1
2026-01-01,RLQ,NHS ENGLAND MIDLANDS ,WYE VALLEY NHS TRUST,6012,880,153,143,0,0,2490,0,0,28,0,0,505,275,1526,0,0,140,7045,2490,64.66,1
2026-01-01,RNU,NHS ENGLAND SOUTH EAST ,OXFORD HEALTH NHS FOUNDATION TRUST,0,0,3872,0,0,0,0,0,118,0,0,0,0,0,0,0,0,0,3872,118,96.95,0
2026-01-01,RW4,NHS ENGLAND NORTH WEST ,MERSEY CARE NHS FOUNDATION TRUST,0,0,13161,0,0,0,0,0,314,0,0,0,0,0,0,0,0,42,13161,314,97.61,0
2026-01-01,RY2,NHS ENGLAND NORTH WEST ,BRIDGEWATER COMMUNITY HEALTHCARE NHS FOUNDATION TRUST,0,0,3061,0,0,187,0,0,33,0,0,0,0,0,0,0,0,0,3061,33,98.92,0
2026-01-01,AD913,NHS ENGLAND LONDON,BECKENHAM BEACON UCC,0,0,3343,0,0,241,0,0,7,0,0,0,0,0,0,0,0,0,3343,7,99.79,0
2026-01-01,C82038,NHS ENGLAND MIDLANDS ,LATHAM HOUSE MEDICAL PRACTICE,0,0,322,0,0,0,0,0,0,0,0,0,0,0,0,0,0,0,322,0,100.0,0
2026-01-01,DJV01,NHS ENGLAND SOUTH EAST ,HERNE BAY HEALTH CARE LTD,0,0,2650,0,0,0,0,0,0,0,0,0,0,0,0,0,0,0,2650,0,100.0,0
2026-01-01,L83087,NHS ENGLAND SOUTH WEST ,OKEHAMPTON MEDICAL CENTRE,0,0,62,0,0,0,0,0,0,0,0,0,0,0,0,0,0,0,62,0,100.0,0
2026-01-01,R0A,NHS ENGLAND NORTH WEST ,MANCHESTER UNIVERSITY NHS FOUNDATION TRUST,26747,3202,10782,3776,505,817,10951,127,372,1464,27,52,4363,188,6111,145,114,420,40731,11450,71.89,1
2026-01-01,RDU,NHS ENGLAND SOUTH EAST ,FRIMLEY HEALTH NHS FOUNDATION TRUST,23318,812,11552,0,0,0,11117,0,254,0,0,0,1272,743,6608,0,0,123,35682,11371,68.13,1
2026-01-01,REF,NHS ENGLAND SOUTH WEST ,ROYAL CORNWALL HOSPITALS NHS TRUST,6796,0,10651,0,0,0,3732,0,663,0,0,0,613,773,2729,0,42,1282,17447,4395,74.81,1
2026-01-01,RJE,NHS ENGLAND MIDLANDS ,UNIVERSITY HOSPITALS OF NORTH MIDLANDS NHS TRUST,14374,523,7622,688,0,597,8158,0,146,356,0,10,1062,1264,4822,0,0,1213,22519,8304,63.12,1
2026-01-01,RMC,NHS ENGLAND NORTH WEST ,BOLTON NHS FOUNDATION TRUST,8324,0,3623,18,0,2,4154,0,367,5,0,0,445,531,2697,0,90,1014,11947,4521,62.16,1
2026-01-01,RTQ,NHS ENGLAND SOUTH WEST ,GLOUCESTERSHIRE HEALTH AND CARE NHS FOUNDATION TRUST,0,0,7989,0,0,0,0,0,105,0,0,0,0,0,0,0,1,27,7989,105,98.69,0
2026-01-01,RXK,NHS ENGLAND MIDLANDS ,SANDWELL AND WEST BIRMINGHAM HOSPITALS NHS TRUST,11472,1136,7907,448,0,0,5655,190,67,198,0,0,723,645,2576,0,0,506,20515,5912,71.18,1
2026-01-01,RXQ,NHS ENGLAND SOUTH EAST ,BUCKINGHAMSHIRE HEALTHCARE NHS TRUST,9621,1253,3057,0,0,0,3889,0,56,0,0,0,158,469,3512,903,0,1239,13931,3945,71.68,1
2026-01-01,RY7,NHS ENGLAND NORTH WEST ,WIRRAL COMMUNITY HEALTH AND CARE NHS FOUNDATION TRUST,0,0,2775,0,0,0,0,0,281,0,0,0,0,0,0,0,0,0,2775,281,89.87,1
2026-01-01,NTPAD,NHS ENGLAND SOUTH EAST ,PRACTICE PLUS GROUP SURGICAL CENTRE - ST MARYS PORTSMOUTH,0,0,4866,0,0,265,0,0,227,0,0,3,0,0,0,0,0,0,4866,227,95.33,0
2026-01-01,NV693,NHS ENGLAND NORTH WEST ,ROSSENDALE MIU & OOH,0,0,854,0,0,0,0,0,1,0,0,0,0,0,0,0,0,0,854,1,99.88,0
2026-01-01,R0D,NHS ENGLAND SOUTH WEST ,UNIVERSITY HOSPITALS DORSET NHS FOUNDATION TRUST,14299,0,4003,0,0,0,6765,0,0,0,0,0,1172,698,4284,2,0,2619,18302,6765,63.04,1
2026-01-01,RAE,NHS ENGLAND NORTH EAST AND YORKSHIRE ,BRADFORD TEACHING HOSPITALS NHS FOUNDATION TRUST,9305,960,3315,0,0,0,2144,0,1,0,0,0,594,83,2495,0,12,1406,13580,2145,84.2,1
2026-01-01,RCD,NHS ENGLAND NORTH EAST AND YORKSHIRE ,HARROGATE AND DISTRICT NHS FOUNDATION TRUST,5166,0,1288,268,0,17,1844,0,2,64,0,0,422,43,1168,0,0,325,6454,1846,71.4,1
2026-01-01,RDE,NHS ENGLAND EAST OF ENGLAND ,EAST SUFFOLK AND NORTH ESSEX NHS FOUNDATION TRUST,11181,0,13163,0,0,0,5267,0,947,0,0,0,674,744,4970,0,0,294,24344,6214,74.47,1
2026-01-01,RH8,NHS ENGLAND SOUTH WEST ,ROYAL DEVON UNIVERSITY HEALTHCARE NHS FOUNDATION TRUST,12593,0,3902,1573,0,89,5840,0,8,650,0,1,1073,430,3325,0,0,2070,16495,5848,64.55,1
2026-01-01,RJ1,NHS ENGLAND LONDON,GUY'S AND ST THOMAS' NHS FOUNDATION TRUST,10484,0,6511,0,0,0,3908,0,153,0,0,0,127,59,2164,0,0,259,16995,4061,76.1,1
2026-01-01,RJC,NHS ENGLAND MIDLANDS ,SOUTH WARWICKSHIRE UNIVERSITY NHS FOUNDATION TRUST,8243,0,386,0,0,0,2728,0,0,0,0,0,558,235,1805,0,0,649,8629,2728,68.39,1
2026-01-01,RJN,NHS ENGLAND NORTH WEST ,EAST CHESHIRE NHS TRUST,4314,0,0,92,0,77,2554,0,0,0,0,0,254,384,802,0,0,188,4314,2554,40.8,1
2026-01-01,RK9,NHS ENGLAND SOUTH WEST ,UNIVERSITY HOSPITALS PLYMOUTH NHS TRUST,8852,147,7802,0,0,0,5644,17,181,0,0,0,559,807,3104,0,0,1867,16801,5842,65.23,1
2026-01-01,RNN,NHS ENGLAND NORTH EAST AND YORKSHIRE ,NORTH CUMBRIA INTEGRATED CARE NHS FOUNDATION TRUST,8906,0,1543,13,0,0,4344,0,39,6,0,0,635,603,2031,0,0,393,10449,4383,58.05,1
2026-01-01,RP6,NHS ENGLAND LONDON,MOORFIELDS EYE HOSPITAL NHS FOUNDATION TRUST,0,5617,0,0,0,0,0,271,0,0,0,0,0,0,0,1,0,233,5617,271,95.18,0
2026-01-01,RRV,NHS ENGLAND LONDON,UNIVERSITY COLLEGE LONDON HOSPITALS NHS FOUNDATION TRUST,13308,0,0,470,0,0,4256,0,0,0,0,0,394,317,1416,0,0,274,13308,4256,68.02,1
2026-01-01,RTK,NHS ENGLAND SOUTH EAST ,ASHFORD AND ST PETER'S HOSPITALS NHS FOUNDATION TRUST,7877,0,2653,0,0,0,4216,0,42,0,0,0,574,424,3049,0,0,593,10530,4258,59.56,1
2026-01-01,RTX,NHS ENGLAND NORTH WEST ,UNIVERSITY HOSPITALS OF MORECAMBE BAY NHS FOUNDATION TRUST,8705,0,2390,121,0,2021,3725,0,53,16,0,39,710,763,3304,0,20,908,11095,3778,65.95,1
2026-01-01,RXR,NHS ENGLAND NORTH WEST ,EAST LANCASHIRE HOSPITALS NHS TRUST,13668,0,11193,0,0,0,4842,0,766,0,0,0,304,1407,4058,0,117,1818,24861,5608,77.44,1
2026-01-01,G3P9C,NHS ENGLAND SOUTH WEST ,TROWBRIDGE MINOR INJURIES UNIT,0,0,1052,0,0,0,0,0,2,0,0,0,0,0,0,0,0,0,1052,2,99.81,0
2026-01-01,NNJ,NHS ENGLAND MIDLANDS ,DHU HEALTH CARE C.I.C,0,0,1937,0,0,0,0,0,11,0,0,0,0,0,0,0,0,0,1937,11,99.43,0
2026-01-01,NQT1I,NHS ENGLAND SOUTH WEST ,CHIPPENHAM COMMUNITY HOSPITAL,0,0,1504,0,0,0,0,0,14,0,0,0,0,0,0,0,0,0,1504,14,99.07,0
2026-01-01,NQT5H,NHS ENGLAND SOUTH WEST ,PAULTON MEMORIAL HOSPITAL,0,0,1043,0,0,0,0,0,5,0,0,0,0,0,0,0,0,0,1043,5,99.52,0
2026-01-01,RAJ,NHS ENGLAND EAST OF ENGLAND ,MID AND SOUTH ESSEX NHS FOUNDATION TRUST,26230,0,7495,5,0,0,11399,0,491,1,0,0,2637,951,8341,0,117,1146,33725,11890,64.74,1
2026-01-01,RAS,NHS ENGLAND LONDON,THE HILLINGDON HOSPITALS NHS FOUNDATION TRUST,5428,0,6679,0,0,0,2710,0,26,0,0,0,622,34,1818,0,0,68,12107,2736,77.4,1
2026-01-01,RDR,NHS ENGLAND SOUTH EAST ,SUSSEX COMMUNITY NHS FOUNDATION TRUST,0,0,11207,0,0,0,0,0,126,0,0,0,0,0,0,0,0,0,11207,126,98.88,0
2026-01-01,REM,NHS ENGLAND NORTH WEST ,LIVERPOOL UNIVERSITY HOSPITALS NHS FOUNDATION TRUST,16038,1832,7822,601,0,0,8285,0,287,271,0,0,739,1485,4953,0,0,2577,25692,8572,66.64,1
2026-01-01,REP,NHS ENGLAND NORTH WEST ,LIVERPOOL WOMEN'S NHS FOUNDATION TRUST,0,1575,0,0,0,0,0,164,0,0,0,0,0,0,0,110,0,20,1575,164,89.59,1
2026-01-01,RF4,NHS ENGLAND LONDON,"BARKING, HAVERING AND REDBRIDGE UNIVERSITY HOSPITALS NHS TRUST",13676,2411,14091,0,0,0,6707,549,154,0,0,0,540,1361,3546,0,0,2008,30178,7410,75.45,1
2026-01-01,RFR,NHS ENGLAND NORTH EAST AND YORKSHIRE ,THE ROTHERHAM NHS FOUNDATION TRUST,9772,0,0,0,0,0,3420,0,0,0,0,0,1099,112,1789,0,0,538,9772,3420,65.0,1
2026-01-01,RFS,NHS ENGLAND MIDLANDS ,CHESTERFIELD ROYAL HOSPITAL NHS FOUNDATION TRUST,5497,0,5460,1122,0,405,4006,0,54,696,0,0,767,628,2042,0,15,143,10957,4060,62.95,1
2026-01-01,RHQ,NHS ENGLAND NORTH EAST AND YORKSHIRE ,SHEFFIELD TEACHING HOSPITALS NHS FOUNDATION TRUST,9248,1194,6863,366,3,1071,5409,98,375,202,0,31,1527,16,3380,0,0,3804,17305,5882,66.01,1
2026-01-01,RJR,NHS ENGLAND NORTH WEST ,COUNTESS OF CHESTER HOSPITAL NHS FOUNDATION TRUST,5364,0,2417,0,0,0,2934,0,417,0,0,0,262,865,1851,0,0,1345,7781,3351,56.93,1
2026-01-01,RL4,NHS ENGLAND MIDLANDS ,THE ROYAL WOLVERHAMPTON NHS TRUST,11174,1365,6458,132,8,729,4222,37,259,25,0,5,838,718,2730,0,34,4360,18997,4518,76.22,1
2026-01-01,RLT,NHS ENGLAND MIDLANDS ,GEORGE ELIOT HOSPITAL NHS TRUST,7067,0,1614,0,0,0,2268,0,24,0,0,0,347,568,1159,0,0,0,8681,2292,73.6,1
2026-01-01,RMP,NHS ENGLAND NORTH WEST ,TAMESIDE AND GLOSSOP INTEGRATED CARE NHS FOUNDATION TRUST,8359,0,2894,456,0,79,4561,0,119,0,0,0,232,904,1618,0,0,274,11253,4680,58.41,1
2026-01-01,RNA,NHS ENGLAND MIDLANDS ,THE DUDLEY GROUP NHS FOUNDATION TRUST,9849,0,3832,0,0,668,3750,0,62,0,0,0,2570,117,3516,0,0,2634,13681,3812,72.14,1
2026-01-01,RNS,NHS ENGLAND MIDLANDS ,NORTHAMPTON GENERAL HOSPITAL NHS TRUST,10676,627,2109,0,0,0,4333,15,82,0,0,0,407,923,2445,0,0,494,13412,4430,66.97,1
2026-01-01,RNZ,NHS ENGLAND SOUTH WEST ,SALISBURY NHS FOUNDATION TRUST,4691,339,2028,210,0,0,2163,0,0,96,0,0,434,171,1455,0,0,1008,7058,2163,69.35,1
2026-01-01,RR7,NHS ENGLAND NORTH EAST AND YORKSHIRE ,GATESHEAD HEALTH NHS FOUNDATION TRUST,5916,0,4193,34,0,5,3081,0,38,15,0,1,1068,12,1705,0,0,50,10109,3119,69.15,1
2026-01-01,RRF,NHS ENGLAND NORTH WEST ,"WRIGHTINGTON, WIGAN AND LEIGH TEACHING HOSPITALS NHS FOUNDATION TRUST",7503,0,4746,0,0,0,4108,0,99,0,0,0,540,567,1869,0,0,443,12249,4207,65.65,1
2026-01-01,RTE,NHS ENGLAND SOUTH WEST ,GLOUCESTERSHIRE HOSPITALS NHS FOUNDATION TRUST,13205,0,0,426,0,0,5315,0,0,98,0,0,318,543,2920,0,0,3149,13205,5315,59.75,1
2026-01-01,RVV,NHS ENGLAND SOUTH EAST ,EAST KENT HOSPITALS UNIVERSITY NHS FOUNDATION TRUST,13369,0,11794,0,0,0,6172,0,364,0,0,0,511,1208,2905,0,511,547,25163,6536,74.03,1
2026-01-01,RVW,NHS ENGLAND NORTH EAST AND YORKSHIRE ,NORTH TEES AND HARTLEPOOL NHS FOUNDATION TRUST,5067,0,10971,0,0,0,3116,0,31,0,0,0,353,65,1776,0,466,2541,16038,3147,80.38,1
2026-01-01,RWE,NHS ENGLAND MIDLANDS ,UNIVERSITY HOSPITALS OF LEICESTER NHS TRUST,22688,1936,0,0,0,0,9253,150,0,0,0,0,1467,1017,7166,10,0,4096,24624,9403,61.81,1
2026-01-01,RWJ,NHS ENGLAND NORTH WEST ,STOCKPORT NHS FOUNDATION TRUST,8068,0,979,338,0,1523,3478,0,69,129,0,4,655,564,2693,0,80,1064,9047,3547,60.79,1
2026-01-01,RXC,NHS ENGLAND SOUTH EAST ,EAST SUSSEX HEALTHCARE NHS TRUST,9503,0,2017,1806,0,1458,4576,0,41,0,0,0,225,197,3056,0,0,573,11520,4617,59.92,1
2026-01-01,RXL,NHS ENGLAND NORTH WEST ,BLACKPOOL TEACHING HOSPITALS NHS FOUNDATION TRUST,9001,0,9783,343,0,424,4500,0,230,133,0,0,578,650,2759,0,0,1651,18784,4730,74.82,1
2026-01-01,RXN,NHS ENGLAND NORTH WEST ,LANCASHIRE TEACHING HOSPITALS NHS FOUNDATION TRUST,12016,0,3179,209,0,140,4833,0,132,47,0,4,1163,523,3117,0,137,1299,15195,4965,67.32,1
2026-01-01,RXP,NHS ENGLAND NORTH EAST AND YORKSHIRE ,COUNTY DURHAM AND DARLINGTON NHS FOUNDATION TRUST,12948,0,3631,0,0,7389,5904,0,0,0,0,0,2176,45,4623,0,0,881,16579,5904,64.39,1
2026-01-01,RXW,NHS ENGLAND MIDLANDS ,THE SHREWSBURY AND TELFORD HOSPITAL NHS TRUST,10549,0,2471,0,0,0,5992,0,349,0,0,0,470,1601,3478,0,181,2227,13020,6341,51.3,1
2026-01-01,ACH01,NHS ENGLAND SOUTH EAST ,WHITSTABLE MEDICAL PRACTICE,0,0,4990,0,0,0,0,0,0,0,0,0,0,0,0,0,0,0,4990,0,100.0,0
2026-01-01,G0Q0L,NHS ENGLAND LONDON,BARKING HOSPITAL UTC,0,0,2520,0,0,0,0,0,10,0,0,0,0,0,0,0,0,0,2520,10,99.6,0
2026-01-01,K6K0R,NHS ENGLAND LONDON,HAROLD WOOD POLYCLINIC UTC,0,0,2911,0,0,0,0,0,13,0,0,0,0,0,0,0,0,0,2911,13,99.55,0
2026-01-01,R1F,NHS ENGLAND SOUTH EAST ,ISLE OF WIGHT NHS TRUST,4083,198,1414,17,0,15,1710,0,102,7,0,0,287,307,1441,0,0,104,5695,1812,68.18,1
2026-01-01,R1H,NHS ENGLAND LONDON,BARTS HEALTH NHS TRUST,26186,817,17829,0,0,0,11785,8,1166,0,0,0,1058,1352,4401,1,33,1368,44832,12959,71.09,1
2026-01-01,RA2,NHS ENGLAND SOUTH EAST ,ROYAL SURREY NHS FOUNDATION TRUST,6755,0,1891,864,0,29,2764,0,0,255,0,0,543,136,2332,0,0,1169,8646,2764,68.03,1
2026-01-01,RAT,NHS ENGLAND LONDON,NORTH EAST LONDON NHS FOUNDATION TRUST,0,0,1623,0,0,0,0,0,40,0,0,0,0,0,0,0,0,0,1623,40,97.54,0
2026-01-01,RAX,NHS ENGLAND LONDON,KINGSTON AND RICHMOND NHS FOUNDATION TRUST,7010,0,7978,0,0,0,4131,0,412,0,0,0,176,667,2423,0,262,695,14988,4543,69.69,1
2026-01-01,RBD,NHS ENGLAND SOUTH WEST ,DORSET COUNTY HOSPITAL NHS FOUNDATION TRUST,4499,0,0,514,0,3627,1806,0,0,122,0,2,229,114,2039,0,0,494,4499,1806,59.86,1
2026-01-01,RBK,NHS ENGLAND MIDLANDS ,WALSALL HEALTHCARE NHS TRUST,9620,0,3656,26,0,142,3986,0,41,10,0,0,1063,729,4081,0,0,902,13276,4027,69.67,1
2026-01-01,RBN,NHS ENGLAND NORTH WEST ,MERSEY AND WEST LANCASHIRE TEACHING HOSPITALS NHS TRUST,17418,0,7205,162,0,0,6696,0,72,21,0,0,410,573,7732,0,0,647,24623,6768,72.51,1
2026-01-01,RC9,NHS ENGLAND EAST OF ENGLAND ,BEDFORDSHIRE HOSPITALS NHS FOUNDATION TRUST,17269,0,9170,0,0,877,6734,0,0,0,0,0,82,92,5675,0,0,2468,26439,6734,74.53,1
2026-01-01,RCB,NHS ENGLAND NORTH EAST AND YORKSHIRE ,YORK AND SCARBOROUGH TEACHING HOSPITALS NHS FOUNDATION TRUST,10943,321,6263,0,0,0,6338,0,231,0,0,0,795,930,5053,0,0,1604,17527,6569,62.52,1
2026-01-01,RCF,NHS ENGLAND NORTH EAST AND YORKSHIRE ,AIREDALE NHS FOUNDATION TRUST,6127,211,0,474,0,0,2600,0,0,0,0,0,576,301,1704,0,0,536,6338,2600,58.98,1
2026-01-01,RD1,NHS ENGLAND SOUTH WEST ,ROYAL UNITED HOSPITALS BATH NHS FOUNDATION TRUST,8979,0,0,0,0,0,4112,0,0,0,0,0,1058,328,2945,0,7,2141,8979,4112,54.2,1
2026-01-01,RD8,NHS ENGLAND EAST OF ENGLAND ,MILTON KEYNES UNIVERSITY HOSPITAL NHS FOUNDATION TRUST,8057,0,5444,809,0,437,3997,0,164,400,0,0,935,0,2295,0,0,442,13501,4161,69.18,1
2026-01-01,RFF,NHS ENGLAND NORTH EAST AND YORKSHIRE ,BARNSLEY HOSPITAL NHS FOUNDATION TRUST,9365,0,0,31,0,0,3429,0,0,0,0,0,915,19,3436,0,0,520,9365,3429,63.38,1
2026-01-01,RGN,NHS ENGLAND EAST OF ENGLAND ,NORTH WEST ANGLIA NHS FOUNDATION TRUST,15653,0,4714,251,0,320,6612,0,140,45,0,3,554,1056,3853,0,29,1453,20367,6752,66.85,1
2026-01-01,RHM,NHS ENGLAND SOUTH EAST ,UNIVERSITY HOSPITAL SOUTHAMPTON NHS FOUNDATION TRUST,11380,1232,0,0,0,0,4182,45,0,0,0,0,438,11,4166,4,0,1779,12612,4227,66.48,1
2026-01-01,RJ2,NHS ENGLAND LONDON,LEWISHAM AND GREENWICH NHS TRUST,16319,0,16090,0,0,921,8960,0,423,0,0,7,1147,943,3557,0,0,542,32409,9383,71.05,1
2026-01-01,RJ6,NHS ENGLAND LONDON,CROYDON HEALTH SERVICES NHS TRUST,13686,0,5047,0,0,0,4963,0,0,0,0,0,224,814,1164,0,0,124,18733,4963,73.51,1
2026-01-01,RJL,NHS ENGLAND NORTH EAST AND YORKSHIRE ,NORTHERN LINCOLNSHIRE AND GOOLE NHS FOUNDATION TRUST,9631,0,7061,0,0,398,5647,0,40,0,0,1,676,1139,5644,0,0,379,16692,5687,65.93,1
2026-01-01,RJZ,NHS ENGLAND LONDON,KING'S COLLEGE HOSPITAL NHS FOUNDATION TRUST,16373,0,9168,88,0,481,7823,0,637,31,0,0,1503,1145,3583,0,0,382,25541,8460,66.88,1
2026-01-01,RK5,NHS ENGLAND MIDLANDS ,SHERWOOD FOREST HOSPITALS NHS FOUNDATION TRUST,11441,0,5191,0,0,151,4631,0,473,0,0,9,837,689,3892,0,0,322,16632,5104,69.31,1
2026-01-01,RKE,NHS ENGLAND LONDON,WHITTINGTON HEALTH NHS TRUST,9222,0,0,0,0,0,2870,0,0,0,0,0,179,376,1358,0,0,25,9222,2870,68.88,1
2026-01-01,RN3,NHS ENGLAND SOUTH WEST ,GREAT WESTERN HOSPITALS NHS FOUNDATION TRUST,6337,0,5333,0,0,0,3548,0,339,0,0,0,527,463,2807,0,0,1250,11670,3887,66.69,1
2026-01-01,RN7,NHS ENGLAND SOUTH EAST ,DARTFORD AND GRAVESHAM NHS TRUST,11427,0,3776,0,0,0,3042,0,28,0,0,0,536,502,3691,0,0,317,15203,3070,79.81,1
2026-01-01,RP5,NHS ENGLAND NORTH EAST AND YORKSHIRE ,DONCASTER AND BASSETLAW TEACHING HOSPITALS NHS FOUNDATION TRUST,13844,0,3975,0,0,0,5716,0,2,0,0,0,1288,339,4067,0,287,1063,17819,5718,67.91,1
2026-01-01,RQM,NHS ENGLAND LONDON,CHELSEA AND WESTMINSTER HOSPITAL NHS FOUNDATION TRUST,20360,0,6587,670,0,0,6068,0,197,0,0,0,1360,54,2857,0,0,309,26947,6265,76.75,1
2026-01-01,RR8,NHS ENGLAND NORTH EAST AND YORKSHIRE ,LEEDS TEACHING HOSPITALS NHS TRUST,18079,749,10990,91,0,421,7513,0,339,32,0,0,1129,1030,3663,0,0,1225,29818,7852,73.67,1
2026-01-01,RRK,NHS ENGLAND MIDLANDS ,UNIVERSITY HOSPITALS BIRMINGHAM NHS FOUNDATION TRUST,33649,343,3187,0,0,215,14514,0,33,0,0,2,2517,2076,10758,0,0,7742,37179,14547,60.87,1
2026-01-01,RTD,NHS ENGLAND NORTH EAST AND YORKSHIRE ,THE NEWCASTLE UPON TYNE HOSPITALS NHS FOUNDATION TRUST,11948,1561,7137,0,0,1371,5103,66,135,0,0,0,669,26,3985,40,0,2948,20646,5304,74.31,1
2026-01-01,RTF,NHS ENGLAND NORTH EAST AND YORKSHIRE ,NORTHUMBRIA HEALTHCARE NHS FOUNDATION TRUST,10331,0,12185,0,0,0,3062,0,0,0,0,0,99,0,3938,0,13,426,22516,3062,86.4,1
2026-01-01,RTG,NHS ENGLAND MIDLANDS ,UNIVERSITY HOSPITALS OF DERBY AND BURTON NHS FOUNDATION TRUST,18570,0,8577,1842,0,50,9681,0,3,556,0,0,1085,1544,3972,0,0,2155,27147,9684,64.33,1
2026-01-01,RTR,NHS ENGLAND NORTH EAST AND YORKSHIRE ,SOUTH TEES HOSPITALS NHS FOUNDATION TRUST,7582,0,8848,0,0,2327,4082,0,457,0,0,35,587,58,2510,0,194,2358,16430,4539,72.37,1
2026-01-01,RVJ,NHS ENGLAND SOUTH WEST ,NORTH BRISTOL NHS TRUST,9077,0,0,18,0,0,3607,0,0,8,0,0,523,564,3547,0,0,2554,9077,3607,60.26,1
2026-01-01,RWA,NHS ENGLAND NORTH EAST AND YORKSHIRE ,HULL UNIVERSITY TEACHING HOSPITALS NHS TRUST,10124,0,4130,0,0,0,5408,0,315,0,0,0,798,856,3926,0,0,2284,14254,5723,59.85,1
2026-01-01,RWG,NHS ENGLAND EAST OF ENGLAND ,WEST HERTFORDSHIRE TEACHING HOSPITALS NHS TRUST,8781,0,7633,0,0,797,3035,0,114,0,0,0,913,14,4624,0,0,706,16414,3149,80.82,1
2026-01-01,RWH,NHS ENGLAND EAST OF ENGLAND ,EAST AND NORTH HERTFORDSHIRE TEACHING NHS TRUST,9586,0,8414,0,0,0,5582,0,63,0,0,0,698,334,2337,0,5,281,18000,5645,68.64,1
2026-01-01,RWW,NHS ENGLAND NORTH WEST ,WARRINGTON AND HALTON TEACHING HOSPITALS NHS FOUNDATION TRUST,6660,0,2682,302,0,113,3450,0,27,107,0,1,499,1063,1854,0,0,148,9342,3477,62.78,1
2026-01-01,RX1,NHS ENGLAND MIDLANDS ,NOTTINGHAM UNIVERSITY HOSPITALS NHS TRUST,12595,1893,9116,0,0,255,7716,184,1611,0,0,0,164,1027,3752,0,1244,4473,23604,9511,59.71,1
2026-01-01,RXF,NHS ENGLAND NORTH EAST AND YORKSHIRE ,MID YORKSHIRE TEACHING NHS TRUST,16197,132,6201,124,0,109,6542,0,266,1,0,0,2350,1038,3391,0,131,836,22530,6808,69.78,1
2026-01-01,RYJ,NHS ENGLAND LONDON,IMPERIAL COLLEGE HEALTHCARE NHS TRUST,12325,3546,6817,0,0,611,5303,94,302,0,0,0,564,0,3471,3,0,1181,22688,5699,74.88,1
2026-01-01,RYX,NHS ENGLAND LONDON,CENTRAL LONDON COMMUNITY HEALTHCARE NHS TRUST,0,0,11622,0,0,569,0,0,195,0,0,11,0,0,0,0,0,0,11622,195,98.32,0
2026-01-01,ARN03,NHS ENGLAND NORTH EAST AND YORKSHIRE ,LOCAL CARE DIRECT,0,0,2462,0,0,192,0,0,9,0,0,0,0,0,0,0,0,0,2462,9,99.63,0
2026-01-01,RGR,NHS ENGLAND EAST OF ENGLAND ,WEST SUFFOLK NHS FOUNDATION TRUST,7780,0,907,55,0,0,2804,0,0,0,0,0,473,622,2027,0,0,217,8687,2804,67.72,1
2026-01-01,RGT,NHS ENGLAND EAST OF ENGLAND ,CAMBRIDGE UNIVERSITY HOSPITALS NHS FOUNDATION TRUST,11197,0,5116,316,0,273,5218,0,110,85,0,11,538,729,3091,0,31,425,16313,5328,67.34,1
2026-01-01,RH5,NHS ENGLAND SOUTH WEST ,SOMERSET NHS FOUNDATION TRUST,11844,0,9157,0,0,59,6579,0,309,0,0,1,839,330,3381,0,0,1711,21001,6888,67.2,1
2026-01-01,RM1,NHS ENGLAND EAST OF ENGLAND ,NORFOLK AND NORWICH UNIVERSITY HOSPITALS NHS FOUNDATION TRUST,12503,0,7372,0,0,0,4255,0,1,0,0,0,652,555,2283,0,0,1576,19875,4256,78.59,1
2026-01-01,RN5,NHS ENGLAND SOUTH EAST ,HAMPSHIRE HOSPITALS NHS FOUNDATION TRUST,10362,77,4004,0,0,101,6010,0,279,0,0,0,429,53,3610,8,64,1068,14443,6289,56.46,1
2026-01-01,RQ3,NHS ENGLAND MIDLANDS ,BIRMINGHAM WOMEN'S AND CHILDREN'S NHS FOUNDATION TRUST,4501,0,0,0,0,0,1009,0,0,0,0,0,33,4,688,0,0,225,4501,1009,77.58,1
2026-01-01,RVR,NHS ENGLAND LONDON,EPSOM AND ST HELIER UNIVERSITY HOSPITALS NHS TRUST,11244,0,2167,1,0,0,3440,0,203,0,0,0,580,913,2150,0,0,110,13411,3643,72.84,1
2026-01-01,RWX,NHS ENGLAND SOUTH EAST ,BERKSHIRE HEALTHCARE NHS FOUNDATION TRUST,0,0,1325,0,0,0,0,0,14,0,0,0,0,0,0,0,34,0,1325,14,98.94,0
2026-01-01,C83023,NHS ENGLAND MIDLANDS ,SLEAFORD MEDICAL GROUP,0,0,561,0,0,0,0,0,0,0,0,0,0,0,0,0,0,3,561,0,100.0,0
2026-01-01,RJ7,NHS ENGLAND LONDON,ST GEORGE'S UNIVERSITY HOSPITALS NHS FOUNDATION TRUST,9068,0,3932,334,0,0,3013,0,119,60,0,0,432,697,1995,0,0,548,13000,3132,75.91,1
2026-01-01,RKB,NHS ENGLAND MIDLANDS ,UNIVERSITY HOSPITALS COVENTRY AND WARWICKSHIRE NHS TRUST,12635,2554,5726,0,0,0,5477,138,88,0,0,0,46,8,991,32,42,332,20915,5703,72.73,1
2026-01-01,RPA,NHS ENGLAND SOUTH EAST ,MEDWAY NHS FOUNDATION TRUST,9581,0,5547,256,0,1087,4097,0,766,70,0,0,312,869,1796,0,0,424,15128,4863,67.85,1
2026-01-01,RTH,NHS ENGLAND SOUTH EAST ,OXFORD UNIVERSITY HOSPITALS NHS FOUNDATION TRUST,12324,1803,3448,1720,0,202,3953,0,53,350,0,20,620,23,5288,80,13,4730,17575,4006,77.21,1
2026-01-01,RYY,NHS ENGLAND SOUTH EAST ,KENT COMMUNITY HEALTH NHS FOUNDATION TRUST,0,0,6460,0,0,0,0,0,38,0,0,0,0,0,0,0,0,0,6460,38,99.41,0
2026-01-01,DT301,NHS ENGLAND EAST OF ENGLAND ,HERTS URGENT CARE (ASCOTS LANE),0,0,1941,0,0,0,0,0,37,0,0,0,0,0,0,0,0,0,1941,37,98.09,0
2026-01-01,RBL,NHS ENGLAND NORTH WEST ,WIRRAL UNIVERSITY TEACHING HOSPITAL NHS FOUNDATION TRUST,7867,0,2784,0,0,132,4561,0,79,0,0,7,412,1051,2152,0,0,1958,10651,4640,56.44,1
2026-01-01,RHW,NHS ENGLAND SOUTH EAST ,ROYAL BERKSHIRE NHS FOUNDATION TRUST,11180,2441,2623,1369,27,0,4292,68,0,377,0,0,336,11,2349,0,0,337,16244,4360,73.16,1
2026-01-01,R1K,NHS ENGLAND LONDON,LONDON NORTH WEST UNIVERSITY HEALTHCARE NHS TRUST,13710,0,15810,0,0,0,7893,0,624,0,0,0,802,776,6180,0,0,299,29520,8517,71.15,1
2026-01-01,RM3,NHS ENGLAND NORTH WEST ,NORTHERN CARE ALLIANCE NHS FOUNDATION TRUST,26583,0,9672,0,0,0,10504,0,266,0,0,0,893,1610,7154,0,384,2471,36255,10770,70.29,1
2026-01-01,RAL,NHS ENGLAND LONDON,ROYAL FREE LONDON NHS FOUNDATION TRUST,27220,388,15730,158,6,176,9515,3,1108,66,0,17,739,2508,6419,2,117,938,43338,10626,75.48,1
2026-01-01,Y02532,NHS ENGLAND NORTH WEST ,MIRIAM MINOR EMERGENCY,0,0,1700,0,0,0,0,0,0,0,0,0,0,0,0,0,0,0,1700,0,100.0,0
2026-01-01,RHU,NHS ENGLAND SOUTH EAST ,PORTSMOUTH HOSPITALS UNIVERSITY NHS TRUST,10780,1050,3094,2093,0,881,4300,6,0,573,0,8,719,1400,3282,0,0,2513,14924,4306,71.15,1
2026-01-01,AQN04,NHS ENGLAND SOUTH EAST ,PHL LYMINGTON UTC,0,0,2705,0,0,16,0,0,13,0,0,0,0,0,0,0,0,0,2705,13,99.52,0
2026-01-01,NQT5F,NHS ENGLAND NORTH WEST ,SKELMERSDALE WALK IN CENTRE,0,0,1552,0,0,0,0,0,4,0,0,0,0,0,0,0,0,0,1552,4,99.74,0
2026-01-01,RA7,NHS ENGLAND SOUTH WEST ,UNIVERSITY HOSPITALS BRISTOL AND WESTON NHS FOUNDATION TRUST,15960,2416,0,0,0,0,6011,182,0,0,0,0,1077,793,5067,11,0,1695,18376,6193,66.3,1
2026-01-01,RY5,NHS ENGLAND MIDLANDS ,LINCOLNSHIRE COMMUNITY HEALTH SERVICES NHS TRUST,0,0,7660,0,0,0,0,0,146,0,0,0,0,0,0,0,0,0,7660,146,98.09,0
2026-01-01,RWD,NHS ENGLAND MIDLANDS ,UNITED LINCOLNSHIRE TEACHING HOSPITALS NHS TRUST,17164,0,4565,0,0,0,7743,0,357,0,0,0,655,1595,5098,0,0,1276,21729,8100,62.72,1
2025-07-01,AQN04,NHS ENGLAND SOUTH EAST ,PHL LYMINGTON UTC,0,0,3611,0,0,0,0,0,72,0,0,0,0,0,0,0,0,0,3611,72,98.01,0
2025-07-01,C82038,NHS ENGLAND MIDLANDS ,LATHAM HOUSE MEDICAL PRACTICE,0,0,436,0,0,0,0,0,0,0,0,0,0,0,0,0,0,0,436,0,100.0,0
2025-07-01,G0Q0L,NHS ENGLAND LONDON,BARKING HOSPITAL UTC,0,0,2824,0,0,0,0,0,11,0,0,0,0,0,0,0,0,0,2824,11,99.61,0
2025-07-01,K6K0R,NHS ENGLAND LONDON,HAROLD WOOD POLYCLINIC UTC,0,0,2607,0,0,0,0,0,10,0,0,0,0,0,0,0,0,0,2607,10,99.62,0
2025-07-01,NTV0B,NHS ENGLAND SOUTH EAST ,ASHFORD WALK-IN-CENTRE,0,0,2286,0,0,0,0,0,267,0,0,0,0,0,0,0,0,0,2286,267,88.32,1
2025-07-01,NTV0W,NHS ENGLAND SOUTH EAST ,WOKING WALK IN CENTRE,0,0,2609,0,0,0,0,0,160,0,0,0,0,0,0,0,0,0,2609,160,93.87,1
2025-07-01,RNU,NHS ENGLAND SOUTH EAST ,OXFORD HEALTH NHS FOUNDATION TRUST,0,0,4488,0,0,0,0,0,143,0,0,0,0,0,0,0,0,0,4488,143,96.81,0
2025-07-01,RW1,NHS ENGLAND SOUTH EAST ,HAMPSHIRE AND ISLE OF WIGHT HEALTHCARE NHS FOUNDATION TRUST,0,0,3080,0,0,0,0,0,81,0,0,0,0,0,0,0,0,139,3080,81,97.37,0
2025-07-01,Y02428,NHS ENGLAND EAST OF ENGLAND ,PUTNOE WALK IN CENTRE,0,0,2236,0,0,0,0,0,0,0,0,0,0,0,0,0,0,0,2236,0,100.0,0
2025-07-01,Y02676,NHS ENGLAND SOUTH EAST ,BRIGHTON STATION HEALTH CENTRE,0,0,2044,0,0,0,0,0,0,0,0,0,0,0,0,0,0,0,2044,0,100.0,0
2025-07-01,AAH,NHS ENGLAND SOUTH WEST ,TETBURY HOSPITAL TRUST LTD,0,0,688,0,0,0,0,0,0,0,0,0,0,0,0,0,0,0,688,0,100.0,0
2025-07-01,ACH01,NHS ENGLAND SOUTH EAST ,WHITSTABLE MEDICAL PRACTICE,0,0,5094,0,0,0,0,0,0,0,0,0,0,0,0,0,0,0,5094,0,100.0,0
2025-07-01,RC9,NHS ENGLAND EAST OF ENGLAND ,BEDFORDSHIRE HOSPITALS NHS FOUNDATION TRUST,17502,0,8081,0,0,817,7110,0,0,0,0,0,80,0,5008,0,0,2245,25583,7110,72.21,1
2025-07-01,RQX,NHS ENGLAND LONDON,HOMERTON HEALTHCARE NHS FOUNDATION TRUST,11437,0,0,0,0,0,2156,0,0,0,0,0,155,12,1787,0,0,314,11437,2156,81.15,1
2025-07-01,RY8,NHS ENGLAND MIDLANDS ,DERBYSHIRE COMMUNITY HEALTH SERVICES NHS FOUNDATION TRUST,0,0,8229,0,0,1356,0,0,274,0,0,16,0,0,0,0,0,0,8229,274,96.67,0
2025-07-01,Y02615,NHS ENGLAND MIDLANDS ,SOUTH BIRMINGHAM GP WALK IN CENTRE,0,0,5808,0,0,0,0,0,0,0,0,0,0,0,0,0,0,0,5808,0,100.0,0
2025-07-01,Y03218,NHS ENGLAND LONDON,THE PINN UNREGISTERED WIC,0,0,872,0,0,0,0,0,0,0,0,0,0,0,0,0,0,0,872,0,100.0,0
2025-07-01,C82009,NHS ENGLAND MIDLANDS ,MARKET HARBOROUGH MED.CTR,0,0,332,0,0,0,0,0,0,0,0,0,0,0,0,0,0,0,332,0,100.0,0
2025-07-01,NDJ,NHS ENGLAND SOUTH EAST ,FIRST COMMUNITY HEALTH AND CARE CIC,0,0,2634,0,0,0,0,0,0,0,0,0,0,0,0,0,0,0,2634,0,100.0,0
2025-07-01,NQT51,NHS ENGLAND SOUTH EAST ,STATION PLAZA HEALTH CENTRE,0,0,1156,0,0,0,0,0,0,0,0,0,0,0,0,0,0,0,1156,0,100.0,0
2025-07-01,RA2,NHS ENGLAND SOUTH EAST ,ROYAL SURREY COUNTY HOSPITAL NHS FOUNDATION TRUST,6644,0,1851,860,0,26,2116,0,0,224,0,0,393,1,2218,0,0,1207,8495,2116,75.09,1
2025-07-01,RBT,NHS ENGLAND NORTH WEST ,MID CHESHIRE HOSPITALS NHS FOUNDATION TRUST,7408,0,2991,0,0,96,4574,0,66,0,0,0,492,489,2001,0,0,767,10399,4640,55.38,1
2025-07-01,RCU,NHS ENGLAND NORTH EAST AND YORKSHIRE ,SHEFFIELD CHILDREN'S NHS FOUNDATION TRUST,4528,0,239,285,0,20,271,0,0,24,0,0,10,0,987,0,0,66,4767,271,94.32,1
2025-07-01,RFF,NHS ENGLAND NORTH EAST AND YORKSHIRE ,BARNSLEY HOSPITAL NHS FOUNDATION TRUST,9328,0,0,21,0,0,2593,0,0,0,0,0,401,0,3087,0,0,516,9328,2593,72.2,1
2025-07-01,RVV,NHS ENGLAND SOUTH EAST ,EAST KENT HOSPITALS UNIVERSITY NHS FOUNDATION TRUST,12834,0,13455,0,0,0,5749,0,421,0,0,0,466,1195,3044,0,597,490,26289,6170,76.53,1
2025-07-01,RXK,NHS ENGLAND MIDLANDS ,SANDWELL AND WEST BIRMINGHAM HOSPITALS NHS TRUST,11564,1266,8321,297,0,0,4112,186,136,100,0,0,538,55,2667,0,0,466,21151,4434,79.04,1
2025-07-01,L83087,NHS ENGLAND SOUTH WEST ,OKEHAMPTON MEDICAL CENTRE,0,0,119,0,0,0,0,0,0,0,0,0,0,0,0,0,0,0,119,0,100.0,0
2025-07-01,RR7,NHS ENGLAND NORTH EAST AND YORKSHIRE ,GATESHEAD HEALTH NHS FOUNDATION TRUST,6240,0,4128,44,0,5,1801,0,37,13,0,0,250,1,1778,0,0,44,10368,1838,82.27,1
2025-07-01,RCX,NHS ENGLAND EAST OF ENGLAND ,"THE QUEEN ELIZABETH HOSPITAL, KING'S LYNN, NHS FOUNDATION TRUST",7060,0,1109,0,0,0,3382,0,0,0,0,0,444,125,1905,0,0,358,8169,3382,58.6,1
2025-07-01,RLQ,NHS ENGLAND MIDLANDS ,WYE VALLEY NHS TRUST,6218,1161,197,89,0,0,2227,0,0,11,0,0,405,182,1496,0,0,162,7576,2227,70.6,1
2025-07-01,RTP,NHS ENGLAND SOUTH EAST ,SURREY AND SUSSEX HEALTHCARE NHS TRUST,10680,0,0,0,0,0,4184,0,0,0,0,0,621,626,4223,0,0,1035,10680,4184,60.82,1
2025-07-01,RWF,NHS ENGLAND SOUTH EAST ,MAIDSTONE AND TUNBRIDGE WELLS NHS TRUST,17753,0,2371,941,0,163,3414,0,21,121,0,0,839,62,5296,0,0,1085,20124,3435,82.93,1
2025-07-01,RWY,NHS ENGLAND NORTH EAST AND YORKSHIRE ,CALDERDALE AND HUDDERSFIELD NHS FOUNDATION TRUST,16778,0,0,0,0,0,2485,0,0,0,0,0,591,7,2854,0,0,203,16778,2485,85.19,1
2025-07-01,RY7,NHS ENGLAND NORTH WEST ,WIRRAL COMMUNITY HEALTH AND CARE NHS FOUNDATION TRUST,0,0,4311,0,0,0,0,0,348,0,0,0,0,0,0,0,0,0,4311,348,91.93,1
2025-07-01,AQM01,NHS ENGLAND SOUTH EAST ,FAVERSHAM MEDICAL PRACTICE MIU,0,0,2894,0,0,0,0,0,0,0,0,0,0,0,0,0,0,0,2894,0,100.0,0
2025-07-01,DT301,NHS ENGLAND EAST OF ENGLAND ,HERTS URGENT CARE (ASCOTS LANE),0,0,2484,0,0,0,0,0,131,0,0,0,0,0,0,0,0,0,2484,131,94.73,1
2025-07-01,G3P9C,NHS ENGLAND SOUTH WEST ,TROWBRIDGE MINOR INJURIES UNIT,0,0,1079,0,0,0,0,0,2,0,0,0,0,0,0,0,0,0,1079,2,99.81,0
2025-07-01,NL7,NHS ENGLAND MIDLANDS ,ASSURA VERTIS URGENT CARE CENTRES (BIRMINGHAM),0,0,2863,0,0,0,0,0,0,0,0,0,0,0,0,0,0,0,2863,0,100.0,0
2025-07-01,NNF09,NHS ENGLAND NORTH EAST AND YORKSHIRE ,BRANSHOLME HEALTH CENTRE,0,0,3787,0,0,0,0,0,388,0,0,0,0,0,0,0,0,0,3787,388,89.75,1
2025-07-01,NNF16,NHS ENGLAND NORTH EAST AND YORKSHIRE ,BRIDLINGTON HOSPITAL,0,0,1764,0,0,0,0,0,87,0,0,0,0,0,0,0,0,0,1764,87,95.07,0
2025-07-01,NNF94,NHS ENGLAND NORTH EAST AND YORKSHIRE ,EAST RIDING COMMUNITY HOSPITAL,0,0,2950,0,0,0,0,0,266,0,0,0,0,0,0,0,0,0,2950,266,90.98,1
2025-07-01,NNFA7,NHS ENGLAND NORTH EAST AND YORKSHIRE ,GOOLE & DISTRICT HOSPITAL,0,0,1690,0,0,0,0,0,14,0,0,0,0,0,0,0,0,0,1690,14,99.17,0
2025-07-01,NNJ,NHS ENGLAND MIDLANDS ,DHU HEALTH CARE C.I.C,0,0,1872,0,0,0,0,0,0,0,0,0,0,0,0,0,0,0,1872,0,100.0,0
2025-07-01,NQT1I,NHS ENGLAND SOUTH WEST ,CHIPPENHAM COMMUNITY HOSPITAL,0,0,1948,0,0,0,0,0,27,0,0,0,0,0,0,0,0,0,1948,27,98.61,0
2025-07-01,NQT5H,NHS ENGLAND SOUTH WEST ,PAULTON MEMORIAL HOSPITAL,0,0,1249,0,0,0,0,0,2,0,0,0,0,0,0,0,0,0,1249,2,99.84,0
2025-07-01,RA9,NHS ENGLAND SOUTH WEST ,TORBAY AND SOUTH DEVON NHS FOUNDATION TRUST,6948,0,3734,515,0,184,2759,0,46,204,0,2,215,37,2348,0,0,1248,10682,2805,73.74,1
2025-07-01,RAT,NHS ENGLAND LONDON,NORTH EAST LONDON NHS FOUNDATION TRUST,0,0,1907,0,0,0,0,0,83,0,0,0,0,0,0,0,0,0,1907,83,95.65,0
2025-07-01,RBD,NHS ENGLAND SOUTH WEST ,DORSET COUNTY HOSPITAL NHS FOUNDATION TRUST,4999,0,0,545,0,4882,1353,0,0,62,0,18,196,38,2240,0,0,541,4999,1353,72.93,1
2025-07-01,RCD,NHS ENGLAND NORTH EAST AND YORKSHIRE ,HARROGATE AND DISTRICT NHS FOUNDATION TRUST,5442,0,1184,391,0,19,1319,0,0,78,0,0,103,0,1180,0,0,277,6626,1319,80.09,1
2025-07-01,REF,NHS ENGLAND SOUTH WEST ,ROYAL CORNWALL HOSPITALS NHS TRUST,7303,0,13900,0,0,0,2993,0,789,0,0,0,527,178,2703,0,73,1420,21203,3782,82.16,1
2025-07-01,RJC,NHS ENGLAND MIDLANDS ,SOUTH WARWICKSHIRE UNIVERSITY NHS FOUNDATION TRUST,8491,0,498,2,0,0,1950,0,0,0,0,0,305,28,2102,0,0,851,8989,1950,78.31,1
2025-07-01,RJN,NHS ENGLAND NORTH WEST ,EAST CHESHIRE NHS TRUST,4616,0,0,51,0,44,2765,0,0,0,0,0,238,271,743,0,0,204,4616,2765,40.1,1
2025-07-01,RK9,NHS ENGLAND SOUTH WEST ,UNIVERSITY HOSPITALS PLYMOUTH NHS TRUST,9802,162,6098,0,0,0,4393,2,50,0,0,0,623,255,3095,0,0,1762,16062,4445,72.33,1
2025-07-01,RPC,NHS ENGLAND SOUTH EAST ,QUEEN VICTORIA HOSPITAL NHS FOUNDATION TRUST,0,0,1603,0,0,0,0,0,30,0,0,0,0,0,0,0,4,631,1603,30,98.13,0
2025-07-01,RTK,NHS ENGLAND SOUTH EAST ,ASHFORD AND ST PETER'S HOSPITALS NHS FOUNDATION TRUST,7470,0,3010,0,0,0,3498,0,25,0,0,0,478,133,2893,0,0,712,10480,3523,66.38,1
2025-07-01,RTQ,NHS ENGLAND SOUTH WEST ,GLOUCESTERSHIRE HEALTH AND CARE NHS FOUNDATION TRUST,0,0,8928,0,0,0,0,0,140,0,0,0,0,0,0,0,0,30,8928,140,98.43,0
2025-07-01,RWP,NHS ENGLAND MIDLANDS ,WORCESTERSHIRE ACUTE HOSPITALS NHS TRUST,14228,0,6778,0,0,0,7003,0,45,0,0,0,1069,896,2808,0,0,1017,21006,7048,66.45,1
2025-07-01,RY5,NHS ENGLAND MIDLANDS ,LINCOLNSHIRE COMMUNITY HEALTH SERVICES NHS TRUST,0,0,9119,0,0,0,0,0,297,0,0,0,0,0,0,0,0,0,9119,297,96.74,0
2025-07-01,RYF,NHS ENGLAND SOUTH WEST ,SOUTH WESTERN AMBULANCE SERVICE NHS FOUNDATION TRUST,0,0,2043,0,0,26,0,0,17,0,0,0,0,0,0,0,0,0,2043,17,99.17,0
2025-07-01,AJN,NHS ENGLAND NORTH EAST AND YORKSHIRE ,WORKINGTON HEALTH LIMITED,0,0,442,0,0,0,0,0,0,0,0,0,0,0,0,0,0,0,442,0,100.0,0
2025-07-01,NLX,NHS ENGLAND SOUTH WEST ,SIRONA CARE & HEALTH,0,0,9521,0,0,372,0,0,261,0,0,51,0,0,0,0,0,0,9521,261,97.26,0
2025-07-01,NQTE4,NHS ENGLAND MIDLANDS ,SUMMERFIELD URGENT CARE CENTRE,0,0,3233,0,0,0,0,0,0,0,0,0,0,0,0,0,0,0,3233,0,100.0,0
2025-07-01,NTP11,NHS ENGLAND SOUTH EAST ,PRACTICE PLUS GROUP HOSPITAL - SOUTHAMPTON,0,0,5273,0,0,0,0,0,91,0,0,0,0,0,0,0,0,0,5273,91,98.27,0
2025-07-01,NV693,NHS ENGLAND NORTH WEST ,ROSSENDALE MIU & OOH,0,0,1261,0,0,0,0,0,2,0,0,0,0,0,0,0,0,0,1261,2,99.84,0
2025-07-01,RA7,NHS ENGLAND SOUTH WEST ,UNIVERSITY HOSPITALS BRISTOL AND WESTON NHS FOUNDATION TRUST,15810,2558,0,0,0,0,5015,157,0,0,0,0,903,161,5289,8,0,1595,18368,5172,71.84,1
2025-07-01,RBS,NHS ENGLAND NORTH WEST ,ALDER HEY CHILDREN'S NHS FOUNDATION TRUST,5409,0,0,0,0,0,829,0,0,0,0,0,1,0,747,0,0,293,5409,829,84.67,1
2025-07-01,RH8,NHS ENGLAND SOUTH WEST ,ROYAL DEVON UNIVERSITY HEALTHCARE NHS FOUNDATION TRUST,13593,0,4723,1268,0,90,5405,0,19,451,0,0,819,131,3815,0,0,1921,18316,5424,70.39,1
2025-07-01,RJ1,NHS ENGLAND LONDON,GUY'S AND ST THOMAS' NHS FOUNDATION TRUST,10683,0,7268,0,0,0,3648,0,280,0,0,0,90,84,2008,0,0,253,17951,3928,78.12,1
2025-07-01,RJE,NHS ENGLAND MIDLANDS ,UNIVERSITY HOSPITALS OF NORTH MIDLANDS NHS TRUST,14974,529,8407,774,0,633,6948,0,77,342,0,11,1182,371,5230,0,0,1919,23910,7025,70.62,1
2025-07-01,RMC,NHS ENGLAND NORTH WEST ,BOLTON NHS FOUNDATION TRUST,8149,0,4115,55,0,19,4000,0,313,28,0,2,546,261,2607,0,127,969,12264,4313,64.83,1
2025-07-01,RN7,NHS ENGLAND SOUTH EAST ,DARTFORD AND GRAVESHAM NHS TRUST,11347,0,4129,0,0,0,2752,0,14,0,0,0,711,72,4202,0,0,426,15476,2766,82.13,1
2025-07-01,RNQ,NHS ENGLAND MIDLANDS ,KETTERING GENERAL HOSPITAL NHS FOUNDATION TRUST,10198,0,8247,341,0,0,3751,0,87,0,0,0,562,785,2018,0,0,216,18445,3838,79.19,1
2025-07-01,RNZ,NHS ENGLAND SOUTH WEST ,SALISBURY NHS FOUNDATION TRUST,4923,296,1813,173,0,0,1816,0,0,66,0,0,341,23,1359,0,0,1097,7032,1816,74.18,1
2025-07-01,RP6,NHS ENGLAND LONDON,MOORFIELDS EYE HOSPITAL NHS FOUNDATION TRUST,0,6123,0,0,0,0,0,189,0,0,0,0,0,0,0,2,0,252,6123,189,96.91,0
2025-07-01,RQW,NHS ENGLAND EAST OF ENGLAND ,THE PRINCESS ALEXANDRA HOSPITAL NHS TRUST,8719,0,1921,0,0,567,3463,0,0,0,0,0,391,142,1957,0,0,320,10640,3463,67.45,1
2025-07-01,RR8,NHS ENGLAND NORTH EAST AND YORKSHIRE ,LEEDS TEACHING HOSPITALS NHS TRUST,17642,778,11691,77,0,323,6257,0,107,21,0,0,1485,135,3723,0,0,1187,30111,6364,78.86,1
2025-07-01,RTG,NHS ENGLAND MIDLANDS ,UNIVERSITY HOSPITALS OF DERBY AND BURTON NHS FOUNDATION TRUST,19187,0,9942,4803,0,33,8794,0,0,416,0,0,989,716,4024,0,1,2087,29129,8794,69.81,1
2025-07-01,RV9,NHS ENGLAND NORTH EAST AND YORKSHIRE ,HUMBER TEACHING NHS FOUNDATION TRUST,0,0,1281,0,0,50,0,0,7,0,0,0,0,0,0,0,0,0,1281,7,99.45,0
2025-07-01,RVW,NHS ENGLAND NORTH EAST AND YORKSHIRE ,NORTH TEES AND HARTLEPOOL NHS FOUNDATION TRUST,4933,0,11358,0,0,0,2576,0,10,0,0,0,122,4,1586,0,470,2211,16291,2586,84.13,1
2025-07-01,RW4,NHS ENGLAND NORTH WEST ,MERSEY CARE NHS FOUNDATION TRUST,0,0,13566,0,0,0,0,0,192,0,0,0,0,0,0,0,0,51,13566,192,98.58,0
2025-07-01,RX1,NHS ENGLAND MIDLANDS ,NOTTINGHAM UNIVERSITY HOSPITALS NHS TRUST,13245,2205,0,0,0,0,6980,117,0,0,0,0,267,467,4713,0,805,4432,15450,7097,54.06,1
2025-07-01,RXL,NHS ENGLAND NORTH WEST ,BLACKPOOL TEACHING HOSPITALS NHS FOUNDATION TRUST,9042,0,10364,526,0,360,4286,0,96,210,0,0,781,340,2886,0,0,1449,19406,4382,77.42,1
2025-07-01,RXQ,NHS ENGLAND SOUTH EAST ,BUCKINGHAMSHIRE HEALTHCARE NHS TRUST,11214,1332,3235,3,0,0,3369,0,66,1,0,0,221,309,4018,941,0,2255,15781,3435,78.23,1
2025-07-01,RXR,NHS ENGLAND NORTH WEST ,EAST LANCASHIRE HOSPITALS NHS TRUST,14245,0,11919,0,0,0,4842,0,575,0,0,0,712,708,3863,0,84,1611,26164,5417,79.3,1
2025-07-01,NQT5F,NHS ENGLAND NORTH WEST ,SKELMERSDALE WALK IN CENTRE,0,0,1718,0,0,0,0,0,11,0,0,0,0,0,0,0,0,0,1718,11,99.36,0
2025-07-01,NTPAD,NHS ENGLAND SOUTH EAST ,PRACTICE PLUS GROUP SURGICAL CENTRE - ST MARYS PORTSMOUTH,0,0,5337,0,0,197,0,0,279,0,0,17,0,0,0,0,0,0,5337,279,94.77,1
2025-07-01,R0A,NHS ENGLAND NORTH WEST ,MANCHESTER UNIVERSITY NHS FOUNDATION TRUST,26185,3281,11482,3546,535,886,10020,119,364,1222,23,39,2491,101,6168,128,126,413,40948,10503,74.35,1
2025-07-01,R0B,NHS ENGLAND NORTH EAST AND YORKSHIRE ,SOUTH TYNESIDE AND SUNDERLAND NHS FOUNDATION TRUST,11361,1278,6027,864,0,1307,4854,8,168,399,0,30,307,1,4327,20,0,1608,18666,5030,73.05,1
2025-07-01,R0D,NHS ENGLAND SOUTH WEST ,UNIVERSITY HOSPITALS DORSET NHS FOUNDATION TRUST,15124,0,5243,0,0,0,5821,0,0,0,0,0,624,67,4258,5,0,2547,20367,5821,71.42,1
2025-07-01,RAE,NHS ENGLAND NORTH EAST AND YORKSHIRE ,BRADFORD TEACHING HOSPITALS NHS FOUNDATION TRUST,9650,1134,3496,0,0,0,2298,0,0,0,0,0,679,51,2686,0,9,1309,14280,2298,83.91,1
2025-07-01,RAJ,NHS ENGLAND EAST OF ENGLAND ,MID AND SOUTH ESSEX NHS FOUNDATION TRUST,31246,0,4437,4,0,2,8222,0,117,0,0,0,2144,265,9072,0,192,1295,35683,8339,76.63,1
2025-07-01,RBK,NHS ENGLAND MIDLANDS ,WALSALL HEALTHCARE NHS TRUST,9841,0,4238,24,0,149,3200,0,71,3,0,0,1082,101,4027,0,0,747,14079,3271,76.77,1
2025-07-01,RCF,NHS ENGLAND NORTH EAST AND YORKSHIRE ,AIREDALE NHS FOUNDATION TRUST,6345,196,0,604,0,0,1943,0,0,0,0,0,270,70,1626,0,0,452,6541,1943,70.3,1
2025-07-01,RD8,NHS ENGLAND EAST OF ENGLAND ,MILTON KEYNES UNIVERSITY HOSPITAL NHS FOUNDATION TRUST,8557,0,5216,700,0,183,3003,0,41,290,0,0,439,0,2349,0,0,440,13773,3044,77.9,1
2025-07-01,RDU,NHS ENGLAND SOUTH EAST ,FRIMLEY HEALTH NHS FOUNDATION TRUST,23429,978,12981,0,0,0,9427,0,423,0,0,0,1553,263,6646,0,0,152,37388,9850,73.65,1
2025-07-01,REM,NHS ENGLAND NORTH WEST ,LIVERPOOL UNIVERSITY HOSPITALS NHS FOUNDATION TRUST,16589,1829,8107,456,0,0,8406,21,169,23,0,0,2027,902,4989,0,0,2536,26525,8596,67.59,1
2025-07-01,REP,NHS ENGLAND NORTH WEST ,LIVERPOOL WOMEN'S NHS FOUNDATION TRUST,0,1572,0,0,0,0,0,179,0,0,0,0,0,0,0,119,0,11,1572,179,88.61,1
2025-07-01,RGN,NHS ENGLAND EAST OF ENGLAND ,NORTH WEST ANGLIA NHS FOUNDATION TRUST,14985,0,4985,254,0,451,4869,0,100,55,0,3,567,672,3592,0,38,1340,19970,4969,75.12,1
2025-07-01,RGT,NHS ENGLAND EAST OF ENGLAND ,CAMBRIDGE UNIVERSITY HOSPITALS NHS FOUNDATION TRUST,11115,0,5992,266,0,289,4435,0,81,46,0,3,571,389,2816,0,35,539,17107,4516,73.6,1
2025-07-01,RH5,NHS ENGLAND SOUTH WEST ,SOMERSET NHS FOUNDATION TRUST,13096,0,10094,0,0,1,5040,0,174,0,0,0,258,75,3230,0,0,1866,23190,5214,77.52,1
2025-07-01,RHQ,NHS ENGLAND NORTH EAST AND YORKSHIRE ,SHEFFIELD TEACHING HOSPITALS NHS FOUNDATION TRUST,10046,1289,5372,590,4,1339,4619,217,269,198,0,3,736,11,3244,0,0,3316,16707,5105,69.44,1
2025-07-01,RHW,NHS ENGLAND SOUTH EAST ,ROYAL BERKSHIRE NHS FOUNDATION TRUST,10909,2793,2862,1447,18,0,3523,83,0,345,0,0,309,1,2281,0,0,494,16564,3606,78.23,1
2025-07-01,RJL,NHS ENGLAND NORTH EAST AND YORKSHIRE ,NORTHERN LINCOLNSHIRE AND GOOLE NHS FOUNDATION TRUST,9489,0,7534,0,0,463,4396,0,72,0,0,5,760,635,5598,0,0,512,17023,4468,73.75,1
2025-07-01,RJZ,NHS ENGLAND LONDON,KING'S COLLEGE HOSPITAL NHS FOUNDATION TRUST,15793,0,9566,47,0,1272,6564,0,659,11,0,0,1593,556,3716,0,0,348,25359,7223,71.52,1
2025-07-01,RKB,NHS ENGLAND MIDLANDS ,UNIVERSITY HOSPITALS COVENTRY AND WARWICKSHIRE NHS TRUST,12559,1531,5793,0,0,0,4969,91,80,0,0,0,75,17,1442,32,18,422,19883,5140,74.15,1
2025-07-01,RL4,NHS ENGLAND MIDLANDS ,THE ROYAL WOLVERHAMPTON NHS TRUST,13276,0,7255,128,0,662,3728,0,107,20,0,1,1050,290,6038,0,0,818,20531,3835,81.32,1
2025-07-01,RMP,NHS ENGLAND NORTH WEST ,TAMESIDE AND GLOSSOP INTEGRATED CARE NHS FOUNDATION TRUST,9015,0,2599,380,0,82,4384,0,11,0,0,0,741,337,1746,0,0,265,11614,4395,62.16,1
2025-07-01,RN3,NHS ENGLAND SOUTH WEST ,GREAT WESTERN HOSPITALS NHS FOUNDATION TRUST,5851,0,5775,0,0,0,2880,0,714,0,0,0,780,148,2739,0,0,1377,11626,3594,69.09,1
2025-07-01,RRK,NHS ENGLAND MIDLANDS ,UNIVERSITY HOSPITALS BIRMINGHAM NHS FOUNDATION TRUST,36112,390,1868,0,0,241,13748,0,76,0,0,11,2995,1376,10999,0,0,7509,38370,13824,63.97,1
2025-07-01,RTR,NHS ENGLAND NORTH EAST AND YORKSHIRE ,SOUTH TEES HOSPITALS NHS FOUNDATION TRUST,7414,0,9772,0,0,1920,3533,0,549,0,0,41,297,10,2606,0,117,2391,17186,4082,76.25,1
2025-07-01,RVJ,NHS ENGLAND SOUTH WEST ,NORTH BRISTOL NHS TRUST,9515,0,0,25,0,0,3455,0,0,6,0,0,520,220,2767,0,0,2387,9515,3455,63.69,1
2025-07-01,RWE,NHS ENGLAND MIDLANDS ,UNIVERSITY HOSPITALS OF LEICESTER NHS TRUST,21007,2090,0,0,0,0,8008,151,0,0,0,0,1242,629,6637,7,0,3571,23097,8159,64.68,1
2025-07-01,RWJ,NHS ENGLAND NORTH WEST ,STOCKPORT NHS FOUNDATION TRUST,8416,0,1165,245,0,1370,3423,0,60,100,0,5,829,172,2977,0,54,830,9581,3483,63.65,1
2025-07-01,RXC,NHS ENGLAND SOUTH EAST ,EAST SUSSEX HEALTHCARE NHS TRUST,8988,0,2883,2004,0,1544,3736,0,51,0,0,0,177,5,3121,0,0,584,11871,3787,68.1,1
2025-07-01,RXW,NHS ENGLAND MIDLANDS ,THE SHREWSBURY AND TELFORD HOSPITAL NHS TRUST,11091,0,2485,0,0,0,6049,0,353,0,0,0,479,1407,3177,0,147,2050,13576,6402,52.84,1
2025-07-01,RY4,NHS ENGLAND EAST OF ENGLAND ,HERTFORDSHIRE COMMUNITY NHS TRUST,0,0,1310,0,0,0,0,0,79,0,0,0,0,0,0,0,0,0,1310,79,93.97,1
2025-07-01,RYJ,NHS ENGLAND LONDON,IMPERIAL COLLEGE HEALTHCARE NHS TRUST,12478,4302,7544,0,0,521,5204,182,270,0,0,0,642,0,3850,1,0,1256,24324,5656,76.75,1
2025-07-01,RYR,NHS ENGLAND SOUTH EAST ,UNIVERSITY HOSPITALS SUSSEX NHS FOUNDATION TRUST,27863,1566,1885,1624,0,475,9870,28,161,414,0,3,664,271,9309,30,51,1736,31314,10059,67.88,1
2025-07-01,A5D4Q,NHS ENGLAND MIDLANDS ,NEMS CBS (UTC),0,0,4053,0,0,0,0,0,866,0,0,0,0,0,0,0,0,0,4053,866,78.63,1
2025-07-01,NNJ07,NHS ENGLAND MIDLANDS ,LOUGHBOROUGH URGENT CARE CENTRE,0,0,4934,0,0,2574,0,0,12,0,0,4,0,0,0,0,0,0,4934,12,99.76,0
2025-07-01,NNJ0H,NHS ENGLAND MIDLANDS ,LLR EA - THE MERLYN VAZ HEALTH & SOCIAL CARE CENTRE,0,0,338,0,0,3666,0,0,1,0,0,1,0,0,0,0,0,0,338,1,99.7,0
2025-07-01,NNJ12,NHS ENGLAND MIDLANDS ,MARKET HARBOROUGH,0,0,84,0,0,365,0,0,0,0,0,0,0,0,0,0,0,0,84,0,100.0,0
2025-07-01,NNJ13,NHS ENGLAND MIDLANDS ,MELTON MOWBRAY,0,0,45,0,0,342,0,0,0,0,0,0,0,0,0,0,0,0,45,0,100.0,0
2025-07-01,NNJ14,NHS ENGLAND MIDLANDS ,OADBY,0,0,493,0,0,2355,0,0,0,0,0,1,0,0,0,0,0,0,493,0,100.0,0
2025-07-01,NNJ15,NHS ENGLAND MIDLANDS ,OAKHAM,0,0,46,0,0,314,0,0,0,0,0,0,0,0,0,0,0,0,46,0,100.0,0
2025-07-01,R1F,NHS ENGLAND SOUTH EAST ,ISLE OF WIGHT NHS TRUST,4556,325,1798,16,0,15,1769,0,133,1,0,0,218,83,1509,0,0,87,6679,1902,71.52,1
2025-07-01,RAL,NHS ENGLAND LONDON,ROYAL FREE LONDON NHS FOUNDATION TRUST,26648,544,15993,182,3,200,8269,4,697,61,0,28,1294,1638,6782,1,98,854,43185,8970,79.23,1
2025-07-01,RAS,NHS ENGLAND LONDON,THE HILLINGDON HOSPITALS NHS FOUNDATION TRUST,5966,0,7265,0,0,0,2361,0,105,0,0,0,335,24,2373,0,0,70,13231,2466,81.36,1
2025-07-01,RAX,NHS ENGLAND LONDON,KINGSTON AND RICHMOND NHS FOUNDATION TRUST,7047,0,8360,0,0,0,3556,0,330,0,0,0,343,362,2286,0,230,616,15407,3886,74.78,1
2025-07-01,RBN,NHS ENGLAND NORTH WEST ,MERSEY AND WEST LANCASHIRE TEACHING HOSPITALS NHS TRUST,18132,0,7478,426,0,0,6769,0,41,47,0,0,671,187,8103,0,0,706,25610,6810,73.41,1
2025-07-01,RCB,NHS ENGLAND NORTH EAST AND YORKSHIRE ,YORK AND SCARBOROUGH TEACHING HOSPITALS NHS FOUNDATION TRUST,11120,375,7934,0,0,0,5517,0,362,0,0,0,665,450,5034,0,0,1650,19429,5879,69.74,1
2025-07-01,RDE,NHS ENGLAND EAST OF ENGLAND ,EAST SUFFOLK AND NORTH ESSEX NHS FOUNDATION TRUST,12692,0,13925,315,0,347,6173,0,484,0,0,0,951,354,6224,0,417,1031,26617,6657,74.99,1
2025-07-01,RF4,NHS ENGLAND LONDON,"BARKING, HAVERING AND REDBRIDGE UNIVERSITY HOSPITALS NHS TRUST",13723,2456,14448,0,0,0,5570,364,213,0,0,0,604,612,8402,0,0,361,30627,6147,79.93,1
2025-07-01,RFR,NHS ENGLAND NORTH EAST AND YORKSHIRE ,THE ROTHERHAM NHS FOUNDATION TRUST,9264,0,0,0,0,0,2660,0,0,0,0,0,357,17,2097,0,0,221,9264,2660,71.29,1
2025-07-01,RFS,NHS ENGLAND MIDLANDS ,CHESTERFIELD ROYAL HOSPITAL NHS FOUNDATION TRUST,6557,0,5854,989,0,312,3024,0,268,467,0,55,573,100,2293,0,123,200,12411,3292,73.48,1
2025-07-01,RGP,NHS ENGLAND EAST OF ENGLAND ,JAMES PAGET UNIVERSITY HOSPITALS NHS FOUNDATION TRUST,8023,0,1434,0,0,0,2911,0,0,0,0,0,493,209,1608,0,0,524,9457,2911,69.22,1
2025-07-01,RJ2,NHS ENGLAND LONDON,LEWISHAM AND GREENWICH NHS TRUST,15998,0,9791,0,0,0,7494,0,289,0,0,0,1163,628,4165,0,0,637,25789,7783,69.82,1
2025-07-01,RJ6,NHS ENGLAND LONDON,CROYDON HEALTH SERVICES NHS TRUST,13093,0,4826,0,0,0,4548,0,0,0,0,0,241,715,1214,0,0,139,17919,4548,74.62,1
2025-07-01,RJ7,NHS ENGLAND LONDON,ST GEORGE'S UNIVERSITY HOSPITALS NHS FOUNDATION TRUST,8736,0,4107,570,0,0,2697,0,172,0,0,0,393,443,2617,0,0,856,12843,2869,77.66,1
2025-07-01,RJR,NHS ENGLAND NORTH WEST ,COUNTESS OF CHESTER HOSPITAL NHS FOUNDATION TRUST,5487,0,2476,0,0,0,2799,0,230,0,0,0,546,503,1977,0,0,1228,7963,3029,61.96,1
2025-07-01,RK5,NHS ENGLAND MIDLANDS ,SHERWOOD FOREST HOSPITALS NHS FOUNDATION TRUST,11574,0,5944,373,0,161,4398,0,345,239,0,0,650,95,3905,0,0,268,17518,4743,72.92,1
2025-07-01,RKE,NHS ENGLAND LONDON,WHITTINGTON HEALTH NHS TRUST,9104,0,0,0,0,0,2295,0,0,0,0,0,290,200,1326,0,0,37,9104,2295,74.79,1
2025-07-01,RLT,NHS ENGLAND MIDLANDS ,GEORGE ELIOT HOSPITAL NHS TRUST,6803,0,1669,0,0,0,2007,0,20,0,0,0,412,255,1071,0,0,1,8472,2027,76.07,1
2025-07-01,RM3,NHS ENGLAND NORTH WEST ,NORTHERN CARE ALLIANCE NHS FOUNDATION TRUST,27074,0,10299,0,0,0,10011,0,436,0,0,0,1081,933,7274,0,365,2269,37373,10447,72.05,1
2025-07-01,RN5,NHS ENGLAND SOUTH EAST ,HAMPSHIRE HOSPITALS NHS FOUNDATION TRUST,11043,42,3618,0,0,129,4651,0,113,0,0,0,122,33,3550,10,55,1190,14703,4764,67.6,1
2025-07-01,RNA,NHS ENGLAND MIDLANDS ,THE DUDLEY GROUP NHS FOUNDATION TRUST,10391,0,3946,0,0,634,3165,0,70,0,0,0,1955,96,3641,0,0,2713,14337,3235,77.44,1
2025-07-01,RNN,NHS ENGLAND NORTH EAST AND YORKSHIRE ,NORTH CUMBRIA INTEGRATED CARE NHS FOUNDATION TRUST,9153,0,2395,310,0,25,3915,0,49,84,0,0,623,275,2266,0,0,572,11548,3964,65.67,1
2025-07-01,RPA,NHS ENGLAND SOUTH EAST ,MEDWAY NHS FOUNDATION TRUST,9910,0,6767,368,0,1138,3447,0,778,79,0,0,396,614,1858,0,0,477,16677,4225,74.67,1
2025-07-01,RQ3,NHS ENGLAND MIDLANDS ,BIRMINGHAM WOMEN'S AND CHILDREN'S NHS FOUNDATION TRUST,4358,0,0,0,0,0,565,0,0,0,0,0,6,0,533,0,0,198,4358,565,87.04,1
2025-07-01,RQM,NHS ENGLAND LONDON,CHELSEA AND WESTMINSTER HOSPITAL NHS FOUNDATION TRUST,19829,0,6197,570,0,0,5501,0,72,0,0,0,740,65,2831,0,0,306,26026,5573,78.59,1
2025-07-01,RRF,NHS ENGLAND NORTH WEST ,"WRIGHTINGTON, WIGAN AND LEIGH NHS FOUNDATION TRUST",7367,0,5504,0,0,0,3102,0,38,0,0,0,648,394,2370,0,0,717,12871,3140,75.6,1
2025-07-01,RTE,NHS ENGLAND SOUTH WEST ,GLOUCESTERSHIRE HOSPITALS NHS FOUNDATION TRUST,13382,0,472,314,0,0,5280,0,7,84,0,0,470,202,2970,0,0,2705,13854,5287,61.84,1
2025-07-01,RTF,NHS ENGLAND NORTH EAST AND YORKSHIRE ,NORTHUMBRIA HEALTHCARE NHS FOUNDATION TRUST,10411,0,14020,0,0,0,1977,0,4,0,0,0,9,0,4568,0,15,516,24431,1981,91.89,1
2025-07-01,RTX,NHS ENGLAND NORTH WEST ,UNIVERSITY HOSPITALS OF MORECAMBE BAY NHS FOUNDATION TRUST,9813,0,3079,179,0,1738,3502,0,68,24,0,35,653,276,3295,0,25,1013,12892,3570,72.31,1
2025-07-01,RWA,NHS ENGLAND NORTH EAST AND YORKSHIRE ,HULL UNIVERSITY TEACHING HOSPITALS NHS TRUST,10050,0,4501,0,0,0,5620,0,365,0,0,0,1063,385,3818,0,0,2288,14551,5985,58.87,1
2025-07-01,RWD,NHS ENGLAND MIDLANDS ,UNITED LINCOLNSHIRE TEACHING HOSPITALS NHS TRUST,17265,0,4042,0,0,0,7421,0,384,0,0,0,1059,1027,4925,0,0,1137,21307,7805,63.37,1
2025-07-01,RWG,NHS ENGLAND EAST OF ENGLAND ,WEST HERTFORDSHIRE TEACHING HOSPITALS NHS TRUST,8535,0,7599,0,0,745,2583,0,55,0,0,0,750,19,4399,0,0,619,16134,2638,83.65,1
2025-07-01,RWH,NHS ENGLAND EAST OF ENGLAND ,EAST AND NORTH HERTFORDSHIRE NHS TRUST,8871,0,8333,2,0,0,3878,0,49,2,0,0,124,21,2750,0,3,245,17204,3927,77.17,1
2025-07-01,RXP,NHS ENGLAND NORTH EAST AND YORKSHIRE ,COUNTY DURHAM AND DARLINGTON NHS FOUNDATION TRUST,13216,0,4271,0,0,7291,4756,0,0,0,0,0,1780,13,4453,0,0,770,17487,4756,72.8,1
2025-07-01,RY2,NHS ENGLAND NORTH WEST ,BRIDGEWATER COMMUNITY HEALTHCARE NHS FOUNDATION TRUST,0,0,3110,0,0,168,0,0,61,0,0,2,0,0,0,0,0,0,3110,61,98.04,0
2025-07-01,RYY,NHS ENGLAND SOUTH EAST ,KENT COMMUNITY HEALTH NHS FOUNDATION TRUST,0,0,6715,0,0,0,0,0,17,0,0,0,0,0,0,0,0,0,6715,17,99.75,0
2025-07-01,Y02147,NHS ENGLAND LONDON,URGENT CARE CENTRE (QMS),0,0,8084,0,0,366,0,0,105,0,0,0,0,0,0,0,0,0,8084,105,98.7,0
2025-07-01,ARN03,NHS ENGLAND NORTH EAST AND YORKSHIRE ,LOCAL CARE DIRECT,0,0,2191,0,0,177,0,0,9,0,0,0,0,0,0,0,0,0,2191,9,99.59,0
2025-07-01,C83023,NHS ENGLAND MIDLANDS ,SLEAFORD MEDICAL GROUP,0,0,439,0,0,0,0,0,0,0,0,0,0,0,0,0,0,2,439,0,100.0,0
2025-07-01,R1H,NHS ENGLAND LONDON,BARTS HEALTH NHS TRUST,25710,1042,18741,0,0,0,10667,55,1385,0,0,0,1147,832,4242,0,49,1405,45493,12107,73.39,1
2025-07-01,RHM,NHS ENGLAND SOUTH EAST ,UNIVERSITY HOSPITAL SOUTHAMPTON NHS FOUNDATION TRUST,12292,1395,0,14,0,0,5204,135,0,9,0,0,336,20,3757,10,0,1665,13687,5339,60.99,1
2025-07-01,RM1,NHS ENGLAND EAST OF ENGLAND ,NORFOLK AND NORWICH UNIVERSITY HOSPITALS NHS FOUNDATION TRUST,13321,0,7752,0,0,0,3530,0,0,0,0,0,794,149,2403,0,0,1639,21073,3530,83.25,1
2025-07-01,RVR,NHS ENGLAND LONDON,EPSOM AND ST HELIER UNIVERSITY HOSPITALS NHS TRUST,10765,0,2417,187,0,29,3133,0,303,15,0,2,500,1023,2108,0,0,166,13182,3436,73.93,1
2025-07-01,RWX,NHS ENGLAND SOUTH EAST ,BERKSHIRE HEALTHCARE NHS FOUNDATION TRUST,0,0,1639,0,0,0,0,0,14,0,0,0,0,0,0,0,43,0,1639,14,99.15,0
2025-07-01,RXN,NHS ENGLAND NORTH WEST ,LANCASHIRE TEACHING HOSPITALS NHS FOUNDATION TRUST,12245,0,3596,272,0,113,4465,0,63,49,0,2,860,423,2883,0,123,1572,15841,4528,71.42,1
2025-07-01,Y02532,NHS ENGLAND NORTH WEST ,MIRIAM MINOR EMERGENCY,0,0,1615,0,0,0,0,0,0,0,0,0,0,0,0,0,0,0,1615,0,100.0,0
2025-07-01,RP5,NHS ENGLAND NORTH EAST AND YORKSHIRE ,DONCASTER AND BASSETLAW TEACHING HOSPITALS NHS FOUNDATION TRUST,14653,0,4154,0,0,0,4873,0,44,0,0,0,1171,55,3849,0,397,960,18807,4917,73.86,1
2025-07-01,NR3,NHS ENGLAND MIDLANDS ,NOTTINGHAM CITYCARE PARTNERSHIP,0,0,4988,0,0,255,0,0,440,0,0,0,0,0,0,0,0,0,4988,440,91.18,1
2025-07-01,RD1,NHS ENGLAND SOUTH WEST ,ROYAL UNITED HOSPITALS BATH NHS FOUNDATION TRUST,8845,0,0,0,0,0,3291,0,0,0,0,0,655,51,2618,0,14,2200,8845,3291,62.79,1
2025-07-01,RGR,NHS ENGLAND EAST OF ENGLAND ,WEST SUFFOLK NHS FOUNDATION TRUST,8380,0,684,97,0,0,2348,0,0,0,0,0,424,145,2066,0,0,295,9064,2348,74.1,1
2025-07-01,RNS,NHS ENGLAND MIDLANDS ,NORTHAMPTON GENERAL HOSPITAL NHS TRUST,10692,629,1855,0,0,0,5098,42,283,0,0,0,647,638,2002,0,0,426,13176,5423,58.84,1
2025-07-01,RYX,NHS ENGLAND LONDON,CENTRAL LONDON COMMUNITY HEALTHCARE NHS TRUST,0,0,12770,0,0,555,0,0,241,0,0,14,0,0,0,0,0,0,12770,241,98.11,0
2025-07-01,R1D,NHS ENGLAND MIDLANDS ,SHROPSHIRE COMMUNITY HEALTH NHS TRUST,0,0,3762,0,0,2,0,0,27,0,0,0,0,0,0,0,0,0,3762,27,99.28,0
2025-07-01,R1K,NHS ENGLAND LONDON,LONDON NORTH WEST UNIVERSITY HEALTHCARE NHS TRUST,13960,0,16253,0,0,0,6255,0,347,0,0,0,415,184,6367,0,0,179,30213,6602,78.15,1
2025-07-01,RDR,NHS ENGLAND SOUTH EAST ,SUSSEX COMMUNITY NHS FOUNDATION TRUST,0,0,12805,0,0,0,0,0,128,0,0,0,0,0,0,0,0,2,12805,128,99.0,0
2025-07-01,RXF,NHS ENGLAND NORTH EAST AND YORKSHIRE ,MID YORKSHIRE TEACHING NHS TRUST,17158,124,6677,124,0,74,5861,0,179,0,0,0,1470,11,3602,0,161,833,23959,6040,74.79,1
2025-07-01,DJV01,NHS ENGLAND SOUTH EAST ,HERNE BAY HEALTH CARE LTD,0,0,2265,0,0,0,0,0,0,0,0,0,0,0,0,0,0,0,2265,0,100.0,0
2025-07-01,RBL,NHS ENGLAND NORTH WEST ,WIRRAL UNIVERSITY TEACHING HOSPITAL NHS FOUNDATION TRUST,7987,0,3256,0,0,157,4283,0,112,0,0,1,644,710,2108,0,0,1908,11243,4395,60.91,1
2025-07-01,RRV,NHS ENGLAND LONDON,UNIVERSITY COLLEGE LONDON HOSPITALS NHS FOUNDATION TRUST,12771,0,0,1550,0,0,3636,0,0,0,0,0,216,49,1550,0,0,281,12771,3636,71.53,1
2025-07-01,RHU,NHS ENGLAND SOUTH EAST ,PORTSMOUTH HOSPITALS UNIVERSITY NHS TRUST,10606,1112,3315,1915,0,804,3774,15,16,537,0,10,796,979,3003,0,0,2807,15033,3805,74.69,1
2025-07-01,RTH,NHS ENGLAND SOUTH EAST ,OXFORD UNIVERSITY HOSPITALS NHS FOUNDATION TRUST,12744,1932,3762,1540,0,206,3275,0,67,237,0,26,510,0,5691,106,20,4450,18438,3342,81.87,1
2025-07-01,AD913,NHS ENGLAND LONDON,BECKENHAM BEACON UCC,0,0,3584,0,0,229,0,0,86,0,0,0,0,0,0,0,0,0,3584,86,97.6,0
2025-07-01,RWW,NHS ENGLAND NORTH WEST ,WARRINGTON AND HALTON TEACHING HOSPITALS NHS FOUNDATION TRUST,7341,0,3278,288,0,38,3915,0,96,114,0,1,942,600,1895,0,0,120,10619,4011,62.23,1
2025-07-01,RTD,NHS ENGLAND NORTH EAST AND YORKSHIRE ,THE NEWCASTLE UPON TYNE HOSPITALS NHS FOUNDATION TRUST,12588,1814,6401,0,0,982,4243,62,0,0,0,0,407,28,3721,23,0,2910,20803,4305,79.31,1
2025-06-01,RW1,NHS ENGLAND SOUTH EAST ,HAMPSHIRE AND ISLE OF WIGHT HEALTHCARE NHS FOUNDATION TRUST,0,0,3100,0,0,0,0,0,52,0,0,0,0,0,0,0,4,120,3100,52,98.32,0
2025-06-01,Y02615,NHS ENGLAND MIDLANDS ,SOUTH BIRMINGHAM GP WALK IN CENTRE,0,0,6125,0,0,0,0,0,0,0,0,0,0,0,0,0,0,0,6125,0,100.0,0
2025-06-01,Y02676,NHS ENGLAND SOUTH EAST ,BRIGHTON STATION HEALTH CENTRE,0,0,1793,0,0,0,0,0,1,0,0,0,0,0,0,0,0,0,1793,1,99.94,0
2025-06-01,AAH,NHS ENGLAND SOUTH WEST ,TETBURY HOSPITAL TRUST LTD,0,0,611,0,0,0,0,0,0,0,0,0,0,0,0,0,0,0,611,0,100.0,0
2025-06-01,AQN04,NHS ENGLAND SOUTH EAST ,PHL LYMINGTON UTC,0,0,3421,0,0,1,0,0,104,0,0,0,0,0,0,0,0,0,3421,104,96.96,0
2025-06-01,C82038,NHS ENGLAND MIDLANDS ,LATHAM HOUSE MEDICAL PRACTICE,0,0,426,0,0,0,0,0,0,0,0,0,0,0,0,0,0,0,426,0,100.0,0
2025-06-01,NQTE4,NHS ENGLAND MIDLANDS ,SUMMERFIELD URGENT CARE CENTRE,0,0,2962,0,0,0,0,0,0,0,0,0,0,0,0,0,0,0,2962,0,100.0,0
2025-06-01,NTV0B,NHS ENGLAND SOUTH EAST ,ASHFORD WALK-IN-CENTRE,0,0,2273,0,0,0,0,0,278,0,0,0,0,0,0,0,0,0,2273,278,87.77,1
2025-06-01,NTV0W,NHS ENGLAND SOUTH EAST ,WOKING WALK IN CENTRE,0,0,2655,0,0,0,0,0,195,0,0,0,0,0,0,0,0,0,2655,195,92.66,1
2025-06-01,RA9,NHS ENGLAND SOUTH WEST ,TORBAY AND SOUTH DEVON NHS FOUNDATION TRUST,6570,0,3704,429,0,156,2841,0,8,169,0,1,273,70,2175,0,0,1147,10274,2849,72.27,1
2025-06-01,RCD,NHS ENGLAND NORTH EAST AND YORKSHIRE ,HARROGATE AND DISTRICT NHS FOUNDATION TRUST,5412,0,1105,372,0,14,1498,0,0,88,0,0,165,5,1187,0,0,292,6517,1498,77.01,1
2025-06-01,RTP,NHS ENGLAND SOUTH EAST ,SURREY AND SUSSEX HEALTHCARE NHS TRUST,10423,0,0,0,0,0,3709,0,0,0,0,0,486,587,3043,0,0,886,10423,3709,64.42,1
2025-06-01,RWY,NHS ENGLAND NORTH EAST AND YORKSHIRE ,CALDERDALE AND HUDDERSFIELD NHS FOUNDATION TRUST,16287,0,0,0,0,0,2692,0,0,0,0,0,652,7,2762,0,0,200,16287,2692,83.47,1
2025-06-01,RY7,NHS ENGLAND NORTH WEST ,WIRRAL COMMUNITY HEALTH AND CARE NHS FOUNDATION TRUST,0,0,4352,0,0,0,0,0,273,0,0,0,0,0,0,0,0,0,4352,273,93.73,1
2025-06-01,Y02428,NHS ENGLAND EAST OF ENGLAND ,PUTNOE WALK IN CENTRE,0,0,2269,0,0,0,0,0,0,0,0,0,0,0,0,0,0,0,2269,0,100.0,0
2025-06-01,Y02532,NHS ENGLAND NORTH WEST ,MIRIAM MINOR EMERGENCY,0,0,1611,0,0,0,0,0,0,0,0,0,0,0,0,0,0,0,1611,0,100.0,0
2025-06-01,Y03218,NHS ENGLAND LONDON,THE PINN UNREGISTERED WIC,0,0,822,0,0,0,0,0,0,0,0,0,0,0,0,0,0,0,822,0,100.0,0
2025-06-01,Y07709,NHS ENGLAND SOUTH EAST ,READING URGENT CARE CENTRE,0,0,1793,0,0,0,0,0,0,0,0,0,0,0,0,0,0,0,1793,0,100.0,0
2025-06-01,ACH01,NHS ENGLAND SOUTH EAST ,WHITSTABLE MEDICAL PRACTICE,0,0,4942,0,0,0,0,0,0,0,0,0,0,0,0,0,0,0,4942,0,100.0,0
2025-06-01,C82009,NHS ENGLAND MIDLANDS ,MARKET HARBOROUGH MED.CTR,0,0,336,0,0,0,0,0,0,0,0,0,0,0,0,0,0,0,336,0,100.0,0
2025-06-01,NDJ,NHS ENGLAND SOUTH EAST ,FIRST COMMUNITY HEALTH AND CARE CIC,0,0,2636,0,0,0,0,0,0,0,0,0,0,0,0,0,0,0,2636,0,100.0,0
2025-06-01,RAS,NHS ENGLAND LONDON,THE HILLINGDON HOSPITALS NHS FOUNDATION TRUST,5813,0,6820,0,0,0,2574,0,125,0,0,0,324,33,2228,0,0,77,12633,2699,78.64,1
2025-06-01,RFF,NHS ENGLAND NORTH EAST AND YORKSHIRE ,BARNSLEY HOSPITAL NHS FOUNDATION TRUST,9221,0,0,22,0,0,3419,0,0,0,0,0,429,0,2967,0,0,486,9221,3419,62.92,1
2025-06-01,RWP,NHS ENGLAND MIDLANDS ,WORCESTERSHIRE ACUTE HOSPITALS NHS TRUST,13862,0,6476,0,0,0,6811,0,87,0,0,0,684,795,2799,0,0,809,20338,6898,66.08,1
2025-06-01,RXQ,NHS ENGLAND SOUTH EAST ,BUCKINGHAMSHIRE HEALTHCARE NHS TRUST,10914,1238,3089,1,0,0,3341,0,58,1,0,0,231,223,3965,885,0,2063,15241,3399,77.7,1
2025-06-01,C83023,NHS ENGLAND MIDLANDS ,SLEAFORD MEDICAL GROUP,0,0,453,0,0,0,0,0,0,0,0,0,0,0,0,0,0,5,453,0,100.0,0
2025-06-01,DT301,NHS ENGLAND EAST OF ENGLAND ,HERTS URGENT CARE (ASCOTS LANE),0,0,2403,0,0,0,0,0,111,0,0,0,0,0,0,0,0,0,2403,111,95.38,0
2025-06-01,NV693,NHS ENGLAND NORTH WEST ,ROSSENDALE MIU & OOH,0,0,1112,0,0,0,0,0,1,0,0,0,0,0,0,0,0,0,1112,1,99.91,0
2025-06-01,RJL,NHS ENGLAND NORTH EAST AND YORKSHIRE ,NORTHERN LINCOLNSHIRE AND GOOLE NHS FOUNDATION TRUST,9049,0,7383,0,0,430,4843,0,109,0,0,3,728,761,5402,0,0,446,16432,4952,69.86,1
2025-06-01,RTR,NHS ENGLAND NORTH EAST AND YORKSHIRE ,SOUTH TEES HOSPITALS NHS FOUNDATION TRUST,7240,0,9725,0,0,1635,3588,0,734,0,0,40,250,6,2560,0,115,2453,16965,4322,74.52,1
2025-06-01,RXR,NHS ENGLAND NORTH WEST ,EAST LANCASHIRE HOSPITALS NHS TRUST,13323,0,10988,0,0,0,4409,0,446,0,0,0,514,957,3826,0,100,1601,24311,4855,80.03,1
2025-06-01,Y02147,NHS ENGLAND LONDON,URGENT CARE CENTRE (QMS),0,0,8011,0,0,377,0,0,131,0,0,0,0,0,0,0,0,0,8011,131,98.36,0
2025-06-01,G0Q0L,NHS ENGLAND LONDON,BARKING HOSPITAL UTC,0,0,2890,0,0,0,0,0,32,0,0,0,0,0,0,0,0,0,2890,32,98.89,0
2025-06-01,K6K0R,NHS ENGLAND LONDON,HAROLD WOOD POLYCLINIC UTC,0,0,2715,0,0,0,0,0,23,0,0,0,0,0,0,0,0,0,2715,23,99.15,0
2025-06-01,NL7,NHS ENGLAND MIDLANDS ,ASSURA VERTIS URGENT CARE CENTRES (BIRMINGHAM),0,0,2863,0,0,0,0,0,0,0,0,0,0,0,0,0,0,0,2863,0,100.0,0
2025-06-01,NQT51,NHS ENGLAND SOUTH EAST ,STATION PLAZA HEALTH CENTRE,0,0,987,0,0,0,0,0,0,0,0,0,0,0,0,0,0,0,987,0,100.0,0
2025-06-01,REM,NHS ENGLAND NORTH WEST ,LIVERPOOL UNIVERSITY HOSPITALS NHS FOUNDATION TRUST,15366,1643,7468,421,0,0,7502,27,223,68,0,0,1873,870,4531,0,0,2338,24477,7752,68.33,1
2025-06-01,RV9,NHS ENGLAND NORTH EAST AND YORKSHIRE ,HUMBER TEACHING NHS FOUNDATION TRUST,0,0,1256,0,0,43,0,0,4,0,0,0,0,0,0,0,0,0,1256,4,99.68,0
2025-06-01,AJN,NHS ENGLAND NORTH EAST AND YORKSHIRE ,WORKINGTON HEALTH LIMITED,0,0,401,0,0,0,0,0,0,0,0,0,0,0,0,0,0,0,401,0,100.0,0
2025-06-01,NTPAD,NHS ENGLAND SOUTH EAST ,PRACTICE PLUS GROUP SURGICAL CENTRE - ST MARYS PORTSMOUTH,0,0,5372,0,0,152,0,0,171,0,0,3,0,0,0,0,0,0,5372,171,96.82,0
2025-06-01,R0B,NHS ENGLAND NORTH EAST AND YORKSHIRE ,SOUTH TYNESIDE AND SUNDERLAND NHS FOUNDATION TRUST,11137,1252,5843,808,0,1450,5337,21,311,425,0,109,779,2,4313,14,0,1492,18232,5669,68.91,1
2025-06-01,RCX,NHS ENGLAND EAST OF ENGLAND ,"THE QUEEN ELIZABETH HOSPITAL, KING'S LYNN, NHS FOUNDATION TRUST",6635,0,1176,0,0,0,2967,0,0,0,0,0,758,95,1816,0,0,327,7811,2967,62.02,1
2025-06-01,RFR,NHS ENGLAND NORTH EAST AND YORKSHIRE ,THE ROTHERHAM NHS FOUNDATION TRUST,9049,0,0,0,0,0,2401,0,0,0,0,0,275,1,2073,0,0,207,9049,2401,73.47,1
2025-06-01,RQX,NHS ENGLAND LONDON,HOMERTON HEALTHCARE NHS FOUNDATION TRUST,11079,0,0,0,0,0,2188,0,0,0,0,0,185,23,1794,0,0,369,11079,2188,80.25,1
2025-06-01,A5D4Q,NHS ENGLAND MIDLANDS ,NEMS UTC,0,0,3731,0,0,0,0,0,722,0,0,0,0,0,0,0,0,0,3731,722,80.65,1
2025-06-01,ARN03,NHS ENGLAND NORTH EAST AND YORKSHIRE ,LOCAL CARE DIRECT,0,0,2174,0,0,165,0,0,9,0,0,0,0,0,0,0,0,0,2174,9,99.59,0
2025-06-01,G3P9C,NHS ENGLAND SOUTH WEST ,TROWBRIDGE MINOR INJURIES UNIT,0,0,1048,0,0,0,0,0,1,0,0,0,0,0,0,0,0,0,1048,1,99.9,0
2025-06-01,L83087,NHS ENGLAND SOUTH WEST ,OKEHAMPTON MEDICAL CENTRE,0,0,99,0,0,0,0,0,0,0,0,0,0,0,0,0,0,0,99,0,100.0,0
2025-06-01,NLX,NHS ENGLAND SOUTH WEST ,SIRONA CARE & HEALTH,0,0,9376,0,0,354,0,0,417,0,0,40,0,0,0,0,0,0,9376,417,95.55,0
2025-06-01,NNF09,NHS ENGLAND NORTH EAST AND YORKSHIRE ,BRANSHOLME HEALTH CENTRE,0,0,3846,0,0,0,0,0,525,0,0,0,0,0,0,0,0,0,3846,525,86.35,1
2025-06-01,NNF16,NHS ENGLAND NORTH EAST AND YORKSHIRE ,BRIDLINGTON HOSPITAL,0,0,1526,0,0,0,0,0,62,0,0,0,0,0,0,0,0,0,1526,62,95.94,0
2025-06-01,NNF94,NHS ENGLAND NORTH EAST AND YORKSHIRE ,EAST RIDING COMMUNITY HOSPITAL,0,0,3038,0,0,0,0,0,212,0,0,0,0,0,0,0,0,0,3038,212,93.02,1
2025-06-01,NNFA7,NHS ENGLAND NORTH EAST AND YORKSHIRE ,GOOLE & DISTRICT HOSPITAL,0,0,1790,0,0,0,0,0,5,0,0,0,0,0,0,0,0,0,1790,5,99.72,0
2025-06-01,NQT1I,NHS ENGLAND SOUTH WEST ,CHIPPENHAM COMMUNITY HOSPITAL,0,0,1833,0,0,0,0,0,37,0,0,0,0,0,0,0,0,0,1833,37,97.98,0
2025-06-01,NQT5F,NHS ENGLAND NORTH WEST ,SKELMERSDALE WALK IN CENTRE,0,0,1587,0,0,0,0,0,9,0,0,0,0,0,0,0,0,0,1587,9,99.43,0
2025-06-01,RAX,NHS ENGLAND LONDON,KINGSTON AND RICHMOND NHS FOUNDATION TRUST,6808,0,8564,0,0,0,3230,0,243,0,0,0,298,221,2281,0,266,640,15372,3473,77.41,1
2025-06-01,RBD,NHS ENGLAND SOUTH WEST ,DORSET COUNTY HOSPITAL NHS FOUNDATION TRUST,4556,0,0,482,0,4679,1499,0,0,101,0,15,208,18,2051,0,0,532,4556,1499,67.1,1
2025-06-01,RCF,NHS ENGLAND NORTH EAST AND YORKSHIRE ,AIREDALE NHS FOUNDATION TRUST,6194,219,0,479,0,0,2095,0,0,0,0,0,328,99,1540,0,0,471,6413,2095,67.33,1
2025-06-01,RGP,NHS ENGLAND EAST OF ENGLAND ,JAMES PAGET UNIVERSITY HOSPITALS NHS FOUNDATION TRUST,7615,0,1279,0,0,0,2981,0,0,0,0,0,503,202,1528,0,0,499,8894,2981,66.48,1
2025-06-01,RK9,NHS ENGLAND SOUTH WEST ,UNIVERSITY HOSPITALS PLYMOUTH NHS TRUST,9169,138,5765,0,0,0,4584,0,85,0,0,0,477,658,2761,0,0,1712,15072,4669,69.02,1
2025-06-01,RNN,NHS ENGLAND NORTH EAST AND YORKSHIRE ,NORTH CUMBRIA INTEGRATED CARE NHS FOUNDATION TRUST,8759,0,2068,279,0,13,3932,0,37,72,0,1,701,403,2412,0,0,809,10827,3969,63.34,1
2025-06-01,RR7,NHS ENGLAND NORTH EAST AND YORKSHIRE ,GATESHEAD HEALTH NHS FOUNDATION TRUST,6051,0,3871,44,0,3,2269,0,40,15,0,0,614,2,1661,0,0,54,9922,2309,76.73,1
2025-06-01,RTQ,NHS ENGLAND SOUTH WEST ,GLOUCESTERSHIRE HEALTH AND CARE NHS FOUNDATION TRUST,0,0,8850,0,0,0,0,0,172,0,0,0,0,0,0,0,0,29,8850,172,98.06,0
2025-06-01,RXK,NHS ENGLAND MIDLANDS ,SANDWELL AND WEST BIRMINGHAM HOSPITALS NHS TRUST,11589,1281,8183,259,0,0,4324,191,257,96,0,0,629,87,2623,0,0,500,21053,4772,77.33,1
2025-06-01,RY8,NHS ENGLAND MIDLANDS ,DERBYSHIRE COMMUNITY HEALTH SERVICES NHS FOUNDATION TRUST,0,0,8156,0,0,1470,0,0,248,0,0,6,0,0,0,0,0,0,8156,248,96.96,0
2025-06-01,RYF,NHS ENGLAND SOUTH WEST ,SOUTH WESTERN AMBULANCE SERVICE NHS FOUNDATION TRUST,0,0,2009,0,0,18,0,0,24,0,0,0,0,0,0,0,0,0,2009,24,98.81,0
2025-06-01,AQM01,NHS ENGLAND SOUTH EAST ,FAVERSHAM MEDICAL PRACTICE MIU,0,0,2755,0,0,0,0,0,0,0,0,0,0,0,0,0,0,0,2755,0,100.0,0
2025-06-01,NQT5H,NHS ENGLAND SOUTH WEST ,PAULTON MEMORIAL HOSPITAL,0,0,1290,0,0,0,0,0,5,0,0,0,0,0,0,0,0,0,1290,5,99.61,0
2025-06-01,R0A,NHS ENGLAND NORTH WEST ,MANCHESTER UNIVERSITY NHS FOUNDATION TRUST,24752,3028,11652,3295,544,905,10611,102,600,1260,12,91,3081,108,5660,135,150,456,39432,11313,71.31,1
2025-06-01,RA2,NHS ENGLAND SOUTH EAST ,ROYAL SURREY COUNTY HOSPITAL NHS FOUNDATION TRUST,6763,0,1944,883,0,19,1863,0,0,189,0,0,296,5,2491,0,0,1035,8707,1863,78.6,1
2025-06-01,RAJ,NHS ENGLAND EAST OF ENGLAND ,MID AND SOUTH ESSEX NHS FOUNDATION TRUST,30471,0,3900,1,0,2,8343,0,120,0,0,0,2177,165,8598,0,173,1339,34371,8463,75.38,1
2025-06-01,RAT,NHS ENGLAND LONDON,NORTH EAST LONDON NHS FOUNDATION TRUST,0,0,1728,0,0,0,0,0,60,0,0,0,0,0,0,0,0,0,1728,60,96.53,0
2025-06-01,RBT,NHS ENGLAND NORTH WEST ,MID CHESHIRE HOSPITALS NHS FOUNDATION TRUST,7306,0,2848,0,0,64,4083,0,90,0,0,4,511,427,2053,0,0,922,10154,4173,58.9,1
2025-06-01,RD8,NHS ENGLAND EAST OF ENGLAND ,MILTON KEYNES UNIVERSITY HOSPITAL NHS FOUNDATION TRUST,8358,0,4975,729,0,153,3075,0,10,292,0,0,647,0,2112,0,0,383,13333,3085,76.86,1
2025-06-01,REF,NHS ENGLAND SOUTH WEST ,ROYAL CORNWALL HOSPITALS NHS TRUST,7034,0,13590,0,0,0,3980,0,916,0,0,0,735,429,2637,0,62,1007,20624,4896,76.26,1
2025-06-01,RJC,NHS ENGLAND MIDLANDS ,SOUTH WARWICKSHIRE UNIVERSITY NHS FOUNDATION TRUST,8366,0,397,1,0,0,2124,0,0,0,0,0,334,11,2083,0,0,893,8763,2124,75.76,1
2025-06-01,RJZ,NHS ENGLAND LONDON,KING'S COLLEGE HOSPITAL NHS FOUNDATION TRUST,15041,0,9358,39,0,1219,6741,0,547,10,0,0,1619,931,3508,0,0,294,24399,7288,70.13,1
2025-06-01,RLQ,NHS ENGLAND MIDLANDS ,WYE VALLEY NHS TRUST,6098,1035,217,72,0,0,2576,0,0,9,0,0,411,234,1372,0,0,174,7350,2576,64.95,1
2025-06-01,RMC,NHS ENGLAND NORTH WEST ,BOLTON NHS FOUNDATION TRUST,7988,0,3979,51,0,13,3910,0,288,25,0,0,545,245,2505,0,107,906,11967,4198,64.92,1
2025-06-01,RMP,NHS ENGLAND NORTH WEST ,TAMESIDE AND GLOSSOP INTEGRATED CARE NHS FOUNDATION TRUST,8629,0,2431,390,0,55,4721,0,22,0,0,0,376,705,1690,0,0,148,11060,4743,57.12,1
2025-06-01,RNA,NHS ENGLAND MIDLANDS ,THE DUDLEY GROUP NHS FOUNDATION TRUST,10299,0,3929,0,0,639,2978,0,25,0,0,0,1724,78,3450,0,0,2858,14228,3003,78.89,1
2025-06-01,RNQ,NHS ENGLAND MIDLANDS ,KETTERING GENERAL HOSPITAL NHS FOUNDATION TRUST,9895,0,8172,330,0,0,3673,0,135,0,0,0,724,556,1936,0,0,244,18067,3808,78.92,1
2025-06-01,RP5,NHS ENGLAND NORTH EAST AND YORKSHIRE ,DONCASTER AND BASSETLAW TEACHING HOSPITALS NHS FOUNDATION TRUST,14268,0,4315,0,0,0,4511,0,15,0,0,0,987,80,3884,0,452,962,18583,4526,75.64,1
2025-06-01,RRV,NHS ENGLAND LONDON,UNIVERSITY COLLEGE LONDON HOSPITALS NHS FOUNDATION TRUST,13449,0,0,392,0,0,3610,0,0,0,0,0,252,55,1460,0,0,257,13449,3610,73.16,1
2025-06-01,RTG,NHS ENGLAND MIDLANDS ,UNIVERSITY HOSPITALS OF DERBY AND BURTON NHS FOUNDATION TRUST,18581,0,9680,4485,0,39,8586,0,0,365,0,0,1059,709,3973,0,0,1913,28261,8586,69.62,1
2025-06-01,RTK,NHS ENGLAND SOUTH EAST ,ASHFORD AND ST PETER'S HOSPITALS NHS FOUNDATION TRUST,7124,0,3048,0,0,0,3452,0,26,0,0,0,584,183,2807,0,0,725,10172,3478,65.81,1
2025-06-01,RVW,NHS ENGLAND NORTH EAST AND YORKSHIRE ,NORTH TEES AND HARTLEPOOL NHS FOUNDATION TRUST,4778,0,11254,0,0,0,2497,0,49,0,0,0,233,11,1617,0,404,2189,16032,2546,84.12,1
2025-06-01,RWA,NHS ENGLAND NORTH EAST AND YORKSHIRE ,HULL UNIVERSITY TEACHING HOSPITALS NHS TRUST,9584,0,4415,0,0,0,5539,0,532,0,0,0,1105,408,3672,0,0,2386,13999,6071,56.63,1
2025-06-01,RWF,NHS ENGLAND SOUTH EAST ,MAIDSTONE AND TUNBRIDGE WELLS NHS TRUST,18050,0,2451,990,0,169,3527,0,70,138,0,1,985,172,5521,0,0,1028,20501,3597,82.45,1
2025-06-01,RX1,NHS ENGLAND MIDLANDS ,NOTTINGHAM UNIVERSITY HOSPITALS NHS TRUST,13038,2226,0,0,0,0,6606,56,0,0,0,0,282,518,4219,0,478,4027,15264,6662,56.35,1
2025-06-01,RXF,NHS ENGLAND NORTH EAST AND YORKSHIRE ,MID YORKSHIRE TEACHING NHS TRUST,16824,130,6620,120,0,76,6283,0,170,0,0,0,1584,49,3535,0,179,821,23574,6453,72.63,1
2025-06-01,RXL,NHS ENGLAND NORTH WEST ,BLACKPOOL TEACHING HOSPITALS NHS FOUNDATION TRUST,8886,0,10078,452,0,309,4182,0,45,163,0,0,750,310,2800,0,0,1735,18964,4227,77.71,1
2025-06-01,RYR,NHS ENGLAND SOUTH EAST ,UNIVERSITY HOSPITALS SUSSEX NHS FOUNDATION TRUST,26467,1588,1927,1712,0,571,9334,74,217,469,0,4,663,514,8745,38,97,1542,29982,9625,67.9,1
2025-06-01,RYY,NHS ENGLAND SOUTH EAST ,KENT COMMUNITY HEALTH NHS FOUNDATION TRUST,0,0,9813,0,0,0,0,0,28,0,0,0,0,0,0,0,0,0,9813,28,99.71,0
2025-06-01,NNJ,NHS ENGLAND MIDLANDS ,DHU HEALTH CARE C.I.C,0,0,1914,0,0,0,0,0,1,0,0,0,0,0,0,0,0,0,1914,1,99.95,0
2025-06-01,NTP11,NHS ENGLAND SOUTH EAST ,PRACTICE PLUS GROUP HOSPITAL - SOUTHAMPTON,0,0,5502,0,0,0,0,0,261,0,0,0,0,0,0,0,0,0,5502,261,95.26,0
2025-06-01,R1D,NHS ENGLAND MIDLANDS ,SHROPSHIRE COMMUNITY HEALTH NHS TRUST,0,0,3487,0,0,2,0,0,51,0,0,0,0,0,0,0,0,0,3487,51,98.54,0
2025-06-01,RBN,NHS ENGLAND NORTH WEST ,MERSEY AND WEST LANCASHIRE TEACHING HOSPITALS NHS TRUST,17147,0,7253,423,0,0,6357,0,98,36,0,0,597,264,7553,0,0,748,24400,6455,73.55,1
2025-06-01,RBS,NHS ENGLAND NORTH WEST ,ALDER HEY CHILDREN'S NHS FOUNDATION TRUST,5785,0,0,0,0,0,867,0,0,0,0,0,0,0,812,0,0,292,5785,867,85.01,1
2025-06-01,RCB,NHS ENGLAND NORTH EAST AND YORKSHIRE ,YORK AND SCARBOROUGH TEACHING HOSPITALS NHS FOUNDATION TRUST,10773,325,7682,0,0,0,5365,0,383,0,0,0,750,377,4825,0,0,1665,18780,5748,69.39,1
2025-06-01,RF4,NHS ENGLAND LONDON,"BARKING, HAVERING AND REDBRIDGE UNIVERSITY HOSPITALS NHS TRUST",13369,2355,14694,0,0,0,5954,246,240,0,0,0,712,586,7737,0,0,367,30418,6440,78.83,1
2025-06-01,RJ2,NHS ENGLAND LONDON,LEWISHAM AND GREENWICH NHS TRUST,15546,0,9786,0,0,0,7695,0,276,0,0,0,1251,712,3967,0,0,524,25332,7971,68.53,1
2025-06-01,RJR,NHS ENGLAND NORTH WEST ,COUNTESS OF CHESTER HOSPITAL NHS FOUNDATION TRUST,5245,0,2400,0,0,0,2572,0,206,0,0,0,381,577,1704,0,0,1178,7645,2778,63.66,1
2025-06-01,RK5,NHS ENGLAND MIDLANDS ,SHERWOOD FOREST HOSPITALS NHS FOUNDATION TRUST,11174,0,5696,285,0,153,3627,0,266,123,0,3,574,43,3631,0,0,252,16870,3893,76.92,1
2025-06-01,RKE,NHS ENGLAND LONDON,WHITTINGTON HEALTH NHS TRUST,9127,0,0,0,0,0,2445,0,0,0,0,0,234,140,1304,0,0,27,9127,2445,73.21,1
2025-06-01,RL4,NHS ENGLAND MIDLANDS ,THE ROYAL WOLVERHAMPTON NHS TRUST,13220,0,7273,94,0,670,3509,0,140,11,0,1,1040,212,5965,0,0,820,20493,3649,82.19,1
2025-06-01,RN3,NHS ENGLAND SOUTH WEST ,GREAT WESTERN HOSPITALS NHS FOUNDATION TRUST,5709,0,5661,0,0,0,2897,0,617,0,0,0,702,164,2535,0,0,1238,11370,3514,69.09,1
2025-06-01,RN5,NHS ENGLAND SOUTH EAST ,HAMPSHIRE HOSPITALS NHS FOUNDATION TRUST,10496,45,3490,0,0,125,4268,0,106,0,0,0,83,23,3879,8,65,1416,14031,4374,68.83,1
2025-06-01,RNZ,NHS ENGLAND SOUTH WEST ,SALISBURY NHS FOUNDATION TRUST,4881,295,1925,216,0,0,2178,0,0,104,0,0,351,31,1205,0,0,1005,7101,2178,69.33,1
2025-06-01,RPC,NHS ENGLAND SOUTH EAST ,QUEEN VICTORIA HOSPITAL NHS FOUNDATION TRUST,0,0,1488,0,0,0,0,0,53,0,0,0,0,0,0,0,5,562,1488,53,96.44,0
2025-06-01,RQ3,NHS ENGLAND MIDLANDS ,BIRMINGHAM WOMEN'S AND CHILDREN'S NHS FOUNDATION TRUST,4831,0,0,0,0,0,791,0,0,0,0,0,9,2,507,0,0,219,4831,791,83.63,1
2025-06-01,RTE,NHS ENGLAND SOUTH WEST ,GLOUCESTERSHIRE HOSPITALS NHS FOUNDATION TRUST,13546,0,0,245,0,0,5020,0,0,66,0,0,430,223,2873,0,0,2539,13546,5020,62.94,1
2025-06-01,RTX,NHS ENGLAND NORTH WEST ,UNIVERSITY HOSPITALS OF MORECAMBE BAY NHS FOUNDATION TRUST,9300,0,2951,169,0,1191,3208,0,94,22,0,26,622,264,3162,0,19,941,12251,3302,73.05,1
2025-06-01,RVV,NHS ENGLAND SOUTH EAST ,EAST KENT HOSPITALS UNIVERSITY NHS FOUNDATION TRUST,12129,0,13137,0,0,0,5583,0,374,0,0,0,535,1150,2935,0,588,464,25266,5957,76.42,1
2025-06-01,RWE,NHS ENGLAND MIDLANDS ,UNIVERSITY HOSPITALS OF LEICESTER NHS TRUST,21814,2124,0,0,0,0,9128,250,0,0,0,0,1207,569,6443,5,0,3325,23938,9378,60.82,1
2025-06-01,RWH,NHS ENGLAND EAST OF ENGLAND ,EAST AND NORTH HERTFORDSHIRE NHS TRUST,8595,0,8439,0,0,0,3738,0,109,0,0,0,81,23,2818,0,4,243,17034,3847,77.42,1
2025-06-01,RXC,NHS ENGLAND SOUTH EAST ,EAST SUSSEX HEALTHCARE NHS TRUST,8606,0,2753,1978,0,1499,3532,0,54,0,0,0,208,31,3052,0,0,507,11359,3586,68.43,1
2025-06-01,RXP,NHS ENGLAND NORTH EAST AND YORKSHIRE ,COUNTY DURHAM AND DARLINGTON NHS FOUNDATION TRUST,13150,0,4516,0,0,7246,4718,0,0,0,0,0,1589,0,4339,0,0,810,17666,4718,73.29,1
2025-06-01,RXW,NHS ENGLAND MIDLANDS ,THE SHREWSBURY AND TELFORD HOSPITAL NHS TRUST,10883,0,2669,0,0,0,5918,0,448,0,0,0,450,1334,3125,0,141,1963,13552,6366,53.03,1
2025-06-01,RY4,NHS ENGLAND EAST OF ENGLAND ,HERTFORDSHIRE COMMUNITY NHS TRUST,0,0,1289,0,0,0,0,0,59,0,0,0,0,0,0,0,0,0,1289,59,95.42,0
2025-06-01,RY5,NHS ENGLAND MIDLANDS ,LINCOLNSHIRE COMMUNITY HEALTH SERVICES NHS TRUST,0,0,8665,0,0,0,0,0,174,0,0,0,0,0,0,0,0,0,8665,174,97.99,0
2025-06-01,RYX,NHS ENGLAND LONDON,CENTRAL LONDON COMMUNITY HEALTHCARE NHS TRUST,0,0,12854,0,0,549,0,0,299,0,0,13,0,0,0,0,0,0,12854,299,97.67,0
2025-06-01,AD913,NHS ENGLAND LONDON,BECKENHAM BEACON UCC,0,0,3629,0,0,239,0,0,40,0,0,0,0,0,0,0,0,0,3629,40,98.9,0
2025-06-01,NNJ07,NHS ENGLAND MIDLANDS ,LOUGHBOROUGH URGENT CARE CENTRE,0,0,5332,0,0,2551,0,0,23,0,0,4,0,0,0,0,0,0,5332,23,99.57,0
2025-06-01,NNJ0H,NHS ENGLAND MIDLANDS ,LLR EA - THE MERLYN VAZ HEALTH & SOCIAL CARE CENTRE,0,0,184,0,0,2165,0,0,0,0,0,0,0,0,0,0,0,0,184,0,100.0,0
2025-06-01,NNJ12,NHS ENGLAND MIDLANDS ,MARKET HARBOROUGH,0,0,98,0,0,419,0,0,0,0,0,0,0,0,0,0,0,0,98,0,100.0,0
2025-06-01,NNJ13,NHS ENGLAND MIDLANDS ,MELTON MOWBRAY,0,0,46,0,0,331,0,0,0,0,0,0,0,0,0,0,0,0,46,0,100.0,0
2025-06-01,NNJ15,NHS ENGLAND MIDLANDS ,OAKHAM,0,0,55,0,0,360,0,0,0,0,0,0,0,0,0,0,0,0,55,0,100.0,0
2025-06-01,R0D,NHS ENGLAND SOUTH WEST ,UNIVERSITY HOSPITALS DORSET NHS FOUNDATION TRUST,14718,0,5172,0,0,0,5721,0,0,0,0,0,603,80,4087,3,0,2474,19890,5721,71.24,1
2025-06-01,RAL,NHS ENGLAND LONDON,ROYAL FREE LONDON NHS FOUNDATION TRUST,25688,575,16341,153,1,174,8647,10,748,58,0,17,1181,1691,6243,2,106,730,42604,9405,77.92,1
2025-06-01,RBK,NHS ENGLAND MIDLANDS ,WALSALL HEALTHCARE NHS TRUST,9482,0,4317,20,0,147,2895,0,73,7,0,0,922,55,3809,0,0,742,13799,2968,78.49,1
2025-06-01,RCU,NHS ENGLAND NORTH EAST AND YORKSHIRE ,SHEFFIELD CHILDREN'S NHS FOUNDATION TRUST,4715,0,309,265,0,22,312,0,0,21,0,0,11,0,953,0,0,66,5024,312,93.79,1
2025-06-01,RD1,NHS ENGLAND SOUTH WEST ,ROYAL UNITED HOSPITALS BATH NHS FOUNDATION TRUST,8676,0,0,0,0,0,3681,0,0,0,0,0,697,25,2525,0,9,1958,8676,3681,57.57,1
2025-06-01,RDE,NHS ENGLAND EAST OF ENGLAND ,EAST SUFFOLK AND NORTH ESSEX NHS FOUNDATION TRUST,11506,0,14392,1129,0,593,5944,0,549,0,0,0,1012,452,6014,0,396,1041,25898,6493,74.93,1
2025-06-01,RDR,NHS ENGLAND SOUTH EAST ,SUSSEX COMMUNITY NHS FOUNDATION TRUST,0,0,12342,0,0,0,0,0,137,0,0,0,0,0,0,0,0,0,12342,137,98.89,0
2025-06-01,REP,NHS ENGLAND NORTH WEST ,LIVERPOOL WOMEN'S NHS FOUNDATION TRUST,0,1467,0,0,0,0,0,109,0,0,0,0,0,0,0,116,0,10,1467,109,92.57,1
2025-06-01,RGN,NHS ENGLAND EAST OF ENGLAND ,NORTH WEST ANGLIA NHS FOUNDATION TRUST,14646,0,4740,249,0,419,5338,0,181,55,0,9,643,519,3491,0,31,1417,19386,5519,71.53,1
2025-06-01,RGR,NHS ENGLAND EAST OF ENGLAND ,WEST SUFFOLK NHS FOUNDATION TRUST,8040,0,685,147,0,0,2548,0,0,0,0,0,505,240,2005,0,0,280,8725,2548,70.8,1
2025-06-01,RH5,NHS ENGLAND SOUTH WEST ,SOMERSET NHS FOUNDATION TRUST,12738,0,9378,0,0,2,5173,0,210,0,0,0,283,66,3193,0,0,1676,22116,5383,75.66,1
2025-06-01,RH8,NHS ENGLAND SOUTH WEST ,ROYAL DEVON UNIVERSITY HEALTHCARE NHS FOUNDATION TRUST,12847,0,4358,1193,0,107,4809,0,23,463,0,0,639,90,3769,0,0,1740,17205,4832,71.92,1
2025-06-01,RHQ,NHS ENGLAND NORTH EAST AND YORKSHIRE ,SHEFFIELD TEACHING HOSPITALS NHS FOUNDATION TRUST,8756,1214,7199,372,3,1351,3872,3,196,139,0,9,524,4,3426,0,0,3071,17169,4071,76.29,1
2025-06-01,RJ7,NHS ENGLAND LONDON,ST GEORGE'S UNIVERSITY HOSPITALS NHS FOUNDATION TRUST,8539,0,4126,555,0,0,2394,0,150,82,0,0,519,694,2744,0,0,811,12665,2544,79.91,1
2025-06-01,RJE,NHS ENGLAND MIDLANDS ,UNIVERSITY HOSPITALS OF NORTH MIDLANDS NHS TRUST,14177,513,8630,608,0,531,7382,0,105,298,0,4,1032,942,4921,0,0,1901,23320,7487,67.89,1
2025-06-01,RKB,NHS ENGLAND MIDLANDS ,UNIVERSITY HOSPITALS COVENTRY AND WARWICKSHIRE NHS TRUST,12391,1313,5969,0,0,0,5555,117,190,0,0,0,70,14,1479,42,31,329,19673,5862,70.2,1
2025-06-01,RLT,NHS ENGLAND MIDLANDS ,GEORGE ELIOT HOSPITAL NHS TRUST,6939,0,1693,0,0,0,2566,0,64,0,0,0,261,484,1028,0,0,0,8632,2630,69.53,1
2025-06-01,RM1,NHS ENGLAND EAST OF ENGLAND ,NORFOLK AND NORWICH UNIVERSITY HOSPITALS NHS FOUNDATION TRUST,13020,0,7591,0,0,0,4102,0,13,0,0,0,937,248,2403,0,0,1566,20611,4115,80.03,1
2025-06-01,RN7,NHS ENGLAND SOUTH EAST ,DARTFORD AND GRAVESHAM NHS TRUST,11007,0,4082,0,0,0,3835,0,5,0,0,0,536,297,2977,0,0,401,15089,3840,74.55,1
2025-06-01,RNU,NHS ENGLAND SOUTH EAST ,OXFORD HEALTH NHS FOUNDATION TRUST,0,0,4643,0,0,0,0,0,219,0,0,0,0,0,0,0,0,0,4643,219,95.28,0
2025-06-01,RP6,NHS ENGLAND LONDON,MOORFIELDS EYE HOSPITAL NHS FOUNDATION TRUST,0,6116,0,0,0,0,0,243,0,0,0,0,0,0,0,1,0,245,6116,243,96.03,0
2025-06-01,RQM,NHS ENGLAND LONDON,CHELSEA AND WESTMINSTER HOSPITAL NHS FOUNDATION TRUST,19980,0,6091,617,0,0,5149,0,78,0,0,0,508,56,2717,0,0,321,26071,5227,79.95,1
2025-06-01,RQW,NHS ENGLAND EAST OF ENGLAND ,THE PRINCESS ALEXANDRA HOSPITAL NHS TRUST,8513,0,1907,0,0,553,3484,0,0,0,0,0,344,99,1903,0,0,278,10420,3484,66.56,1
2025-06-01,RR8,NHS ENGLAND NORTH EAST AND YORKSHIRE ,LEEDS TEACHING HOSPITALS NHS TRUST,17563,736,11747,79,0,325,6835,0,196,35,0,0,1759,208,3616,0,0,1184,30046,7031,76.6,1
2025-06-01,RRF,NHS ENGLAND NORTH WEST ,"WRIGHTINGTON, WIGAN AND LEIGH NHS FOUNDATION TRUST",7384,0,5202,0,0,0,3512,0,58,0,0,0,626,356,2087,0,0,665,12586,3570,71.64,1
2025-06-01,RRK,NHS ENGLAND MIDLANDS ,UNIVERSITY HOSPITALS BIRMINGHAM NHS FOUNDATION TRUST,35162,381,1864,0,0,294,14726,0,101,0,0,12,2472,1892,9933,0,0,7067,37407,14827,60.36,1
2025-06-01,RTF,NHS ENGLAND NORTH EAST AND YORKSHIRE ,NORTHUMBRIA HEALTHCARE NHS FOUNDATION TRUST,9915,0,13581,0,0,0,1993,0,7,0,0,0,3,0,4250,0,11,456,23496,2000,91.49,1
2025-06-01,RVJ,NHS ENGLAND SOUTH WEST ,NORTH BRISTOL NHS TRUST,9261,0,0,1,0,0,3498,0,0,0,0,0,576,263,2520,0,0,2113,9261,3498,62.23,1
2025-06-01,RW4,NHS ENGLAND NORTH WEST ,MERSEY CARE NHS FOUNDATION TRUST,0,0,13175,0,0,0,0,0,244,0,0,0,0,0,0,0,0,41,13175,244,98.15,0
2025-06-01,NR3,NHS ENGLAND MIDLANDS ,NOTTINGHAM CITYCARE PARTNERSHIP,0,0,4946,0,0,258,0,0,377,0,0,0,0,0,0,0,0,0,4946,377,92.38,1
2025-06-01,R1F,NHS ENGLAND SOUTH EAST ,ISLE OF WIGHT NHS TRUST,4192,291,1567,23,0,19,1754,0,115,11,0,0,264,181,1389,0,0,66,6050,1869,69.11,1
2025-06-01,RAE,NHS ENGLAND NORTH EAST AND YORKSHIRE ,BRADFORD TEACHING HOSPITALS NHS FOUNDATION TRUST,9369,1106,3297,0,0,0,2373,0,1,0,0,0,653,63,2606,0,11,1360,13772,2374,82.76,1
2025-06-01,RC9,NHS ENGLAND EAST OF ENGLAND ,BEDFORDSHIRE HOSPITALS NHS FOUNDATION TRUST,16839,0,7673,0,0,761,6761,0,0,0,0,0,81,0,4698,0,0,2321,24512,6761,72.42,1
2025-06-01,RGT,NHS ENGLAND EAST OF ENGLAND ,CAMBRIDGE UNIVERSITY HOSPITALS NHS FOUNDATION TRUST,10891,0,6055,296,0,300,4397,0,139,61,0,2,519,236,2906,0,33,491,16946,4536,73.23,1
2025-06-01,RHM,NHS ENGLAND SOUTH EAST ,UNIVERSITY HOSPITAL SOUTHAMPTON NHS FOUNDATION TRUST,11765,1335,0,2,0,0,5029,106,0,1,0,0,363,9,3618,15,0,1551,13100,5135,60.8,1
2025-06-01,RJ6,NHS ENGLAND LONDON,CROYDON HEALTH SERVICES NHS TRUST,12910,0,5052,0,0,0,4521,0,0,0,0,0,252,0,1143,0,0,107,17962,4521,74.83,1
2025-06-01,RJN,NHS ENGLAND NORTH WEST ,EAST CHESHIRE NHS TRUST,4831,0,0,2,0,0,2575,0,0,0,0,0,172,259,983,0,0,185,4831,2575,46.7,1
2025-06-01,RTH,NHS ENGLAND SOUTH EAST ,OXFORD UNIVERSITY HOSPITALS NHS FOUNDATION TRUST,12268,1813,3750,1643,0,217,3498,0,111,294,0,37,511,0,5313,92,21,4257,17831,3609,79.76,1
2025-06-01,RWD,NHS ENGLAND MIDLANDS ,UNITED LINCOLNSHIRE TEACHING HOSPITALS NHS TRUST,16654,0,3648,0,0,0,6851,0,343,0,0,0,910,1077,4596,0,0,1133,20302,7194,64.57,1
2025-06-01,RWG,NHS ENGLAND EAST OF ENGLAND ,WEST HERTFORDSHIRE TEACHING HOSPITALS NHS TRUST,8116,0,7881,0,0,778,2374,0,39,0,0,0,654,21,4276,0,0,587,15997,2413,84.92,1
2025-06-01,RWJ,NHS ENGLAND NORTH WEST ,STOCKPORT NHS FOUNDATION TRUST,7886,0,1086,313,0,1174,2551,0,68,96,0,0,558,95,2861,0,59,788,8972,2619,70.81,1
2025-06-01,RWX,NHS ENGLAND SOUTH EAST ,BERKSHIRE HEALTHCARE NHS FOUNDATION TRUST,0,0,1624,0,0,0,0,0,20,0,0,0,0,0,0,0,34,0,1624,20,98.77,0
2025-06-01,RXN,NHS ENGLAND NORTH WEST ,LANCASHIRE TEACHING HOSPITALS NHS FOUNDATION TRUST,11836,0,3418,203,0,110,4494,0,142,44,0,2,995,476,2852,0,115,1525,15254,4636,69.61,1
2025-06-01,RY2,NHS ENGLAND NORTH WEST ,BRIDGEWATER COMMUNITY HEALTHCARE NHS FOUNDATION TRUST,0,0,2903,0,0,175,0,0,39,0,0,0,0,0,0,0,0,0,2903,39,98.66,0
2025-06-01,RYJ,NHS ENGLAND LONDON,IMPERIAL COLLEGE HEALTHCARE NHS TRUST,12099,4052,7565,0,0,487,5345,102,353,0,0,0,676,0,3740,2,0,1094,23716,5800,75.54,1
2025-06-01,RHW,NHS ENGLAND SOUTH EAST ,ROYAL BERKSHIRE NHS FOUNDATION TRUST,11860,2537,1911,997,227,0,3985,15,0,352,1,0,439,5,2242,0,0,431,16308,4000,75.47,1
2025-06-01,R1K,NHS ENGLAND LONDON,LONDON NORTH WEST UNIVERSITY HEALTHCARE NHS TRUST,13432,0,15614,0,0,0,6122,0,213,0,0,0,451,196,6484,0,0,318,29046,6335,78.19,1
2025-06-01,RDU,NHS ENGLAND SOUTH EAST ,FRIMLEY HEALTH NHS FOUNDATION TRUST,22355,804,12806,0,0,0,9517,0,393,0,0,0,1435,414,6109,0,0,134,35965,9910,72.45,1
2025-06-01,RJ1,NHS ENGLAND LONDON,GUY'S AND ST THOMAS' NHS FOUNDATION TRUST,10089,818,7093,0,0,0,3363,30,203,0,0,0,108,68,1956,0,0,232,18000,3596,80.02,1
2025-06-01,RM3,NHS ENGLAND NORTH WEST ,NORTHERN CARE ALLIANCE NHS FOUNDATION TRUST,25985,0,8713,0,0,0,10696,0,380,0,0,0,1054,1179,6916,0,390,2091,34698,11076,68.08,1
2025-06-01,RVR,NHS ENGLAND LONDON,EPSOM AND ST HELIER UNIVERSITY HOSPITALS NHS TRUST,10881,0,1978,112,0,18,4160,0,298,28,0,9,472,994,2266,0,0,115,12859,4458,65.33,1
2025-06-01,RBL,NHS ENGLAND NORTH WEST ,WIRRAL UNIVERSITY TEACHING HOSPITAL NHS FOUNDATION TRUST,7932,0,2929,0,0,149,4151,0,84,0,0,2,508,816,1964,0,0,1763,10861,4235,61.01,1
2025-06-01,RNS,NHS ENGLAND MIDLANDS ,NORTHAMPTON GENERAL HOSPITAL NHS TRUST,11008,587,1990,0,0,0,4131,25,205,0,0,0,709,697,2211,0,0,762,13585,4361,67.9,1
2025-06-01,R1H,NHS ENGLAND LONDON,BARTS HEALTH NHS TRUST,25464,1009,18454,0,0,0,11582,44,2205,0,0,0,1234,960,4113,1,35,1124,44927,13831,69.21,1
2025-06-01,RHU,NHS ENGLAND SOUTH EAST ,PORTSMOUTH HOSPITALS UNIVERSITY NHS TRUST,10271,953,3213,1903,0,819,3677,9,77,536,0,19,847,838,2911,0,0,2657,14437,3763,73.94,1
2025-06-01,RWW,NHS ENGLAND NORTH WEST ,WARRINGTON AND HALTON TEACHING HOSPITALS NHS FOUNDATION TRUST,6822,0,3174,259,0,72,3501,0,41,95,0,0,654,854,1645,0,0,131,9996,3542,64.57,1
2025-06-01,RPA,NHS ENGLAND SOUTH EAST ,MEDWAY NHS FOUNDATION TRUST,10049,0,6470,360,0,1116,3353,0,596,76,0,0,396,454,1806,0,0,475,16519,3949,76.09,1
2025-06-01,NNJ14,NHS ENGLAND MIDLANDS ,OADBY,0,0,518,0,0,2240,0,0,0,0,0,0,0,0,0,0,0,0,518,0,100.0,0
2025-06-01,RA7,NHS ENGLAND SOUTH WEST ,UNIVERSITY HOSPITALS BRISTOL AND WESTON NHS FOUNDATION TRUST,15491,2556,0,0,0,0,5239,161,0,0,0,0,917,137,5237,9,0,1466,18047,5400,70.08,1
2025-06-01,RFS,NHS ENGLAND MIDLANDS ,CHESTERFIELD ROYAL HOSPITAL NHS FOUNDATION TRUST,6588,0,6045,784,0,182,3702,0,435,447,0,59,564,78,2176,0,145,212,12633,4137,67.25,1
2025-06-01,RTD,NHS ENGLAND NORTH EAST AND YORKSHIRE ,THE NEWCASTLE UPON TYNE HOSPITALS NHS FOUNDATION TRUST,12288,1745,6292,0,0,1103,4473,89,1,0,0,0,595,48,3521,21,0,2799,20325,4563,77.55,1
2026-03-01,AQN04,NHS ENGLAND SOUTH EAST ,PHL LYMINGTON UTC,0,0,3090,0,0,32,0,0,30,0,0,0,0,0,0,0,0,0,3090,30,99.03,0
2026-03-01,C82009,NHS ENGLAND MIDLANDS ,MARKET HARBOROUGH MED.CTR,0,0,243,0,0,0,0,0,0,0,0,0,0,0,0,0,0,0,243,0,100.0,0
2026-03-01,DJV01,NHS ENGLAND SOUTH EAST ,HERNE BAY HEALTH CARE LTD,0,0,2623,0,0,0,0,0,0,0,0,0,0,0,0,0,0,0,2623,0,100.0,0
2026-03-01,NDJ,NHS ENGLAND SOUTH EAST ,FIRST COMMUNITY HEALTH AND CARE CIC,0,0,2366,0,0,0,0,0,25,0,0,0,0,0,0,0,0,0,2366,25,98.94,0
2026-03-01,NQT5F,NHS ENGLAND NORTH WEST ,SKELMERSDALE WALK IN CENTRE,0,0,1696,0,0,0,0,0,16,0,0,0,0,0,0,0,0,0,1696,16,99.06,0
2026-03-01,NQT5H,NHS ENGLAND SOUTH WEST ,PAULTON MEMORIAL HOSPITAL,0,0,1400,0,0,0,0,0,9,0,0,0,0,0,0,0,0,0,1400,9,99.36,0
2026-03-01,NQTE4,NHS ENGLAND MIDLANDS ,SUMMERFIELD URGENT CARE CENTRE,0,0,3046,0,0,0,0,0,0,0,0,0,0,0,0,0,0,0,3046,0,100.0,0
2026-03-01,NTV0B,NHS ENGLAND SOUTH EAST ,ASHFORD WALK-IN-CENTRE,0,0,2545,0,0,0,0,0,46,0,0,0,0,0,0,0,0,0,2545,46,98.19,0
2026-03-01,NTV0W,NHS ENGLAND SOUTH EAST ,WOKING WALK IN CENTRE,0,0,2883,0,0,0,0,0,28,0,0,0,0,0,0,0,0,0,2883,28,99.03,0
2026-03-01,RW1,NHS ENGLAND SOUTH EAST ,HAMPSHIRE AND ISLE OF WIGHT HEALTHCARE NHS FOUNDATION TRUST,0,0,3154,0,0,0,0,0,22,0,0,0,0,0,0,0,1,141,3154,22,99.3,0
2026-03-01,RWF,NHS ENGLAND SOUTH EAST ,MAIDSTONE AND TUNBRIDGE WELLS NHS TRUST,19931,0,2009,1007,0,144,4411,0,8,139,0,0,906,131,2314,0,0,795,21940,4419,79.86,1
2026-03-01,RWY,NHS ENGLAND NORTH EAST AND YORKSHIRE ,CALDERDALE AND HUDDERSFIELD NHS FOUNDATION TRUST,16023,0,0,0,0,0,1957,0,0,0,0,0,808,34,3004,0,0,227,16023,1957,87.79,1
2026-03-01,RY7,NHS ENGLAND NORTH WEST ,WIRRAL COMMUNITY HEALTH AND CARE NHS FOUNDATION TRUST,0,0,3798,0,0,0,0,0,154,0,0,0,0,0,0,0,0,0,3798,154,95.95,0
2026-03-01,Y02532,NHS ENGLAND NORTH WEST ,MIRIAM MINOR EMERGENCY,0,0,1652,0,0,0,0,0,0,0,0,0,0,0,0,0,0,0,1652,0,100.0,0
2026-03-01,Y03218,NHS ENGLAND LONDON,THE PINN UNREGISTERED WIC,0,0,1094,0,0,0,0,0,0,0,0,0,0,0,0,0,0,0,1094,0,100.0,0
2026-03-01,AAH,NHS ENGLAND SOUTH WEST ,TETBURY HOSPITAL TRUST LTD,0,0,667,0,0,0,0,0,1,0,0,0,0,0,0,0,0,0,667,1,99.85,0
2026-03-01,C82038,NHS ENGLAND MIDLANDS ,LATHAM HOUSE MEDICAL PRACTICE,0,0,379,0,0,0,0,0,0,0,0,0,0,0,0,0,0,0,379,0,100.0,0
2026-03-01,NL7,NHS ENGLAND MIDLANDS ,ASSURA VERTIS URGENT CARE CENTRES (BIRMINGHAM),0,0,3415,0,0,0,0,0,0,0,0,0,0,0,0,0,0,0,3415,0,100.0,0
2026-03-01,NTP11,NHS ENGLAND SOUTH EAST ,PRACTICE PLUS GROUP HOSPITAL - SOUTHAMPTON,0,0,5451,0,0,0,0,0,77,0,0,0,0,0,0,0,0,0,5451,77,98.59,0
2026-03-01,RFF,NHS ENGLAND NORTH EAST AND YORKSHIRE ,BARNSLEY HOSPITAL NHS FOUNDATION TRUST,9452,0,0,9,0,0,1843,0,0,0,0,0,283,0,3372,0,0,552,9452,1843,80.5,1
2026-03-01,RNU,NHS ENGLAND SOUTH EAST ,OXFORD HEALTH NHS FOUNDATION TRUST,0,0,4189,0,0,0,0,0,184,0,0,0,0,0,0,0,0,0,4189,184,95.61,0
2026-03-01,RYF,NHS ENGLAND SOUTH WEST ,SOUTH WESTERN AMBULANCE SERVICE NHS FOUNDATION TRUST,0,0,2158,0,0,33,0,0,38,0,0,1,0,0,0,0,0,0,2158,38,98.24,0
2026-03-01,RYY,NHS ENGLAND SOUTH EAST ,KENT COMMUNITY HEALTH NHS FOUNDATION TRUST,0,0,7132,0,0,0,0,0,62,0,0,0,0,0,0,0,0,0,7132,62,99.13,0
2026-03-01,Y02676,NHS ENGLAND SOUTH EAST ,BRIGHTON STATION HEALTH CENTRE,0,0,1827,0,0,0,0,0,0,0,0,0,0,0,0,0,0,0,1827,0,100.0,0
2026-03-01,L83087,NHS ENGLAND SOUTH WEST ,OKEHAMPTON MEDICAL CENTRE,0,0,86,0,0,0,0,0,0,0,0,0,0,0,0,0,0,0,86,0,100.0,0
2026-03-01,NNF09,NHS ENGLAND NORTH EAST AND YORKSHIRE ,BRANSHOLME HEALTH CENTRE,0,0,3817,0,0,0,0,0,299,0,0,0,0,0,0,0,0,0,3817,299,92.17,1
2026-03-01,NNF16,NHS ENGLAND NORTH EAST AND YORKSHIRE ,BRIDLINGTON HOSPITAL,0,0,1610,0,0,0,0,0,26,0,0,0,0,0,0,0,0,0,1610,26,98.39,0
2026-03-01,NNF94,NHS ENGLAND NORTH EAST AND YORKSHIRE ,EAST RIDING COMMUNITY HOSPITAL,0,0,2708,0,0,0,0,0,127,0,0,0,0,0,0,0,0,0,2708,127,95.31,0
2026-03-01,NNFA7,NHS ENGLAND NORTH EAST AND YORKSHIRE ,GOOLE & DISTRICT HOSPITAL,0,0,1665,0,0,0,0,0,34,0,0,0,0,0,0,0,0,0,1665,34,97.96,0
2026-03-01,RGP,NHS ENGLAND EAST OF ENGLAND ,JAMES PAGET UNIVERSITY HOSPITALS NHS FOUNDATION TRUST,7717,0,1655,0,0,0,2678,0,0,0,0,0,479,427,1586,0,0,530,9372,2678,71.43,1
2026-03-01,RQX,NHS ENGLAND LONDON,HOMERTON HEALTHCARE NHS FOUNDATION TRUST,11459,0,0,0,0,0,1708,0,0,0,0,0,200,22,1966,0,0,390,11459,1708,85.09,1
2026-03-01,RYJ,NHS ENGLAND LONDON,IMPERIAL COLLEGE HEALTHCARE NHS TRUST,12422,3904,6883,0,0,586,4438,39,258,0,0,0,580,0,3732,0,0,1236,23209,4735,79.6,1
2026-03-01,NVE43,NHS ENGLAND SOUTH EAST ,HASTINGS GP LED HEALTH CENTRE,0,0,1070,0,0,0,0,0,0,0,0,0,0,0,0,0,0,0,1070,0,100.0,0
2026-03-01,RCD,NHS ENGLAND NORTH EAST AND YORKSHIRE ,HARROGATE AND DISTRICT NHS FOUNDATION TRUST,5284,0,1591,224,0,28,1454,0,6,51,0,0,288,10,1147,0,0,310,6875,1460,78.76,1
2026-03-01,RCU,NHS ENGLAND NORTH EAST AND YORKSHIRE ,SHEFFIELD CHILDREN'S NHS FOUNDATION TRUST,4720,0,535,219,0,20,102,0,1,4,0,0,8,0,1204,0,0,93,5255,103,98.04,0
2026-03-01,RJ1,NHS ENGLAND LONDON,GUY'S AND ST THOMAS' NHS FOUNDATION TRUST,10703,0,7039,0,0,0,4286,0,258,0,0,0,137,69,2105,0,0,267,17742,4544,74.39,1
2026-03-01,NTPAD,NHS ENGLAND SOUTH EAST ,PRACTICE PLUS GROUP SURGICAL CENTRE - ST MARYS PORTSMOUTH,0,0,5461,0,0,274,0,0,121,0,0,3,0,0,0,0,0,0,5461,121,97.78,0
2026-03-01,RAE,NHS ENGLAND NORTH EAST AND YORKSHIRE ,BRADFORD TEACHING HOSPITALS NHS FOUNDATION TRUST,9453,1075,3238,0,0,0,2348,0,1,0,0,0,643,85,2609,0,18,1380,13766,2349,82.94,1
2026-03-01,RAS,NHS ENGLAND LONDON,THE HILLINGDON HOSPITALS NHS FOUNDATION TRUST,5375,0,6912,0,0,0,2277,0,82,0,0,0,393,14,1810,0,0,72,12287,2359,80.8,1
2026-03-01,RPC,NHS ENGLAND SOUTH EAST ,QUEEN VICTORIA HOSPITAL NHS FOUNDATION TRUST,0,0,1372,0,0,0,0,0,18,0,0,0,0,0,0,0,2,529,1372,18,98.69,0
2026-03-01,RW4,NHS ENGLAND NORTH WEST ,MERSEY CARE NHS FOUNDATION TRUST,0,0,14145,0,0,0,0,0,495,0,0,0,0,0,0,0,0,35,14145,495,96.5,0
2026-03-01,RY8,NHS ENGLAND MIDLANDS ,DERBYSHIRE COMMUNITY HEALTH SERVICES NHS FOUNDATION TRUST,0,0,7724,0,0,1320,0,0,491,0,0,29,0,0,0,0,0,0,7724,491,93.64,1
2026-03-01,ACH01,NHS ENGLAND SOUTH EAST ,WHITSTABLE MEDICAL PRACTICE,0,0,5137,0,0,0,0,0,0,0,0,0,0,0,0,0,0,0,5137,0,100.0,0
2026-03-01,AJN,NHS ENGLAND NORTH EAST AND YORKSHIRE ,WORKINGTON HEALTH LIMITED,0,0,435,0,0,0,0,0,0,0,0,0,0,0,0,0,0,0,435,0,100.0,0
2026-03-01,NV693,NHS ENGLAND NORTH WEST ,ROSSENDALE MIU & OOH,0,0,951,0,0,0,0,0,0,0,0,0,0,0,0,0,0,0,951,0,100.0,0
2026-03-01,RBD,NHS ENGLAND SOUTH WEST ,DORSET COUNTY HOSPITAL NHS FOUNDATION TRUST,4613,0,0,444,0,4032,1791,0,0,110,0,5,209,92,1972,0,0,538,4613,1791,61.17,1
2026-03-01,RJE,NHS ENGLAND MIDLANDS ,UNIVERSITY HOSPITALS OF NORTH MIDLANDS NHS TRUST,15324,509,8614,625,0,596,8188,0,118,294,0,12,1208,820,4933,0,0,1081,24447,8306,66.02,1
2026-03-01,RNN,NHS ENGLAND NORTH EAST AND YORKSHIRE ,NORTH CUMBRIA INTEGRATED CARE NHS FOUNDATION TRUST,9401,0,1760,10,0,1,4075,0,97,4,0,0,563,346,2080,0,0,490,11161,4172,62.62,1
2026-03-01,RQW,NHS ENGLAND EAST OF ENGLAND ,THE PRINCESS ALEXANDRA HOSPITAL NHS TRUST,8912,0,2230,0,0,525,2370,0,0,0,0,0,477,177,1839,0,1,390,11142,2370,78.73,1
2026-03-01,RTQ,NHS ENGLAND SOUTH WEST ,GLOUCESTERSHIRE HEALTH AND CARE NHS FOUNDATION TRUST,0,0,8390,0,0,0,0,0,223,0,0,0,0,0,0,0,1,33,8390,223,97.34,0
2026-03-01,RTX,NHS ENGLAND NORTH WEST ,UNIVERSITY HOSPITALS OF MORECAMBE BAY NHS FOUNDATION TRUST,8736,0,2678,113,0,2025,3810,0,120,19,0,74,590,654,2988,0,12,996,11414,3930,65.57,1
2026-03-01,RXR,NHS ENGLAND NORTH WEST ,EAST LANCASHIRE HOSPITALS NHS TRUST,13923,0,11422,0,0,0,4268,0,464,0,0,0,529,977,4296,0,73,1740,25345,4732,81.33,1
2026-03-01,RYR,NHS ENGLAND SOUTH EAST ,UNIVERSITY HOSPITALS SUSSEX NHS FOUNDATION TRUST,27989,1688,1826,1575,0,509,11131,35,211,511,0,26,834,1005,8706,31,147,1877,31503,11377,63.89,1
2026-03-01,Y02615,NHS ENGLAND MIDLANDS ,SOUTH BIRMINGHAM GP WALK IN CENTRE,0,0,3836,0,0,0,0,0,0,0,0,0,0,0,0,0,0,0,3836,0,100.0,0
2026-03-01,AD913,NHS ENGLAND LONDON,BECKENHAM BEACON UCC,0,0,3686,0,0,210,0,0,21,0,0,0,0,0,0,0,0,0,3686,21,99.43,0
2026-03-01,NNJ07,NHS ENGLAND MIDLANDS ,LOUGHBOROUGH URGENT CARE CENTRE,0,0,5538,0,0,2347,0,0,38,0,0,12,0,0,0,0,0,0,5538,38,99.31,0
2026-03-01,NNJ0H,NHS ENGLAND MIDLANDS ,LLR EA - THE MERLYN VAZ HEALTH & SOCIAL CARE CENTRE,0,0,171,0,0,2568,0,0,0,0,0,8,0,0,0,0,0,0,171,0,100.0,0
2026-03-01,NNJ10,NHS ENGLAND MIDLANDS ,ENDERBY LEISURE CENTRE,0,0,57,0,0,436,0,0,0,0,0,1,0,0,0,0,0,0,57,0,100.0,0
2026-03-01,NNJ11,NHS ENGLAND MIDLANDS ,LUTTERWORTH HOSPITAL,0,0,38,0,0,261,0,0,0,0,0,0,0,0,0,0,0,0,38,0,100.0,0
2026-03-01,NNJ12,NHS ENGLAND MIDLANDS ,MARKET HARBOROUGH,0,0,105,0,0,383,0,0,0,0,0,0,0,0,0,0,0,0,105,0,100.0,0
2026-03-01,NNJ13,NHS ENGLAND MIDLANDS ,MELTON MOWBRAY,0,0,52,0,0,348,0,0,0,0,0,0,0,0,0,0,0,0,52,0,100.0,0
2026-03-01,NNJ14,NHS ENGLAND MIDLANDS ,OADBY,0,0,540,0,0,2575,0,0,2,0,0,28,0,0,0,0,0,0,540,2,99.63,0
2026-03-01,NNJ15,NHS ENGLAND MIDLANDS ,OAKHAM,0,0,294,0,0,480,0,0,0,0,0,0,0,0,0,0,0,0,294,0,100.0,0
2026-03-01,NNJ,NHS ENGLAND MIDLANDS ,DHU HEALTH CARE C.I.C,0,0,1999,0,0,0,0,0,0,0,0,0,0,0,0,0,0,0,1999,0,100.0,0
2026-03-01,R0B,NHS ENGLAND NORTH EAST AND YORKSHIRE ,SOUTH TYNESIDE AND SUNDERLAND NHS FOUNDATION TRUST,11540,1400,5982,953,0,1510,4059,19,134,374,0,31,174,0,4956,25,0,1241,18922,4212,77.74,1
2026-03-01,R1D,NHS ENGLAND MIDLANDS ,SHROPSHIRE COMMUNITY HEALTH NHS TRUST,0,0,3203,0,0,0,0,0,12,0,0,0,0,0,0,0,0,0,3203,12,99.63,0
2026-03-01,RCX,NHS ENGLAND EAST OF ENGLAND ,"THE QUEEN ELIZABETH HOSPITAL, KING'S LYNN, NHS FOUNDATION TRUST",7041,0,2045,0,0,0,2973,0,0,0,0,0,166,108,1921,0,0,398,9086,2973,67.28,1
2026-03-01,REF,NHS ENGLAND SOUTH WEST ,ROYAL CORNWALL HOSPITALS NHS TRUST,6938,0,12626,0,0,0,3391,0,601,0,0,0,518,467,2341,0,42,1487,19564,3992,79.6,1
2026-03-01,RGN,NHS ENGLAND EAST OF ENGLAND ,NORTH WEST ANGLIA NHS FOUNDATION TRUST,15848,0,5117,278,0,382,5755,0,180,67,0,15,403,945,4176,0,43,1427,20965,5935,71.69,1
2026-03-01,RJN,NHS ENGLAND NORTH WEST ,EAST CHESHIRE NHS TRUST,4365,0,0,72,0,66,2215,0,0,0,0,0,246,388,822,0,0,194,4365,2215,49.26,1
2026-03-01,RJR,NHS ENGLAND NORTH WEST ,COUNTESS OF CHESTER HOSPITAL NHS FOUNDATION TRUST,5416,0,2673,0,0,0,2759,0,397,0,0,0,288,778,1846,0,0,1276,8089,3156,60.98,1
2026-03-01,RMC,NHS ENGLAND NORTH WEST ,BOLTON NHS FOUNDATION TRUST,8619,0,3561,48,0,12,3753,0,131,18,0,2,581,374,2741,0,180,906,12180,3884,68.11,1
2026-03-01,RTG,NHS ENGLAND MIDLANDS ,UNIVERSITY HOSPITALS OF DERBY AND BURTON NHS FOUNDATION TRUST,20981,0,9855,1252,0,39,9279,0,3,250,0,1,1225,455,4115,0,1,2034,30836,9282,69.9,1
2026-03-01,RTR,NHS ENGLAND NORTH EAST AND YORKSHIRE ,SOUTH TEES HOSPITALS NHS FOUNDATION TRUST,7762,0,9952,0,0,2199,3524,0,414,0,0,36,305,6,2348,0,417,2765,17714,3938,77.77,1
2026-03-01,RWP,NHS ENGLAND MIDLANDS ,WORCESTERSHIRE ACUTE HOSPITALS NHS TRUST,14334,0,6163,0,0,0,5805,0,47,0,0,0,841,835,3232,0,0,916,20497,5852,71.45,1
2026-03-01,RWX,NHS ENGLAND SOUTH EAST ,BERKSHIRE HEALTHCARE NHS FOUNDATION TRUST,0,0,1461,0,0,0,0,0,14,0,0,0,0,0,0,0,31,0,1461,14,99.04,0
2026-03-01,RX1,NHS ENGLAND MIDLANDS ,NOTTINGHAM UNIVERSITY HOSPITALS NHS TRUST,13228,2003,9850,0,0,325,7322,174,1196,0,0,0,114,1200,2820,0,1987,4332,25081,8692,65.34,1
2026-03-01,RY2,NHS ENGLAND NORTH WEST ,BRIDGEWATER COMMUNITY HEALTHCARE NHS FOUNDATION TRUST,0,0,3320,0,0,167,0,0,64,0,0,1,0,0,0,0,0,0,3320,64,98.07,0
2026-03-01,Y02428,NHS ENGLAND EAST OF ENGLAND ,PUTNOE WALK IN CENTRE,0,0,2867,0,0,0,0,0,0,0,0,0,0,0,0,0,0,0,2867,0,100.0,0
2026-03-01,G0Q0L,NHS ENGLAND LONDON,BARKING HOSPITAL UTC,0,0,3069,0,0,0,0,0,17,0,0,0,0,0,0,0,0,0,3069,17,99.45,0
2026-03-01,G3P9C,NHS ENGLAND SOUTH WEST ,TROWBRIDGE MINOR INJURIES UNIT,0,0,1340,0,0,0,0,0,4,0,0,0,0,0,0,0,0,0,1340,4,99.7,0
2026-03-01,K6K0R,NHS ENGLAND LONDON,HAROLD WOOD POLYCLINIC UTC,0,0,2878,0,0,0,0,0,21,0,0,0,0,0,0,0,0,0,2878,21,99.27,0
2026-03-01,NQT1I,NHS ENGLAND SOUTH WEST ,CHIPPENHAM COMMUNITY HOSPITAL,0,0,1657,0,0,0,0,0,25,0,0,0,0,0,0,0,0,0,1657,25,98.49,0
2026-03-01,RAJ,NHS ENGLAND EAST OF ENGLAND ,MID AND SOUTH ESSEX NHS FOUNDATION TRUST,28522,0,8415,2,0,0,11459,0,343,0,0,0,2337,793,8908,0,125,1270,36937,11802,68.05,1
2026-03-01,RBK,NHS ENGLAND MIDLANDS ,WALSALL HEALTHCARE NHS TRUST,9801,0,4476,30,0,138,1828,0,91,4,0,0,720,106,4661,0,0,910,14277,1919,86.56,1
2026-03-01,RBL,NHS ENGLAND NORTH WEST ,WIRRAL UNIVERSITY TEACHING HOSPITAL NHS FOUNDATION TRUST,8469,0,2937,0,0,191,4382,0,75,0,0,9,534,626,2386,0,0,1971,11406,4457,60.92,1
2026-03-01,RDR,NHS ENGLAND SOUTH EAST ,SUSSEX COMMUNITY NHS FOUNDATION TRUST,0,0,11899,0,0,0,0,0,238,0,0,0,0,0,0,0,0,0,11899,238,98.0,0
2026-03-01,RDU,NHS ENGLAND SOUTH EAST ,FRIMLEY HEALTH NHS FOUNDATION TRUST,23737,1013,11602,0,0,0,7555,1,243,0,0,0,1066,637,6966,0,0,140,36352,7799,78.55,1
2026-03-01,REP,NHS ENGLAND NORTH WEST ,LIVERPOOL WOMEN'S NHS FOUNDATION TRUST,0,1589,0,0,0,0,0,201,0,0,0,0,0,0,0,122,0,16,1589,201,87.35,1
2026-03-01,RFR,NHS ENGLAND NORTH EAST AND YORKSHIRE ,THE ROTHERHAM NHS FOUNDATION TRUST,9778,0,0,0,0,0,3026,0,0,0,0,0,741,40,1668,0,0,550,9778,3026,69.05,1
2026-03-01,RH8,NHS ENGLAND SOUTH WEST ,ROYAL DEVON UNIVERSITY HEALTHCARE NHS FOUNDATION TRUST,13587,0,4364,1559,0,66,5264,0,9,516,0,1,860,172,3600,0,0,1989,17951,5273,70.63,1
2026-03-01,RHQ,NHS ENGLAND NORTH EAST AND YORKSHIRE ,SHEFFIELD TEACHING HOSPITALS NHS FOUNDATION TRUST,8916,1355,7691,325,5,1131,4221,19,283,149,0,23,895,10,3206,0,0,3321,17962,4523,74.82,1
2026-03-01,RL4,NHS ENGLAND MIDLANDS ,THE ROYAL WOLVERHAMPTON NHS TRUST,11409,1734,7357,103,7,712,4000,33,264,17,1,6,829,604,3064,0,59,3984,20500,4297,79.04,1
2026-03-01,RN3,NHS ENGLAND SOUTH WEST ,GREAT WESTERN HOSPITALS NHS FOUNDATION TRUST,6241,0,5981,0,0,0,3250,0,553,0,0,0,539,436,2742,0,0,1297,12222,3803,68.88,1
2026-03-01,RN7,NHS ENGLAND SOUTH EAST ,DARTFORD AND GRAVESHAM NHS TRUST,12229,0,4068,0,0,0,2966,0,4,0,0,0,567,497,4024,0,0,329,16297,2970,81.78,1
2026-03-01,RNZ,NHS ENGLAND SOUTH WEST ,SALISBURY NHS FOUNDATION TRUST,4875,377,2070,211,0,0,2214,0,0,101,0,0,417,147,1353,0,0,1063,7322,2214,69.76,1
2026-03-01,RRK,NHS ENGLAND MIDLANDS ,UNIVERSITY HOSPITALS BIRMINGHAM NHS FOUNDATION TRUST,34602,423,3203,0,0,151,13660,0,25,0,0,1,2883,1511,10755,0,0,7641,38228,13685,64.2,1
2026-03-01,RVJ,NHS ENGLAND SOUTH WEST ,NORTH BRISTOL NHS TRUST,9545,0,0,0,0,0,3386,0,0,0,0,0,363,576,3204,0,0,2469,9545,3386,64.53,1
2026-03-01,RWE,NHS ENGLAND MIDLANDS ,UNIVERSITY HOSPITALS OF LEICESTER NHS TRUST,23461,2096,0,0,0,0,8490,92,0,0,0,0,1325,592,7237,7,0,3922,25557,8582,66.42,1
2026-03-01,RWH,NHS ENGLAND EAST OF ENGLAND ,EAST AND NORTH HERTFORDSHIRE TEACHING NHS TRUST,9208,0,9068,0,0,0,4522,0,97,0,0,0,305,65,2396,0,2,283,18276,4619,74.73,1
2026-03-01,RXP,NHS ENGLAND NORTH EAST AND YORKSHIRE ,COUNTY DURHAM AND DARLINGTON NHS FOUNDATION TRUST,13246,0,3934,0,0,7388,5130,0,0,0,0,0,1518,10,4534,0,0,847,17180,5130,70.14,1
2026-03-01,RXW,NHS ENGLAND MIDLANDS ,THE SHREWSBURY AND TELFORD HOSPITAL NHS TRUST,11446,0,2637,0,0,0,6281,0,370,0,0,0,742,1173,3693,0,145,2258,14083,6651,52.77,1
2026-03-01,R0D,NHS ENGLAND SOUTH WEST ,UNIVERSITY HOSPITALS DORSET NHS FOUNDATION TRUST,15604,0,4194,0,0,0,6397,0,0,0,0,0,923,501,4177,1,0,2588,19798,6397,67.69,1
2026-03-01,RA9,NHS ENGLAND SOUTH WEST ,TORBAY AND SOUTH DEVON NHS FOUNDATION TRUST,6842,0,3228,433,0,245,3404,0,2,183,0,0,150,66,2182,0,0,1278,10070,3406,66.18,1
2026-03-01,RGT,NHS ENGLAND EAST OF ENGLAND ,CAMBRIDGE UNIVERSITY HOSPITALS NHS FOUNDATION TRUST,11693,0,5652,345,0,277,4906,0,111,98,0,8,558,404,2987,0,36,452,17345,5017,71.08,1
2026-03-01,RH5,NHS ENGLAND SOUTH WEST ,SOMERSET NHS FOUNDATION TRUST,12117,0,10428,0,0,0,5807,0,320,0,0,0,372,73,2642,0,0,1658,22545,6127,72.82,1
2026-03-01,RK5,NHS ENGLAND MIDLANDS ,SHERWOOD FOREST HOSPITALS NHS FOUNDATION TRUST,11782,0,5785,0,0,0,3548,0,395,0,0,0,728,277,3787,0,0,280,17567,3943,77.55,1
2026-03-01,RM1,NHS ENGLAND EAST OF ENGLAND ,NORFOLK AND NORWICH UNIVERSITY HOSPITALS NHS FOUNDATION TRUST,13490,0,7873,0,0,0,3626,0,11,0,0,0,603,261,2256,0,0,1575,21363,3637,82.98,1
2026-03-01,RP5,NHS ENGLAND NORTH EAST AND YORKSHIRE ,DONCASTER AND BASSETLAW TEACHING HOSPITALS NHS FOUNDATION TRUST,14337,0,4376,0,0,0,4214,0,5,0,0,0,1010,95,4077,0,495,1178,18713,4219,77.45,1
2026-03-01,RP6,NHS ENGLAND LONDON,MOORFIELDS EYE HOSPITAL NHS FOUNDATION TRUST,0,6316,0,0,0,0,0,158,0,0,0,0,0,0,0,1,0,270,6316,158,97.5,0
2026-03-01,RQM,NHS ENGLAND LONDON,CHELSEA AND WESTMINSTER HOSPITAL NHS FOUNDATION TRUST,20446,0,6841,724,0,0,5552,0,310,0,0,0,753,45,2925,0,0,462,27287,5862,78.52,1
2026-03-01,RRF,NHS ENGLAND NORTH WEST ,"WRIGHTINGTON, WIGAN AND LEIGH TEACHING HOSPITALS NHS FOUNDATION TRUST",6876,0,6628,0,0,0,2920,0,44,0,0,0,551,407,2514,0,0,385,13504,2964,78.05,1
2026-03-01,RTF,NHS ENGLAND NORTH EAST AND YORKSHIRE ,NORTHUMBRIA HEALTHCARE NHS FOUNDATION TRUST,11038,0,14245,0,0,0,2238,0,1,0,0,0,12,0,4560,0,5,540,25283,2239,91.14,1
2026-03-01,RWD,NHS ENGLAND MIDLANDS ,UNITED LINCOLNSHIRE TEACHING HOSPITALS NHS TRUST,18625,0,4910,0,0,0,5727,0,258,0,0,0,757,1132,5141,0,0,1011,23535,5985,74.57,1
2026-03-01,RWW,NHS ENGLAND NORTH WEST ,WARRINGTON AND HALTON TEACHING HOSPITALS NHS FOUNDATION TRUST,7065,0,2935,287,0,97,3412,0,22,101,0,0,470,909,1809,0,0,161,10000,3434,65.66,1
2026-03-01,RXK,NHS ENGLAND MIDLANDS ,SANDWELL AND WEST BIRMINGHAM HOSPITALS NHS TRUST,11478,1179,8388,472,0,0,4899,160,42,222,0,0,678,612,2586,0,45,57,21045,5101,75.76,1
2026-03-01,RY4,NHS ENGLAND EAST OF ENGLAND ,HERTFORDSHIRE COMMUNITY NHS TRUST,0,0,1223,0,0,0,0,0,38,0,0,0,0,0,0,0,0,0,1223,38,96.89,0
2026-03-01,RYX,NHS ENGLAND LONDON,CENTRAL LONDON COMMUNITY HEALTHCARE NHS TRUST,0,0,12658,0,0,576,0,0,207,0,0,7,0,0,0,0,0,0,12658,207,98.36,0
2026-03-01,ARN03,NHS ENGLAND NORTH EAST AND YORKSHIRE ,LOCAL CARE DIRECT,0,0,2490,0,0,194,0,0,9,0,0,0,0,0,0,0,0,0,2490,9,99.64,0
2026-03-01,RKE,NHS ENGLAND LONDON,WHITTINGTON HEALTH NHS TRUST,9319,0,0,0,0,0,2376,0,0,0,0,0,280,237,1412,0,0,42,9319,2376,74.5,1
2026-03-01,RVV,NHS ENGLAND SOUTH EAST ,EAST KENT HOSPITALS UNIVERSITY NHS FOUNDATION TRUST,15073,0,13260,0,0,0,6439,0,836,0,0,0,622,1037,3144,0,533,546,28333,7275,74.32,1
2026-03-01,AQM01,NHS ENGLAND SOUTH EAST ,FAVERSHAM MEDICAL PRACTICE MIU,0,0,3203,0,0,0,0,0,0,0,0,0,0,0,0,0,0,0,3203,0,100.0,0
2026-03-01,RVW,NHS ENGLAND NORTH EAST AND YORKSHIRE ,NORTH TEES AND HARTLEPOOL NHS FOUNDATION TRUST,5064,0,12066,0,0,0,2339,0,26,0,0,0,100,1,1758,0,472,2543,17130,2365,86.19,1
2026-03-01,RJZ,NHS ENGLAND LONDON,KING'S COLLEGE HOSPITAL NHS FOUNDATION TRUST,16182,0,9930,33,0,488,6440,0,975,6,0,0,1505,661,3623,0,0,321,26112,7415,71.6,1
2026-03-01,RLQ,NHS ENGLAND MIDLANDS ,WYE VALLEY NHS TRUST,6134,1032,160,99,0,0,2679,0,0,18,0,0,497,234,1415,0,0,152,7326,2679,63.43,1
2026-03-01,C83023,NHS ENGLAND MIDLANDS ,SLEAFORD MEDICAL GROUP,0,0,512,0,0,0,0,0,0,0,0,0,0,0,0,0,0,5,512,0,100.0,0
2026-03-01,RQ3,NHS ENGLAND MIDLANDS ,BIRMINGHAM WOMEN'S AND CHILDREN'S NHS FOUNDATION TRUST,5150,0,0,0,0,0,1206,0,0,0,0,0,29,2,651,0,0,202,5150,1206,76.58,1
2026-03-01,NLX,NHS ENGLAND SOUTH WEST ,SIRONA CARE & HEALTH,0,0,9046,0,0,301,0,0,300,0,0,20,0,0,0,0,0,0,9046,300,96.68,0
2026-03-01,R1K,NHS ENGLAND LONDON,LONDON NORTH WEST UNIVERSITY HEALTHCARE NHS TRUST,13819,0,15806,0,0,0,4596,0,82,0,0,0,525,408,7227,0,0,199,29625,4678,84.21,1
2026-03-01,RA2,NHS ENGLAND SOUTH EAST ,ROYAL SURREY NHS FOUNDATION TRUST,7269,0,2235,809,0,36,2396,0,1,204,0,0,510,15,2363,0,0,1145,9504,2397,74.78,1
2026-03-01,RBS,NHS ENGLAND NORTH WEST ,ALDER HEY CHILDREN'S NHS FOUNDATION TRUST,6640,0,0,0,0,0,1097,0,0,0,0,0,0,0,952,0,0,240,6640,1097,83.48,1
2026-03-01,RGR,NHS ENGLAND EAST OF ENGLAND ,WEST SUFFOLK NHS FOUNDATION TRUST,8114,0,1068,57,0,0,2011,0,0,0,0,0,470,329,1929,0,0,356,9182,2011,78.1,1
2026-03-01,RKB,NHS ENGLAND MIDLANDS ,UNIVERSITY HOSPITALS COVENTRY AND WARWICKSHIRE NHS TRUST,13287,2667,6422,0,0,0,5023,93,179,0,0,0,49,11,958,40,41,342,22376,5295,76.34,1
2026-03-01,RTK,NHS ENGLAND SOUTH EAST ,ASHFORD AND ST PETER'S HOSPITALS NHS FOUNDATION TRUST,7809,0,2837,0,0,0,3374,0,28,0,0,0,569,311,2554,0,0,430,10646,3402,68.04,1
2026-03-01,RV9,NHS ENGLAND NORTH EAST AND YORKSHIRE ,HUMBER TEACHING NHS FOUNDATION TRUST,0,0,1229,0,0,55,0,0,5,0,0,0,0,0,0,0,0,0,1229,5,99.59,0
2026-03-01,R0A,NHS ENGLAND NORTH WEST ,MANCHESTER UNIVERSITY NHS FOUNDATION TRUST,26982,3393,11549,3642,498,801,9057,110,258,1208,28,44,2943,53,6105,168,109,454,41924,9425,77.52,1
2026-03-01,RAT,NHS ENGLAND LONDON,NORTH EAST LONDON NHS FOUNDATION TRUST,0,0,1896,0,0,0,0,0,55,0,0,0,0,0,0,0,0,0,1896,55,97.1,0
2026-03-01,RBN,NHS ENGLAND NORTH WEST ,MERSEY AND WEST LANCASHIRE TEACHING HOSPITALS NHS TRUST,18055,0,7402,217,0,0,6407,0,48,33,0,0,459,514,8027,0,0,679,25457,6455,74.64,1
2026-03-01,REM,NHS ENGLAND NORTH WEST ,LIVERPOOL UNIVERSITY HOSPITALS NHS FOUNDATION TRUST,16352,1989,8390,494,0,0,7492,0,461,203,0,0,923,1124,5691,0,0,2455,26731,7953,70.25,1
2026-03-01,RJC,NHS ENGLAND MIDLANDS ,SOUTH WARWICKSHIRE UNIVERSITY NHS FOUNDATION TRUST,8644,0,438,2,0,0,1808,0,0,0,0,0,423,132,1815,0,0,663,9082,1808,80.09,1
2026-03-01,RJL,NHS ENGLAND NORTH EAST AND YORKSHIRE ,NORTHERN LINCOLNSHIRE AND GOOLE NHS FOUNDATION TRUST,10855,0,6646,0,0,429,4901,0,74,0,0,5,734,715,5761,0,0,476,17501,4975,71.57,1
2026-03-01,RK9,NHS ENGLAND SOUTH WEST ,UNIVERSITY HOSPITALS PLYMOUTH NHS TRUST,9053,174,8349,0,0,0,5663,14,126,0,0,0,693,352,3160,0,0,1916,17576,5803,66.98,1
2026-03-01,RMP,NHS ENGLAND NORTH WEST ,TAMESIDE AND GLOSSOP INTEGRATED CARE NHS FOUNDATION TRUST,8602,0,2694,428,0,188,3606,0,102,0,0,0,400,269,1747,0,0,294,11296,3708,67.17,1
2026-03-01,RNQ,NHS ENGLAND MIDLANDS ,KETTERING GENERAL HOSPITAL NHS FOUNDATION TRUST,11623,0,9434,0,0,0,4163,0,7,0,0,0,649,560,2022,0,0,287,21057,4170,80.2,1
2026-03-01,RNS,NHS ENGLAND MIDLANDS ,NORTHAMPTON GENERAL HOSPITAL NHS TRUST,11112,660,2110,0,0,0,3453,13,2,0,0,0,430,767,2621,0,0,509,13882,3468,75.02,1
2026-03-01,RTD,NHS ENGLAND NORTH EAST AND YORKSHIRE ,THE NEWCASTLE UPON TYNE HOSPITALS NHS FOUNDATION TRUST,11211,1872,9607,0,0,1442,4662,90,118,0,0,0,293,11,3947,20,0,3074,22690,4870,78.54,1
2026-03-01,RTE,NHS ENGLAND SOUTH WEST ,GLOUCESTERSHIRE HOSPITALS NHS FOUNDATION TRUST,14347,0,0,0,0,0,5083,0,0,0,0,0,282,489,2980,0,0,3018,14347,5083,64.57,1
2026-03-01,RXQ,NHS ENGLAND SOUTH EAST ,BUCKINGHAMSHIRE HEALTHCARE NHS TRUST,9559,1221,3114,0,0,0,2991,0,29,0,0,0,259,249,3565,880,0,1200,13894,3020,78.26,1
2026-03-01,RY5,NHS ENGLAND MIDLANDS ,LINCOLNSHIRE COMMUNITY HEALTH SERVICES NHS TRUST,0,0,8730,0,0,0,0,0,156,0,0,0,0,0,0,0,0,0,8730,156,98.21,0
2026-03-01,RA7,NHS ENGLAND SOUTH WEST ,UNIVERSITY HOSPITALS BRISTOL AND WESTON NHS FOUNDATION TRUST,16839,2625,0,0,0,0,6340,246,0,0,0,0,1198,529,5023,11,0,1609,19464,6586,66.16,1
2026-03-01,RAL,NHS ENGLAND LONDON,ROYAL FREE LONDON NHS FOUNDATION TRUST,27033,566,16624,159,5,174,7828,12,728,42,0,10,912,1771,6479,2,141,823,44223,8568,80.63,1
2026-03-01,RCB,NHS ENGLAND NORTH EAST AND YORKSHIRE ,YORK AND SCARBOROUGH TEACHING HOSPITALS NHS FOUNDATION TRUST,12231,350,7237,0,0,0,5296,0,456,0,0,0,693,237,5495,0,0,1812,19818,5752,70.98,1
2026-03-01,RD1,NHS ENGLAND SOUTH WEST ,ROYAL UNITED HOSPITALS BATH NHS FOUNDATION TRUST,9444,0,0,0,0,0,3528,0,0,0,0,0,943,85,3187,0,11,2120,9444,3528,62.64,1
2026-03-01,RHU,NHS ENGLAND SOUTH EAST ,PORTSMOUTH HOSPITALS UNIVERSITY NHS TRUST,11058,1229,3469,1963,0,904,3736,16,2,587,0,17,954,901,3287,0,0,2558,15756,3754,76.17,1
2026-03-01,RHW,NHS ENGLAND SOUTH EAST ,ROYAL BERKSHIRE NHS FOUNDATION TRUST,11568,2688,3067,1273,16,0,3906,31,0,356,0,0,392,28,2257,0,0,373,17323,3937,77.27,1
2026-03-01,RM3,NHS ENGLAND NORTH WEST ,NORTHERN CARE ALLIANCE NHS FOUNDATION TRUST,27062,0,9249,0,0,0,9404,0,179,0,0,0,932,1124,7986,0,345,2441,36311,9583,73.61,1
2026-03-01,RN5,NHS ENGLAND SOUTH EAST ,HAMPSHIRE HOSPITALS NHS FOUNDATION TRUST,10649,64,4499,0,0,115,5251,0,440,0,0,0,126,13,3995,7,61,1028,15212,5691,62.59,1
2026-03-01,RWA,NHS ENGLAND NORTH EAST AND YORKSHIRE ,HULL UNIVERSITY TEACHING HOSPITALS NHS TRUST,10114,0,4397,0,0,0,4985,0,236,0,0,0,1054,375,4018,0,0,2139,14511,5221,64.02,1
2026-03-01,RXL,NHS ENGLAND NORTH WEST ,BLACKPOOL TEACHING HOSPITALS NHS FOUNDATION TRUST,8417,0,10241,296,0,429,3022,0,240,84,0,0,518,261,1886,0,0,2343,18658,3262,82.52,1
2026-03-01,R1F,NHS ENGLAND SOUTH EAST ,ISLE OF WIGHT NHS TRUST,4228,252,1661,31,0,16,1327,0,90,6,0,0,270,196,1439,0,0,101,6141,1417,76.93,1
2026-03-01,RC9,NHS ENGLAND EAST OF ENGLAND ,BEDFORDSHIRE HOSPITALS NHS FOUNDATION TRUST,17712,0,9389,0,0,0,5426,0,0,0,0,0,80,15,5351,0,0,2484,27101,5426,79.98,1
2026-03-01,RCF,NHS ENGLAND NORTH EAST AND YORKSHIRE ,AIREDALE NHS FOUNDATION TRUST,5874,243,0,409,0,0,2060,0,0,0,0,0,413,428,1428,0,0,549,6117,2060,66.32,1
2026-03-01,RD8,NHS ENGLAND EAST OF ENGLAND ,MILTON KEYNES UNIVERSITY HOSPITAL NHS FOUNDATION TRUST,8309,0,5506,795,0,437,2730,0,93,285,0,0,603,0,2603,0,0,454,13815,2823,79.57,1
2026-03-01,RDE,NHS ENGLAND EAST OF ENGLAND ,EAST SUFFOLK AND NORTH ESSEX NHS FOUNDATION TRUST,11646,0,13538,0,0,0,5020,0,844,0,0,0,883,548,5276,0,1,294,25184,5864,76.72,1
2026-03-01,RFS,NHS ENGLAND MIDLANDS ,CHESTERFIELD ROYAL HOSPITAL NHS FOUNDATION TRUST,7179,0,5672,0,0,0,3234,0,84,0,0,0,534,82,2191,0,15,180,12851,3318,74.18,1
2026-03-01,RLT,NHS ENGLAND MIDLANDS ,GEORGE ELIOT HOSPITAL NHS TRUST,7478,0,1767,0,0,0,834,0,2,0,0,0,159,92,1265,0,0,0,9245,836,90.96,1
2026-03-01,RR7,NHS ENGLAND NORTH EAST AND YORKSHIRE ,GATESHEAD HEALTH NHS FOUNDATION TRUST,6012,0,4693,18,0,0,2609,0,56,4,0,0,776,2,1816,0,0,72,10705,2665,75.11,1
2026-03-01,RTH,NHS ENGLAND SOUTH EAST ,OXFORD UNIVERSITY HOSPITALS NHS FOUNDATION TRUST,12638,1624,3437,1572,0,192,3523,0,43,273,0,12,341,5,5429,94,27,4413,17699,3566,79.85,1
2026-03-01,RTP,NHS ENGLAND SOUTH EAST ,SURREY AND SUSSEX HEALTHCARE NHS TRUST,10583,0,0,0,0,0,4778,0,0,0,0,0,597,724,2935,0,0,988,10583,4778,54.85,1
2026-03-01,RWG,NHS ENGLAND EAST OF ENGLAND ,WEST HERTFORDSHIRE TEACHING HOSPITALS NHS TRUST,8750,0,7960,0,0,821,1584,0,106,0,0,0,656,33,4912,0,0,720,16710,1690,89.89,1
2026-03-01,RXC,NHS ENGLAND SOUTH EAST ,EAST SUSSEX HEALTHCARE NHS TRUST,9990,0,2172,1707,0,1659,3511,0,30,0,0,0,212,58,3011,0,0,464,12162,3541,70.88,1
2026-03-01,RXF,NHS ENGLAND NORTH EAST AND YORKSHIRE ,MID YORKSHIRE TEACHING NHS TRUST,16635,126,6852,124,0,93,5940,0,178,0,0,1,2085,308,3451,0,174,901,23613,6118,74.09,1
2026-03-01,R1H,NHS ENGLAND LONDON,BARTS HEALTH NHS TRUST,26064,950,18544,0,0,0,10076,6,919,0,0,0,1010,1207,4449,1,35,1390,45558,11001,75.85,1
2026-03-01,RAX,NHS ENGLAND LONDON,KINGSTON AND RICHMOND NHS FOUNDATION TRUST,7582,0,8517,0,0,0,3296,0,237,0,0,0,373,310,3197,0,207,699,16099,3533,78.05,1
2026-03-01,RBT,NHS ENGLAND NORTH WEST ,MID CHESHIRE HOSPITALS NHS FOUNDATION TRUST,7509,0,3219,0,0,128,3946,0,8,0,0,0,402,665,2422,0,0,788,10728,3954,63.14,1
2026-03-01,RF4,NHS ENGLAND LONDON,"BARKING, HAVERING AND REDBRIDGE UNIVERSITY HOSPITALS NHS TRUST",13844,2485,14885,0,0,0,6100,413,253,0,0,0,609,608,3749,0,0,2137,31214,6766,78.32,1
2026-03-01,RHM,NHS ENGLAND SOUTH EAST ,UNIVERSITY HOSPITAL SOUTHAMPTON NHS FOUNDATION TRUST,12105,1200,0,0,0,0,3601,60,0,0,0,0,455,11,3903,13,0,1600,13305,3661,72.48,1
2026-03-01,RJ2,NHS ENGLAND LONDON,LEWISHAM AND GREENWICH NHS TRUST,16974,0,17385,0,0,1047,8228,0,320,0,0,7,1057,487,3998,0,0,538,34359,8548,75.12,1
2026-03-01,RJ7,NHS ENGLAND LONDON,ST GEORGE'S UNIVERSITY HOSPITALS NHS FOUNDATION TRUST,8727,0,4237,330,0,0,2697,0,145,55,0,0,474,476,1843,0,0,578,12964,2842,78.08,1
2026-03-01,RR8,NHS ENGLAND NORTH EAST AND YORKSHIRE ,LEEDS TEACHING HOSPITALS NHS TRUST,18894,791,11213,59,0,410,6521,0,181,16,0,0,1518,564,3760,0,0,1354,30898,6702,78.31,1
2026-03-01,RVR,NHS ENGLAND LONDON,EPSOM AND ST HELIER UNIVERSITY HOSPITALS NHS TRUST,11779,0,2267,0,0,0,3299,0,200,0,0,0,602,764,2137,0,0,154,14046,3499,75.09,1
2026-03-01,RWJ,NHS ENGLAND NORTH WEST ,STOCKPORT NHS FOUNDATION TRUST,8104,0,981,318,0,1509,3102,0,58,95,0,3,592,258,2639,0,72,952,9085,3160,65.22,1
2026-03-01,RXN,NHS ENGLAND NORTH WEST ,LANCASHIRE TEACHING HOSPITALS NHS FOUNDATION TRUST,12102,0,3298,149,0,81,4107,0,210,29,0,2,1053,368,3039,0,95,1249,15400,4317,71.97,1
2026-03-01,RPA,NHS ENGLAND SOUTH EAST ,MEDWAY NHS FOUNDATION TRUST,9858,0,6484,298,0,1078,3038,0,1091,55,0,0,335,671,1758,0,0,471,16342,4129,74.73,1
2026-03-01,DT301,NHS ENGLAND EAST OF ENGLAND ,HERTS URGENT CARE (ASCOTS LANE),0,0,2144,0,0,0,0,0,110,0,0,0,0,0,0,0,0,0,2144,110,94.87,1
2026-03-01,RNA,NHS ENGLAND MIDLANDS ,THE DUDLEY GROUP NHS FOUNDATION TRUST,10359,0,4254,0,0,625,2064,0,159,0,0,0,957,40,3662,0,0,2769,14613,2223,84.79,1
2026-03-01,RRV,NHS ENGLAND LONDON,UNIVERSITY COLLEGE LONDON HOSPITALS NHS FOUNDATION TRUST,13996,0,0,543,0,0,2783,0,0,0,0,0,299,66,1512,0,0,350,13996,2783,80.12,1
2026-03-01,RJ6,NHS ENGLAND LONDON,CROYDON HEALTH SERVICES NHS TRUST,13405,0,5222,0,0,0,3841,0,0,0,0,0,292,678,1120,0,0,174,18627,3841,79.38,1
2025-05-01,RBT,NHS ENGLAND NORTH WEST ,MID CHESHIRE HOSPITALS NHS FOUNDATION TRUST,7250,0,3317,0,0,67,4462,0,50,0,0,4,610,645,2110,0,0,1192,10567,4512,57.3,1
2025-05-01,Y02615,NHS ENGLAND MIDLANDS ,SOUTH BIRMINGHAM GP WALK IN CENTRE,0,0,6661,0,0,0,0,0,0,0,0,0,0,0,0,0,0,0,6661,0,100.0,0
2025-05-01,Y02676,NHS ENGLAND SOUTH EAST ,BRIGHTON STATION HEALTH CENTRE,0,0,1986,0,0,0,0,0,0,0,0,0,0,0,0,0,0,0,1986,0,100.0,0
2025-05-01,AAH,NHS ENGLAND SOUTH WEST ,TETBURY HOSPITAL TRUST LTD,0,0,524,0,0,0,0,0,0,0,0,0,0,0,0,0,0,0,524,0,100.0,0
2025-05-01,AQN04,NHS ENGLAND SOUTH EAST ,PHL LYMINGTON UTC,0,0,3567,0,0,7,0,0,24,0,0,0,0,0,0,0,0,0,3567,24,99.33,0
2025-05-01,C82038,NHS ENGLAND MIDLANDS ,LATHAM HOUSE MEDICAL PRACTICE,0,0,354,0,0,0,0,0,0,0,0,0,0,0,0,0,0,0,354,0,100.0,0
2025-05-01,NTP11,NHS ENGLAND SOUTH EAST ,PRACTICE PLUS GROUP HOSPITAL - SOUTHAMPTON,0,0,5679,0,0,0,0,0,189,0,0,0,0,0,0,0,0,0,5679,189,96.67,0
2025-05-01,RA9,NHS ENGLAND SOUTH WEST ,TORBAY AND SOUTH DEVON NHS FOUNDATION TRUST,6821,0,3781,457,0,174,3146,0,16,197,0,1,319,65,2274,0,0,1204,10602,3162,70.18,1
2025-05-01,RGP,NHS ENGLAND EAST OF ENGLAND ,JAMES PAGET UNIVERSITY HOSPITALS NHS FOUNDATION TRUST,7796,0,1263,0,0,0,2945,0,0,0,0,0,574,205,1665,0,0,536,9059,2945,67.49,1
2025-05-01,RTP,NHS ENGLAND SOUTH EAST ,SURREY AND SUSSEX HEALTHCARE NHS TRUST,10479,0,0,0,0,0,3919,0,0,0,0,0,462,661,3039,0,0,946,10479,3919,62.6,1
2025-05-01,RW1,NHS ENGLAND SOUTH EAST ,HAMPSHIRE AND ISLE OF WIGHT HEALTHCARE NHS FOUNDATION TRUST,0,0,3058,0,0,0,0,0,156,0,0,0,0,0,0,0,1,141,3058,156,94.9,1
2025-05-01,RWY,NHS ENGLAND NORTH EAST AND YORKSHIRE ,CALDERDALE AND HUDDERSFIELD NHS FOUNDATION TRUST,16305,0,0,0,0,0,2568,0,0,0,0,0,719,5,2811,0,0,203,16305,2568,84.25,1
2025-05-01,RYF,NHS ENGLAND SOUTH WEST ,SOUTH WESTERN AMBULANCE SERVICE NHS FOUNDATION TRUST,0,0,2037,0,0,10,0,0,49,0,0,0,0,0,0,0,0,0,2037,49,97.59,0
2025-05-01,Y02428,NHS ENGLAND EAST OF ENGLAND ,PUTNOE WALK IN CENTRE,0,0,2636,0,0,0,0,0,0,0,0,0,0,0,0,0,0,0,2636,0,100.0,0
2025-05-01,Y02532,NHS ENGLAND NORTH WEST ,MIRIAM MINOR EMERGENCY,0,0,1612,0,0,0,0,0,2,0,0,0,0,0,0,0,0,0,1612,2,99.88,0
2025-05-01,AQM01,NHS ENGLAND SOUTH EAST ,FAVERSHAM MEDICAL PRACTICE MIU,0,0,2828,0,0,0,0,0,0,0,0,0,0,0,0,0,0,0,2828,0,100.0,0
2025-05-01,NL7,NHS ENGLAND MIDLANDS ,ASSURA VERTIS URGENT CARE CENTRES (BIRMINGHAM),0,0,3179,0,0,0,0,0,0,0,0,0,0,0,0,0,0,0,3179,0,100.0,0
2025-05-01,RCX,NHS ENGLAND EAST OF ENGLAND ,"THE QUEEN ELIZABETH HOSPITAL, KING'S LYNN, NHS FOUNDATION TRUST",6756,0,1203,0,0,0,3003,0,0,0,0,0,1542,90,1934,0,0,305,7959,3003,62.27,1
2025-05-01,RNU,NHS ENGLAND SOUTH EAST ,OXFORD HEALTH NHS FOUNDATION TRUST,0,0,4266,0,0,0,0,0,234,0,0,0,0,0,0,0,0,0,4266,234,94.51,1
2025-05-01,RY2,NHS ENGLAND NORTH WEST ,BRIDGEWATER COMMUNITY HEALTHCARE NHS FOUNDATION TRUST,0,0,3030,0,0,166,0,0,50,0,0,1,0,0,0,0,0,0,3030,50,98.35,0
2025-05-01,RY8,NHS ENGLAND MIDLANDS ,DERBYSHIRE COMMUNITY HEALTH SERVICES NHS FOUNDATION TRUST,0,0,8372,0,0,1657,0,0,166,0,0,9,0,0,0,0,0,0,8372,166,98.02,0
2025-05-01,Y03218,NHS ENGLAND LONDON,THE PINN UNREGISTERED WIC,0,0,843,0,0,9,0,0,0,0,0,0,0,0,0,0,0,0,843,0,100.0,0
2025-05-01,Y07709,NHS ENGLAND SOUTH EAST ,READING URGENT CARE CENTRE,0,0,1916,0,0,0,0,0,0,0,0,0,0,0,0,0,0,0,1916,0,100.0,0
2025-05-01,DT301,NHS ENGLAND EAST OF ENGLAND ,HERTS URGENT CARE (ASCOTS LANE),0,0,2378,0,0,0,0,0,37,0,0,0,0,0,0,0,0,0,2378,37,98.44,0
2025-05-01,NDJ,NHS ENGLAND SOUTH EAST ,FIRST COMMUNITY HEALTH AND CARE CIC,0,0,2565,0,0,0,0,0,0,0,0,0,0,0,0,0,0,0,2565,0,100.0,0
2025-05-01,NQT51,NHS ENGLAND SOUTH EAST ,STATION PLAZA HEALTH CENTRE,0,0,1075,0,0,0,0,0,0,0,0,0,0,0,0,0,0,0,1075,0,100.0,0
2025-05-01,NQT5F,NHS ENGLAND NORTH WEST ,SKELMERSDALE WALK IN CENTRE,0,0,1743,0,0,0,0,0,8,0,0,0,0,0,0,0,0,0,1743,8,99.54,0
2025-05-01,NQT5H,NHS ENGLAND SOUTH WEST ,PAULTON MEMORIAL HOSPITAL,0,0,1209,0,0,0,0,0,5,0,0,0,0,0,0,0,0,0,1209,5,99.59,0
2025-05-01,NQTE4,NHS ENGLAND MIDLANDS ,SUMMERFIELD URGENT CARE CENTRE,0,0,3089,0,0,0,0,0,0,0,0,0,0,0,0,0,0,0,3089,0,100.0,0
2025-05-01,RFF,NHS ENGLAND NORTH EAST AND YORKSHIRE ,BARNSLEY HOSPITAL NHS FOUNDATION TRUST,9300,0,0,36,0,0,2619,0,0,0,0,0,427,0,3072,0,0,465,9300,2619,71.84,1
2025-05-01,RLQ,NHS ENGLAND MIDLANDS ,WYE VALLEY NHS TRUST,6022,1060,164,109,0,0,2883,0,0,32,0,0,479,249,1452,0,0,157,7246,2883,60.21,1
2025-05-01,RV9,NHS ENGLAND NORTH EAST AND YORKSHIRE ,HUMBER TEACHING NHS FOUNDATION TRUST,0,0,1171,0,0,38,0,0,3,0,0,0,0,0,0,0,0,0,1171,3,99.74,0
2025-05-01,L83087,NHS ENGLAND SOUTH WEST ,OKEHAMPTON MEDICAL CENTRE,0,0,87,0,0,0,0,0,0,0,0,0,0,0,0,0,0,0,87,0,100.0,0
2025-05-01,NTPAD,NHS ENGLAND SOUTH EAST ,PRACTICE PLUS GROUP SURGICAL CENTRE - ST MARYS PORTSMOUTH,0,0,5614,0,0,204,0,0,245,0,0,2,0,0,0,0,0,0,5614,245,95.64,0
2025-05-01,NTV0B,NHS ENGLAND SOUTH EAST ,ASHFORD WALK-IN-CENTRE,0,0,2433,0,0,0,0,0,96,0,0,0,0,0,0,0,0,0,2433,96,96.05,0
2025-05-01,NTV0W,NHS ENGLAND SOUTH EAST ,WOKING WALK IN CENTRE,0,0,2665,0,0,0,0,0,77,0,0,0,0,0,0,0,0,0,2665,77,97.11,0
2025-05-01,R0B,NHS ENGLAND NORTH EAST AND YORKSHIRE ,SOUTH TYNESIDE AND SUNDERLAND NHS FOUNDATION TRUST,11022,1191,6079,789,0,1486,4902,28,218,345,0,46,697,12,4357,17,0,1468,18292,5148,71.86,1
2025-05-01,RCD,NHS ENGLAND NORTH EAST AND YORKSHIRE ,HARROGATE AND DISTRICT NHS FOUNDATION TRUST,5246,0,1090,363,0,30,1393,0,0,80,0,0,170,15,1107,0,0,302,6336,1393,78.01,1
2025-05-01,RCU,NHS ENGLAND NORTH EAST AND YORKSHIRE ,SHEFFIELD CHILDREN'S NHS FOUNDATION TRUST,4611,0,319,318,0,28,401,0,0,45,0,0,14,0,1007,0,0,80,4930,401,91.87,1
2025-05-01,RJN,NHS ENGLAND NORTH WEST ,EAST CHESHIRE NHS TRUST,4561,0,0,48,0,17,1991,0,0,0,0,0,151,148,932,0,0,191,4561,1991,56.35,1
2025-05-01,RJR,NHS ENGLAND NORTH WEST ,COUNTESS OF CHESTER HOSPITAL NHS FOUNDATION TRUST,5321,0,2456,0,0,0,2837,0,283,0,0,0,244,751,1743,0,0,1216,7777,3120,59.88,1
2025-05-01,RQX,NHS ENGLAND LONDON,HOMERTON HEALTHCARE NHS FOUNDATION TRUST,11355,0,0,0,0,0,1983,0,0,0,0,0,202,26,1764,0,0,313,11355,1983,82.54,1
2025-05-01,ARN03,NHS ENGLAND NORTH EAST AND YORKSHIRE ,LOCAL CARE DIRECT,0,0,2236,0,0,155,0,0,9,0,0,0,0,0,0,0,0,0,2236,9,99.6,0
2025-05-01,NR3,NHS ENGLAND MIDLANDS ,NOTTINGHAM CITYCARE PARTNERSHIP,0,0,5381,0,0,273,0,0,311,0,0,0,0,0,0,0,0,0,5381,311,94.22,1
2025-05-01,R1F,NHS ENGLAND SOUTH EAST ,ISLE OF WIGHT NHS TRUST,4389,290,1654,18,0,16,1709,0,0,8,0,0,268,96,1379,0,0,71,6333,1709,73.01,1
2025-05-01,RAE,NHS ENGLAND NORTH EAST AND YORKSHIRE ,BRADFORD TEACHING HOSPITALS NHS FOUNDATION TRUST,9416,1118,3475,0,0,0,2417,0,0,0,0,0,719,49,2605,0,15,1434,14009,2417,82.75,1
2025-05-01,RDU,NHS ENGLAND SOUTH EAST ,FRIMLEY HEALTH NHS FOUNDATION TRUST,23038,836,12588,0,0,0,9511,0,453,0,0,0,1843,323,6204,0,0,153,36462,9964,72.67,1
2025-05-01,RFR,NHS ENGLAND NORTH EAST AND YORKSHIRE ,THE ROTHERHAM NHS FOUNDATION TRUST,9248,0,0,0,0,0,2903,0,0,0,0,0,357,1,2085,0,0,254,9248,2903,68.61,1
2025-05-01,RHW,NHS ENGLAND SOUTH EAST ,ROYAL BERKSHIRE NHS FOUNDATION TRUST,12073,2442,1713,1074,16,0,4572,54,0,369,0,0,584,31,2196,0,0,358,16228,4626,71.49,1
2025-05-01,RTK,NHS ENGLAND SOUTH EAST ,ASHFORD AND ST PETER'S HOSPITALS NHS FOUNDATION TRUST,7315,0,3197,0,0,0,3562,0,33,0,0,0,636,145,3022,0,0,662,10512,3595,65.8,1
2025-05-01,RWP,NHS ENGLAND MIDLANDS ,WORCESTERSHIRE ACUTE HOSPITALS NHS TRUST,13949,0,6564,0,0,0,7070,0,96,0,0,0,693,819,2752,0,0,913,20513,7166,65.07,1
2025-05-01,RY7,NHS ENGLAND NORTH WEST ,WIRRAL COMMUNITY HEALTH AND CARE NHS FOUNDATION TRUST,0,0,4576,0,0,0,0,0,307,0,0,0,0,0,0,0,0,0,4576,307,93.29,1
2025-05-01,AJN,NHS ENGLAND NORTH EAST AND YORKSHIRE ,WORKINGTON HEALTH LIMITED,0,0,442,0,0,0,0,0,0,0,0,0,0,0,0,0,0,0,442,0,100.0,0
2025-05-01,NLX,NHS ENGLAND SOUTH WEST ,SIRONA CARE & HEALTH,0,0,9490,0,0,351,0,0,504,0,0,56,0,0,0,0,0,0,9490,504,94.69,1
2025-05-01,R0A,NHS ENGLAND NORTH WEST ,MANCHESTER UNIVERSITY NHS FOUNDATION TRUST,25682,3108,12283,3530,523,1029,10832,186,660,1387,35,95,2893,106,5790,129,153,450,41073,11678,71.57,1
2025-05-01,RAS,NHS ENGLAND LONDON,THE HILLINGDON HOSPITALS NHS FOUNDATION TRUST,6146,0,7001,0,0,0,2946,0,74,0,0,0,482,58,2043,0,0,56,13147,3020,77.03,1
2025-05-01,RBD,NHS ENGLAND SOUTH WEST ,DORSET COUNTY HOSPITAL NHS FOUNDATION TRUST,4522,0,0,411,0,4627,1479,0,0,77,0,3,231,23,1951,0,0,482,4522,1479,67.29,1
2025-05-01,RBS,NHS ENGLAND NORTH WEST ,ALDER HEY CHILDREN'S NHS FOUNDATION TRUST,6141,0,0,0,0,0,833,0,0,0,0,0,0,0,1002,0,0,299,6141,833,86.44,1
2025-05-01,REF,NHS ENGLAND SOUTH WEST ,ROYAL CORNWALL HOSPITALS NHS TRUST,7244,0,13592,0,0,0,3689,0,828,0,0,0,612,487,2719,0,55,1068,20836,4517,78.32,1
2025-05-01,RJC,NHS ENGLAND MIDLANDS ,SOUTH WARWICKSHIRE UNIVERSITY NHS FOUNDATION TRUST,8577,0,404,3,0,0,2589,0,0,0,0,0,374,76,2276,0,0,866,8981,2589,71.17,1
2025-05-01,RJE,NHS ENGLAND MIDLANDS ,UNIVERSITY HOSPITALS OF NORTH MIDLANDS NHS TRUST,14521,501,9125,705,0,653,7254,0,61,311,0,18,1020,857,4960,0,0,1851,24147,7315,69.71,1
2025-05-01,RJL,NHS ENGLAND NORTH EAST AND YORKSHIRE ,NORTHERN LINCOLNSHIRE AND GOOLE NHS FOUNDATION TRUST,9285,0,7632,0,0,398,5091,0,86,0,0,4,740,796,5481,0,0,490,16917,5177,69.4,1
2025-05-01,RL4,NHS ENGLAND MIDLANDS ,THE ROYAL WOLVERHAMPTON NHS TRUST,12857,0,7821,155,0,765,3564,0,394,29,0,3,1012,383,5887,0,0,836,20678,3958,80.86,1
2025-05-01,RP6,NHS ENGLAND LONDON,MOORFIELDS EYE HOSPITAL NHS FOUNDATION TRUST,0,6040,0,0,0,0,0,111,0,0,0,0,0,0,0,1,0,276,6040,111,98.16,0
2025-05-01,RQW,NHS ENGLAND EAST OF ENGLAND ,THE PRINCESS ALEXANDRA HOSPITAL NHS TRUST,8572,0,2012,0,0,568,3928,0,0,0,0,0,463,125,1867,0,0,275,10584,3928,62.89,1
2025-05-01,RW4,NHS ENGLAND NORTH WEST ,MERSEY CARE NHS FOUNDATION TRUST,0,0,13831,0,0,0,0,0,132,0,0,0,0,0,0,0,0,40,13831,132,99.05,0
2025-05-01,RWA,NHS ENGLAND NORTH EAST AND YORKSHIRE ,HULL UNIVERSITY TEACHING HOSPITALS NHS TRUST,9636,0,4518,0,0,0,5515,0,685,0,0,0,1035,467,3684,0,0,2249,14154,6200,56.2,1
2025-05-01,RY5,NHS ENGLAND MIDLANDS ,LINCOLNSHIRE COMMUNITY HEALTH SERVICES NHS TRUST,0,0,8967,0,0,0,0,0,214,0,0,0,0,0,0,0,0,0,8967,214,97.61,0
2025-05-01,RYX,NHS ENGLAND LONDON,CENTRAL LONDON COMMUNITY HEALTHCARE NHS TRUST,0,0,13220,0,0,531,0,0,204,0,0,6,0,0,0,0,0,0,13220,204,98.46,0
2025-05-01,AD913,NHS ENGLAND LONDON,BECKENHAM BEACON UCC,0,0,3726,0,0,277,0,0,20,0,0,0,0,0,0,0,0,0,3726,20,99.46,0
2025-05-01,NNF09,NHS ENGLAND NORTH EAST AND YORKSHIRE ,BRANSHOLME HEALTH CENTRE,0,0,3723,0,0,0,0,0,576,0,0,0,0,0,0,0,0,0,3723,576,84.53,1
2025-05-01,NNF16,NHS ENGLAND NORTH EAST AND YORKSHIRE ,BRIDLINGTON HOSPITAL,0,0,1521,0,0,0,0,0,63,0,0,0,0,0,0,0,0,0,1521,63,95.86,0
2025-05-01,NNF94,NHS ENGLAND NORTH EAST AND YORKSHIRE ,EAST RIDING COMMUNITY HOSPITAL,0,0,3089,0,0,0,0,0,188,0,0,0,0,0,0,0,0,0,3089,188,93.91,1
2025-05-01,NNFA7,NHS ENGLAND NORTH EAST AND YORKSHIRE ,GOOLE & DISTRICT HOSPITAL,0,0,1776,0,0,0,0,0,20,0,0,0,0,0,0,0,0,0,1776,20,98.87,0
2025-05-01,NV693,NHS ENGLAND NORTH WEST ,ROSSENDALE MIU & OOH,0,0,1247,0,0,0,0,0,0,0,0,0,0,0,0,0,0,0,1247,0,100.0,0
2025-05-01,RA7,NHS ENGLAND SOUTH WEST ,UNIVERSITY HOSPITALS BRISTOL AND WESTON NHS FOUNDATION TRUST,15844,2526,0,0,0,0,5623,223,0,0,0,0,1069,252,5203,8,0,1430,18370,5846,68.18,1
2025-05-01,RAX,NHS ENGLAND LONDON,KINGSTON AND RICHMOND NHS FOUNDATION TRUST,6888,0,8681,0,0,0,3296,0,219,0,0,0,306,261,2331,0,225,650,15569,3515,77.42,1
2025-05-01,RBK,NHS ENGLAND MIDLANDS ,WALSALL HEALTHCARE NHS TRUST,9340,0,4176,42,0,154,2710,0,91,6,0,0,963,105,3787,0,0,725,13516,2801,79.28,1
2025-05-01,RBN,NHS ENGLAND NORTH WEST ,MERSEY AND WEST LANCASHIRE TEACHING HOSPITALS NHS TRUST,17566,0,7465,426,0,0,6302,0,171,44,0,0,547,366,7747,0,0,706,25031,6473,74.14,1
2025-05-01,RCB,NHS ENGLAND NORTH EAST AND YORKSHIRE ,YORK AND SCARBOROUGH TEACHING HOSPITALS NHS FOUNDATION TRUST,10790,327,7601,0,0,0,5568,0,303,0,0,0,814,445,4997,0,0,1556,18718,5871,68.63,1
2025-05-01,REP,NHS ENGLAND NORTH WEST ,LIVERPOOL WOMEN'S NHS FOUNDATION TRUST,0,1446,0,0,0,0,0,195,0,0,0,0,0,0,0,103,0,17,1446,195,86.51,1
2025-05-01,RGR,NHS ENGLAND EAST OF ENGLAND ,WEST SUFFOLK NHS FOUNDATION TRUST,8108,0,737,100,0,0,1923,0,0,0,0,0,341,102,2153,0,0,304,8845,1923,78.26,1
2025-05-01,RJZ,NHS ENGLAND LONDON,KING'S COLLEGE HOSPITAL NHS FOUNDATION TRUST,15424,0,9349,52,0,1277,6518,0,361,13,0,0,1454,833,3668,0,0,346,24773,6879,72.23,1
2025-05-01,RK5,NHS ENGLAND MIDLANDS ,SHERWOOD FOREST HOSPITALS NHS FOUNDATION TRUST,11073,0,5880,331,0,143,3370,0,167,128,0,1,442,73,3657,0,0,241,16953,3537,79.14,1
2025-05-01,RK9,NHS ENGLAND SOUTH WEST ,UNIVERSITY HOSPITALS PLYMOUTH NHS TRUST,9650,148,6077,0,0,0,4636,0,133,0,0,0,634,526,2899,0,0,1635,15875,4769,69.96,1
2025-05-01,RMC,NHS ENGLAND NORTH WEST ,BOLTON NHS FOUNDATION TRUST,8145,0,4199,61,0,39,3494,0,190,18,0,0,519,196,2521,0,151,921,12344,3684,70.16,1
2025-05-01,RMP,NHS ENGLAND NORTH WEST ,TAMESIDE AND GLOSSOP INTEGRATED CARE NHS FOUNDATION TRUST,9055,0,2637,385,0,94,4663,0,13,0,0,0,411,650,1592,0,0,275,11692,4676,60.01,1
2025-05-01,RN7,NHS ENGLAND SOUTH EAST ,DARTFORD AND GRAVESHAM NHS TRUST,11360,0,4308,0,0,0,4453,0,25,0,0,0,454,579,3129,0,0,427,15668,4478,71.42,1
2025-05-01,RNA,NHS ENGLAND MIDLANDS ,THE DUDLEY GROUP NHS FOUNDATION TRUST,10164,0,4027,0,0,688,3043,0,65,0,0,0,1888,144,3450,0,0,2858,14191,3108,78.1,1
2025-05-01,RNQ,NHS ENGLAND MIDLANDS ,KETTERING GENERAL HOSPITAL NHS FOUNDATION TRUST,10011,0,8406,341,0,0,3732,0,133,0,0,0,639,788,2031,0,0,261,18417,3865,79.01,1
2025-05-01,RP5,NHS ENGLAND NORTH EAST AND YORKSHIRE ,DONCASTER AND BASSETLAW TEACHING HOSPITALS NHS FOUNDATION TRUST,13955,0,4362,0,0,0,4718,0,46,0,0,0,1100,113,3975,0,420,997,18317,4764,73.99,1
2025-05-01,RPA,NHS ENGLAND SOUTH EAST ,MEDWAY NHS FOUNDATION TRUST,9610,0,6563,345,0,1113,3160,0,407,72,0,0,398,533,1844,0,0,477,16173,3567,77.94,1
2025-05-01,RTQ,NHS ENGLAND SOUTH WEST ,GLOUCESTERSHIRE HEALTH AND CARE NHS FOUNDATION TRUST,0,0,8995,0,0,0,0,0,120,0,0,0,0,0,0,0,0,21,8995,120,98.67,0
2025-05-01,RTR,NHS ENGLAND NORTH EAST AND YORKSHIRE ,SOUTH TEES HOSPITALS NHS FOUNDATION TRUST,7284,0,9912,0,0,1719,3697,0,602,0,0,47,298,6,2651,0,111,2348,17196,4299,75.0,1
2025-05-01,RTX,NHS ENGLAND NORTH WEST ,UNIVERSITY HOSPITALS OF MORECAMBE BAY NHS FOUNDATION TRUST,9591,0,3251,155,0,1465,3396,0,109,16,0,39,622,280,3194,0,19,967,12842,3505,72.71,1
2025-05-01,RVJ,NHS ENGLAND SOUTH WEST ,NORTH BRISTOL NHS TRUST,9454,0,0,34,0,0,3458,0,0,9,0,0,603,366,2654,0,0,2200,9454,3458,63.42,1
2025-05-01,RVV,NHS ENGLAND SOUTH EAST ,EAST KENT HOSPITALS UNIVERSITY NHS FOUNDATION TRUST,12541,0,13343,0,0,0,5695,0,358,0,0,0,452,1210,2957,0,594,517,25884,6053,76.61,1
2025-05-01,RVW,NHS ENGLAND NORTH EAST AND YORKSHIRE ,NORTH TEES AND HARTLEPOOL NHS FOUNDATION TRUST,4893,0,11483,0,0,0,2330,0,18,0,0,0,161,1,1643,0,476,2373,16376,2348,85.66,1
2025-05-01,RWE,NHS ENGLAND MIDLANDS ,UNIVERSITY HOSPITALS OF LEICESTER NHS TRUST,22382,1978,0,0,0,0,9216,159,0,0,0,0,1435,609,6579,3,0,3631,24360,9375,61.51,1
2025-05-01,RWF,NHS ENGLAND SOUTH EAST ,MAIDSTONE AND TUNBRIDGE WELLS NHS TRUST,18728,0,2370,928,0,200,3906,0,26,147,0,0,1010,111,5136,0,0,1002,21098,3932,81.36,1
2025-05-01,RWX,NHS ENGLAND SOUTH EAST ,BERKSHIRE HEALTHCARE NHS FOUNDATION TRUST,0,0,1662,0,0,0,0,0,8,0,0,0,0,0,0,0,40,0,1662,8,99.52,0
2025-05-01,RXF,NHS ENGLAND NORTH EAST AND YORKSHIRE ,MID YORKSHIRE TEACHING NHS TRUST,17183,127,6434,124,0,108,6363,0,139,0,0,0,1995,175,3679,0,171,848,23744,6502,72.62,1
2025-05-01,RXL,NHS ENGLAND NORTH WEST ,BLACKPOOL TEACHING HOSPITALS NHS FOUNDATION TRUST,9115,0,10342,451,0,392,4185,0,70,158,0,0,677,367,2825,0,0,1772,19457,4255,78.13,1
2025-05-01,RXQ,NHS ENGLAND SOUTH EAST ,BUCKINGHAMSHIRE HEALTHCARE NHS TRUST,10764,1269,3107,0,0,0,3303,0,95,0,0,0,275,252,4052,929,0,2189,15140,3398,77.56,1
2025-05-01,RXR,NHS ENGLAND NORTH WEST ,EAST LANCASHIRE HOSPITALS NHS TRUST,13655,0,11300,0,0,0,4634,0,440,0,0,0,532,1119,3950,0,78,1544,24955,5074,79.67,1
2025-05-01,RYR,NHS ENGLAND SOUTH EAST ,UNIVERSITY HOSPITALS SUSSEX NHS FOUNDATION TRUST,27027,1541,2028,1836,0,787,9659,22,211,432,0,8,720,588,9033,38,99,1559,30596,9892,67.67,1
2025-05-01,A5D4Q,NHS ENGLAND MIDLANDS ,NEMS UTC,0,0,3404,0,0,0,0,0,776,0,0,0,0,0,0,0,0,0,3404,776,77.2,1
2025-05-01,ACH01,NHS ENGLAND SOUTH EAST ,WHITSTABLE MEDICAL PRACTICE,0,0,5069,0,0,0,0,0,0,0,0,0,0,0,0,0,0,0,5069,0,100.0,0
2025-05-01,G3P9C,NHS ENGLAND SOUTH WEST ,TROWBRIDGE MINOR INJURIES UNIT,0,0,980,0,0,0,0,0,1,0,0,0,0,0,0,0,0,0,980,1,99.9,0
2025-05-01,NNJ07,NHS ENGLAND MIDLANDS ,LOUGHBOROUGH URGENT CARE CENTRE,0,0,5526,0,0,2573,0,0,23,0,0,3,0,0,0,0,0,0,5526,23,99.58,0
2025-05-01,NNJ0H,NHS ENGLAND MIDLANDS ,LLR EA - THE MERLYN VAZ HEALTH & SOCIAL CARE CENTRE,0,0,209,0,0,2266,0,0,0,0,0,0,0,0,0,0,0,0,209,0,100.0,0
2025-05-01,NNJ12,NHS ENGLAND MIDLANDS ,MARKET HARBOROUGH,0,0,128,0,0,471,0,0,0,0,0,0,0,0,0,0,0,0,128,0,100.0,0
2025-05-01,NNJ13,NHS ENGLAND MIDLANDS ,MELTON MOWBRAY,0,0,65,0,0,442,0,0,0,0,0,0,0,0,0,0,0,0,65,0,100.0,0
2025-05-01,NNJ14,NHS ENGLAND MIDLANDS ,OADBY,0,0,598,0,0,2299,0,0,0,0,0,0,0,0,0,0,0,0,598,0,100.0,0
2025-05-01,NNJ15,NHS ENGLAND MIDLANDS ,OAKHAM,0,0,83,0,0,413,0,0,0,0,0,0,0,0,0,0,0,0,83,0,100.0,0
2025-05-01,NQT1I,NHS ENGLAND SOUTH WEST ,CHIPPENHAM COMMUNITY HOSPITAL,0,0,1761,0,0,0,0,0,20,0,0,0,0,0,0,0,0,0,1761,20,98.86,0
2025-05-01,RA2,NHS ENGLAND SOUTH EAST ,ROYAL SURREY COUNTY HOSPITAL NHS FOUNDATION TRUST,6751,0,1863,784,0,11,2154,0,0,217,0,0,372,12,2498,0,0,1017,8614,2154,74.99,1
2025-05-01,RAL,NHS ENGLAND LONDON,ROYAL FREE LONDON NHS FOUNDATION TRUST,25947,559,16664,155,6,173,9265,4,774,58,0,26,1234,1606,5344,1,69,758,43170,10043,76.74,1
2025-05-01,RC9,NHS ENGLAND EAST OF ENGLAND ,BEDFORDSHIRE HOSPITALS NHS FOUNDATION TRUST,16670,0,8159,0,0,875,6174,0,0,0,0,0,82,5,4772,0,0,2379,24829,6174,75.13,1
2025-05-01,RD8,NHS ENGLAND EAST OF ENGLAND ,MILTON KEYNES UNIVERSITY HOSPITAL NHS FOUNDATION TRUST,8137,0,4920,815,0,167,2996,0,18,353,0,0,726,0,2273,0,0,417,13057,3014,76.92,1
2025-05-01,RH8,NHS ENGLAND SOUTH WEST ,ROYAL DEVON UNIVERSITY HEALTHCARE NHS FOUNDATION TRUST,13179,0,4543,1361,0,89,5256,0,19,486,0,2,861,170,3702,0,0,1756,17722,5275,70.23,1
2025-05-01,RHQ,NHS ENGLAND NORTH EAST AND YORKSHIRE ,SHEFFIELD TEACHING HOSPITALS NHS FOUNDATION TRUST,8804,1070,7663,428,4,1494,4571,0,217,209,0,34,865,9,3567,0,0,3036,17537,4788,72.7,1
2025-05-01,RJ2,NHS ENGLAND LONDON,LEWISHAM AND GREENWICH NHS TRUST,15988,0,9699,0,0,0,8024,0,258,0,0,0,1305,726,4331,0,0,614,25687,8282,67.76,1
2025-05-01,RKB,NHS ENGLAND MIDLANDS ,UNIVERSITY HOSPITALS COVENTRY AND WARWICKSHIRE NHS TRUST,12377,1391,6215,0,0,0,5168,89,184,0,0,0,90,31,1568,45,34,351,19983,5441,72.77,1
2025-05-01,RKE,NHS ENGLAND LONDON,WHITTINGTON HEALTH NHS TRUST,9198,0,0,0,0,0,2615,0,0,0,0,0,256,167,1353,0,0,54,9198,2615,71.57,1
2025-05-01,RNN,NHS ENGLAND NORTH EAST AND YORKSHIRE ,NORTH CUMBRIA INTEGRATED CARE NHS FOUNDATION TRUST,9176,0,2193,352,0,0,3794,0,16,91,0,0,657,426,2176,0,0,748,11369,3810,66.49,1
2025-05-01,RNS,NHS ENGLAND MIDLANDS ,NORTHAMPTON GENERAL HOSPITAL NHS TRUST,10430,541,2171,0,0,0,4313,23,83,0,0,0,746,622,2353,0,0,888,13142,4419,66.37,1
2025-05-01,RNZ,NHS ENGLAND SOUTH WEST ,SALISBURY NHS FOUNDATION TRUST,4928,338,1925,201,0,0,2094,0,0,99,0,0,430,53,1356,0,0,970,7191,2094,70.88,1
2025-05-01,RQM,NHS ENGLAND LONDON,CHELSEA AND WESTMINSTER HOSPITAL NHS FOUNDATION TRUST,20275,0,6380,658,0,0,5543,0,65,0,0,0,733,55,2849,0,0,317,26655,5608,78.96,1
2025-05-01,RR7,NHS ENGLAND NORTH EAST AND YORKSHIRE ,GATESHEAD HEALTH NHS FOUNDATION TRUST,5902,0,4034,24,0,4,2036,0,50,10,0,0,459,1,1686,0,0,50,9936,2086,79.01,1
2025-05-01,RR8,NHS ENGLAND NORTH EAST AND YORKSHIRE ,LEEDS TEACHING HOSPITALS NHS TRUST,18042,689,12282,44,0,328,7129,0,236,16,0,0,1663,331,3729,0,0,1139,31013,7365,76.25,1
2025-05-01,RRK,NHS ENGLAND MIDLANDS ,UNIVERSITY HOSPITALS BIRMINGHAM NHS FOUNDATION TRUST,35801,294,1955,0,0,219,14957,0,134,0,0,11,2720,1863,10220,0,0,7048,38050,15091,60.34,1
2025-05-01,RTE,NHS ENGLAND SOUTH WEST ,GLOUCESTERSHIRE HOSPITALS NHS FOUNDATION TRUST,13825,0,0,272,0,0,5194,0,0,62,0,0,451,395,2937,0,0,2659,13825,5194,62.43,1
2025-05-01,RTG,NHS ENGLAND MIDLANDS ,UNIVERSITY HOSPITALS OF DERBY AND BURTON NHS FOUNDATION TRUST,18783,0,9789,3919,0,24,8654,0,3,401,0,0,1123,850,4266,0,2,1873,28572,8657,69.7,1
2025-05-01,RWD,NHS ENGLAND MIDLANDS ,UNITED LINCOLNSHIRE TEACHING HOSPITALS NHS TRUST,17298,0,3864,0,0,0,6855,0,350,0,0,0,1075,942,4758,0,0,1106,21162,7205,65.95,1
2025-05-01,RWG,NHS ENGLAND EAST OF ENGLAND ,WEST HERTFORDSHIRE TEACHING HOSPITALS NHS TRUST,8361,0,7948,0,0,825,2756,0,33,0,0,0,762,30,4420,0,0,551,16309,2789,82.9,1
2025-05-01,RWW,NHS ENGLAND NORTH WEST ,WARRINGTON AND HALTON TEACHING HOSPITALS NHS FOUNDATION TRUST,7196,0,3319,300,0,46,3702,0,45,96,0,1,804,760,1802,0,0,128,10515,3747,64.37,1
2025-05-01,RXW,NHS ENGLAND MIDLANDS ,THE SHREWSBURY AND TELFORD HOSPITAL NHS TRUST,11139,0,2719,0,0,0,6432,0,567,0,0,0,488,1379,3189,0,156,1997,13858,6999,49.49,1
2025-05-01,RY4,NHS ENGLAND EAST OF ENGLAND ,HERTFORDSHIRE COMMUNITY NHS TRUST,0,0,1194,0,0,0,0,0,91,0,0,0,0,0,0,0,0,0,1194,91,92.38,1
2025-05-01,RYY,NHS ENGLAND SOUTH EAST ,KENT COMMUNITY HEALTH NHS FOUNDATION TRUST,0,0,9707,0,0,0,0,0,26,0,0,0,0,0,0,0,0,0,9707,26,99.73,0
2025-05-01,Y02147,NHS ENGLAND LONDON,URGENT CARE CENTRE (QMS),0,0,8062,0,0,417,0,0,125,0,0,0,0,0,0,0,0,0,8062,125,98.45,0
2025-05-01,G0Q0L,NHS ENGLAND LONDON,BARKING HOSPITAL UTC,0,0,2788,0,0,0,0,0,34,0,0,0,0,0,0,0,0,0,2788,34,98.78,0
2025-05-01,K6K0R,NHS ENGLAND LONDON,HAROLD WOOD POLYCLINIC UTC,0,0,2625,0,0,0,0,0,18,0,0,0,0,0,0,0,0,0,2625,18,99.31,0
2025-05-01,R0D,NHS ENGLAND SOUTH WEST ,UNIVERSITY HOSPITALS DORSET NHS FOUNDATION TRUST,14445,0,5561,0,0,0,5845,0,0,0,0,0,752,127,4319,3,0,2459,20006,5845,70.78,1
2025-05-01,RAJ,NHS ENGLAND EAST OF ENGLAND ,MID AND SOUTH ESSEX NHS FOUNDATION TRUST,31033,0,4064,4,0,1,10241,0,108,2,0,0,2666,378,8299,0,135,1349,35097,10349,70.51,1
2025-05-01,RAT,NHS ENGLAND LONDON,NORTH EAST LONDON NHS FOUNDATION TRUST,0,0,2020,0,0,0,0,0,80,0,0,0,0,0,0,0,0,0,2020,80,96.04,0
2025-05-01,RDR,NHS ENGLAND SOUTH EAST ,SUSSEX COMMUNITY NHS FOUNDATION TRUST,0,0,12214,0,0,0,0,0,165,0,0,0,0,0,0,0,0,0,12214,165,98.65,0
2025-05-01,REM,NHS ENGLAND NORTH WEST ,LIVERPOOL UNIVERSITY HOSPITALS NHS FOUNDATION TRUST,16266,1903,8289,515,0,0,7834,18,157,70,0,0,1918,852,4853,0,0,2207,26458,8009,69.73,1
2025-05-01,RF4,NHS ENGLAND LONDON,"BARKING, HAVERING AND REDBRIDGE UNIVERSITY HOSPITALS NHS TRUST",13616,2405,14880,0,0,0,5949,283,197,0,0,0,735,642,8247,0,0,370,30901,6429,79.19,1
2025-05-01,RGN,NHS ENGLAND EAST OF ENGLAND ,NORTH WEST ANGLIA NHS FOUNDATION TRUST,14921,0,4675,286,0,426,6334,0,189,70,0,13,578,838,3520,0,45,1344,19596,6523,66.71,1
2025-05-01,RHM,NHS ENGLAND SOUTH EAST ,UNIVERSITY HOSPITAL SOUTHAMPTON NHS FOUNDATION TRUST,12346,1355,0,14,0,0,5402,178,0,8,0,0,472,15,3878,15,0,1523,13701,5580,59.27,1
2025-05-01,RJ1,NHS ENGLAND LONDON,GUY'S AND ST THOMAS' NHS FOUNDATION TRUST,10064,719,7309,0,0,0,3483,52,247,0,0,0,103,69,2074,0,0,188,18092,3782,79.1,1
2025-05-01,RJ6,NHS ENGLAND LONDON,CROYDON HEALTH SERVICES NHS TRUST,13210,0,5278,0,0,0,4123,0,0,0,0,0,254,873,1189,0,0,131,18488,4123,77.7,1
2025-05-01,RM1,NHS ENGLAND EAST OF ENGLAND ,NORFOLK AND NORWICH UNIVERSITY HOSPITALS NHS FOUNDATION TRUST,13181,0,7869,0,0,0,3914,0,6,0,0,0,911,198,2585,0,0,1565,21050,3920,81.38,1
2025-05-01,RN3,NHS ENGLAND SOUTH WEST ,GREAT WESTERN HOSPITALS NHS FOUNDATION TRUST,5509,0,5600,0,0,0,2868,0,434,0,0,0,533,355,2506,0,0,1266,11109,3302,70.28,1
2025-05-01,RN5,NHS ENGLAND SOUTH EAST ,HAMPSHIRE HOSPITALS NHS FOUNDATION TRUST,11189,65,3433,0,0,109,4945,0,138,0,0,0,254,40,4005,9,40,1481,14687,5083,65.39,1
2025-05-01,RQ3,NHS ENGLAND MIDLANDS ,BIRMINGHAM WOMEN'S AND CHILDREN'S NHS FOUNDATION TRUST,5061,0,0,0,0,0,1073,0,0,0,0,0,3,5,719,0,0,349,5061,1073,78.8,1
2025-05-01,RTF,NHS ENGLAND NORTH EAST AND YORKSHIRE ,NORTHUMBRIA HEALTHCARE NHS FOUNDATION TRUST,9963,0,13656,0,0,0,2254,0,7,0,0,0,14,0,4100,0,14,443,23619,2261,90.43,1
2025-05-01,RWH,NHS ENGLAND EAST OF ENGLAND ,EAST AND NORTH HERTFORDSHIRE NHS TRUST,8815,0,8659,0,0,0,4414,0,86,0,0,0,220,132,2828,0,8,216,17474,4500,74.25,1
2025-05-01,RXC,NHS ENGLAND SOUTH EAST ,EAST SUSSEX HEALTHCARE NHS TRUST,8442,0,2476,2251,0,1525,3019,0,30,0,0,0,184,20,3122,0,0,539,10918,3049,72.07,1
2025-05-01,RXK,NHS ENGLAND MIDLANDS ,SANDWELL AND WEST BIRMINGHAM HOSPITALS NHS TRUST,11353,1283,8458,348,0,0,4165,227,176,144,0,0,702,145,2680,0,0,532,21094,4568,78.34,1
2025-05-01,RXN,NHS ENGLAND NORTH WEST ,LANCASHIRE TEACHING HOSPITALS NHS FOUNDATION TRUST,12077,0,3555,274,0,130,4478,0,121,44,0,2,1008,476,3015,0,112,1460,15632,4599,70.58,1
2025-05-01,RXP,NHS ENGLAND NORTH EAST AND YORKSHIRE ,COUNTY DURHAM AND DARLINGTON NHS FOUNDATION TRUST,13233,0,4259,0,0,7722,5320,0,0,0,0,0,2030,13,4487,0,0,710,17492,5320,69.59,1
2025-05-01,RYJ,NHS ENGLAND LONDON,IMPERIAL COLLEGE HEALTHCARE NHS TRUST,12279,4092,7480,0,0,489,5451,74,443,0,0,0,749,366,3806,0,0,1154,23851,5968,74.98,1
2025-05-01,C83023,NHS ENGLAND MIDLANDS ,SLEAFORD MEDICAL GROUP,0,0,537,0,0,0,0,0,0,0,0,0,0,0,0,0,0,2,537,0,100.0,0
2025-05-01,NNJ,NHS ENGLAND MIDLANDS ,DHU HEALTH CARE C.I.C,0,0,2031,0,0,0,0,0,0,0,0,0,0,0,0,0,0,0,2031,0,100.0,0
2025-05-01,R1D,NHS ENGLAND MIDLANDS ,SHROPSHIRE COMMUNITY HEALTH NHS TRUST,0,0,3432,0,0,1,0,0,59,0,0,0,0,0,0,0,0,0,3432,59,98.28,0
2025-05-01,RCF,NHS ENGLAND NORTH EAST AND YORKSHIRE ,AIREDALE NHS FOUNDATION TRUST,6214,198,0,517,0,0,2200,0,0,0,0,0,270,47,1592,0,0,468,6412,2200,65.69,1
2025-05-01,RD1,NHS ENGLAND SOUTH WEST ,ROYAL UNITED HOSPITALS BATH NHS FOUNDATION TRUST,9233,0,0,0,0,0,3836,0,0,0,0,0,803,83,2696,0,18,1879,9233,3836,58.45,1
2025-05-01,RGT,NHS ENGLAND EAST OF ENGLAND ,CAMBRIDGE UNIVERSITY HOSPITALS NHS FOUNDATION TRUST,10784,0,5981,306,0,335,4546,0,93,78,0,7,589,207,2926,0,32,466,16765,4639,72.33,1
2025-05-01,RJ7,NHS ENGLAND LONDON,ST GEORGE'S UNIVERSITY HOSPITALS NHS FOUNDATION TRUST,8770,0,3900,564,0,0,2775,0,0,86,0,0,497,836,2732,0,0,802,12670,2775,78.1,1
2025-05-01,RRF,NHS ENGLAND NORTH WEST ,"WRIGHTINGTON, WIGAN AND LEIGH NHS FOUNDATION TRUST",7397,0,5398,0,0,0,3496,0,59,0,0,0,1193,367,2293,0,0,616,12795,3555,72.22,1
2025-05-01,RVR,NHS ENGLAND LONDON,EPSOM AND ST HELIER UNIVERSITY HOSPITALS NHS TRUST,11686,0,1714,122,0,23,4163,0,29,21,0,2,438,975,2332,0,0,182,13400,4192,68.72,1
2025-05-01,RWJ,NHS ENGLAND NORTH WEST ,STOCKPORT NHS FOUNDATION TRUST,8299,0,1098,290,0,1223,3564,0,77,124,0,7,834,316,2693,0,55,845,9397,3641,61.25,1
2025-05-01,RX1,NHS ENGLAND MIDLANDS ,NOTTINGHAM UNIVERSITY HOSPITALS NHS TRUST,13644,2131,0,0,0,0,6813,80,0,0,0,0,311,460,4186,0,715,4283,15775,6893,56.3,1
2025-05-01,RDE,NHS ENGLAND EAST OF ENGLAND ,EAST SUFFOLK AND NORTH ESSEX NHS FOUNDATION TRUST,11965,0,14416,1257,0,715,5845,0,402,0,0,0,993,470,6163,0,369,1042,26381,6247,76.32,1
2025-05-01,RH5,NHS ENGLAND SOUTH WEST ,SOMERSET NHS FOUNDATION TRUST,13063,0,9703,0,0,0,5905,0,246,0,0,0,518,139,3173,0,0,1522,22766,6151,72.98,1
2025-05-01,RM3,NHS ENGLAND NORTH WEST ,NORTHERN CARE ALLIANCE NHS FOUNDATION TRUST,26590,0,8696,0,0,0,10741,0,503,0,0,0,1156,1113,7169,0,368,2221,35286,11244,68.13,1
2025-05-01,RRV,NHS ENGLAND LONDON,UNIVERSITY COLLEGE LONDON HOSPITALS NHS FOUNDATION TRUST,13685,0,0,473,0,0,4240,0,0,0,0,0,398,141,1432,0,0,270,13685,4240,69.02,1
2025-05-01,RPC,NHS ENGLAND SOUTH EAST ,QUEEN VICTORIA HOSPITAL NHS FOUNDATION TRUST,0,0,1544,0,0,0,0,0,33,0,0,0,0,0,0,0,11,591,1544,33,97.86,0
2025-05-01,RTH,NHS ENGLAND SOUTH EAST ,OXFORD UNIVERSITY HOSPITALS NHS FOUNDATION TRUST,12792,1906,3777,1779,0,130,4421,0,10,494,0,3,714,0,4672,115,19,4270,18475,4431,76.02,1
2025-05-01,RBL,NHS ENGLAND NORTH WEST ,WIRRAL UNIVERSITY TEACHING HOSPITAL NHS FOUNDATION TRUST,7728,0,3086,0,0,169,3975,0,86,0,0,8,451,827,2068,0,0,1673,10814,4061,62.45,1
2025-05-01,R1H,NHS ENGLAND LONDON,BARTS HEALTH NHS TRUST,25866,923,19100,0,0,0,11713,39,1900,0,0,0,1229,988,4380,0,56,1226,45889,13652,70.25,1
2025-05-01,R1K,NHS ENGLAND LONDON,LONDON NORTH WEST UNIVERSITY HEALTHCARE NHS TRUST,14049,0,15575,0,0,0,7049,0,142,0,0,0,650,403,6445,0,0,212,29624,7191,75.73,1
2025-05-01,RHU,NHS ENGLAND SOUTH EAST ,PORTSMOUTH HOSPITALS UNIVERSITY NHS TRUST,10593,859,3136,1883,0,888,4126,9,29,517,0,18,1032,373,3046,0,0,2567,14588,4164,71.46,1
2025-05-01,RFS,NHS ENGLAND MIDLANDS ,CHESTERFIELD ROYAL HOSPITAL NHS FOUNDATION TRUST,7119,0,6319,351,0,161,3319,0,321,142,0,24,878,95,2296,0,176,331,13438,3640,72.91,1
2025-05-01,RLT,NHS ENGLAND MIDLANDS ,GEORGE ELIOT HOSPITAL NHS TRUST,7048,0,1704,0,0,0,2766,0,46,0,0,0,426,284,1113,0,0,0,8752,2812,67.87,1
2025-05-01,RTD,NHS ENGLAND NORTH EAST AND YORKSHIRE ,THE NEWCASTLE UPON TYNE HOSPITALS NHS FOUNDATION TRUST,12515,1701,6488,0,0,1084,4128,208,0,0,0,0,445,26,3731,23,0,2834,20704,4336,79.06,1
2024-04-01,AAH,NHS ENGLAND SOUTH WEST ,TETBURY HOSPITAL TRUST LTD,0,0,546,0,0,0,0,0,0,0,0,0,0,0,0,0,0,0,546,0,100.0,0
2024-04-01,AD913,NHS ENGLAND LONDON,BECKENHAM BEACON UCC,0,0,3694,0,0,104,0,0,17,0,0,0,0,0,0,0,0,0,3694,17,99.54,0
2024-04-01,AQN04,NHS ENGLAND SOUTH EAST ,PHL LYMINGTON UTC,0,0,2897,0,0,7,0,0,8,0,0,0,0,0,0,0,0,0,2897,8,99.72,0
2024-04-01,L83087,NHS ENGLAND SOUTH WEST ,OKEHAMPTON MEDICAL CENTRE,0,0,65,0,0,0,0,0,0,0,0,0,0,0,0,0,0,0,65,0,100.0,0
2024-04-01,NQTE4,NHS ENGLAND MIDLANDS ,SUMMERFIELD URGENT CARE CENTRE,0,0,3251,0,0,0,0,0,0,0,0,0,0,0,0,0,0,0,3251,0,100.0,0
2024-04-01,RA9,NHS ENGLAND SOUTH WEST ,TORBAY AND SOUTH DEVON NHS FOUNDATION TRUST,6247,0,3233,0,0,0,3037,0,12,0,0,0,315,86,1686,0,0,989,9480,3049,67.84,1
2024-04-01,RWY,NHS ENGLAND NORTH EAST AND YORKSHIRE ,CALDERDALE AND HUDDERSFIELD NHS FOUNDATION TRUST,15028,0,0,0,0,0,4313,0,0,0,0,0,1354,2,2969,0,0,179,15028,4313,71.3,1
2024-04-01,RXQ,NHS ENGLAND SOUTH EAST ,BUCKINGHAMSHIRE HEALTHCARE NHS TRUST,9767,1186,3547,0,0,0,3673,0,118,0,0,0,321,265,3741,824,0,1784,14500,3791,73.86,1
2024-04-01,RY7,NHS ENGLAND NORTH WEST ,WIRRAL COMMUNITY HEALTH AND CARE NHS FOUNDATION TRUST,0,0,4382,0,0,0,0,0,101,0,0,0,0,0,0,0,0,0,4382,101,97.7,0
2024-04-01,RY8,NHS ENGLAND MIDLANDS ,DERBYSHIRE COMMUNITY HEALTH SERVICES NHS FOUNDATION TRUST,0,0,6272,0,0,1630,0,0,31,0,0,2,0,0,0,0,0,0,6272,31,99.51,0
2024-04-01,Y02532,NHS ENGLAND NORTH WEST ,MIRIAM MINOR EMERGENCY,0,0,1706,0,0,0,0,0,13,0,0,0,0,0,0,0,0,0,1706,13,99.24,0
2024-04-01,Y02615,NHS ENGLAND MIDLANDS ,SOUTH BIRMINGHAM GP WALK IN CENTRE,0,0,6526,0,0,0,0,0,0,0,0,0,0,0,0,0,0,0,6526,0,100.0,0
2024-04-01,Y03218,NHS ENGLAND LONDON,THE PINN UNREGISTERED WIC,0,0,924,0,0,0,0,0,0,0,0,0,0,0,0,0,0,0,924,0,100.0,0
2024-04-01,DT301,NHS ENGLAND EAST OF ENGLAND ,HERTS URGENT CARE (ASCOTS LANE),0,0,2273,0,0,0,0,0,17,0,0,0,0,0,0,0,0,0,2273,17,99.25,0
2024-04-01,NQT5F,NHS ENGLAND NORTH WEST ,SKELMERSDALE WALK IN CENTRE,0,0,1871,0,0,0,0,0,5,0,0,0,0,0,0,0,0,0,1871,5,99.73,0
2024-04-01,NQT5H,NHS ENGLAND SOUTH WEST ,PAULTON MEMORIAL HOSPITAL,0,0,925,0,0,0,0,0,8,0,0,0,0,0,0,0,0,0,925,8,99.14,0
2024-04-01,NTPAD,NHS ENGLAND SOUTH EAST ,PRACTICE PLUS GROUP SURGICAL CENTRE - ST MARYS PORTSMOUTH,0,0,5566,0,0,327,0,0,238,0,0,2,0,0,0,0,0,0,5566,238,95.72,0
2024-04-01,NTV0B,NHS ENGLAND SOUTH EAST ,ASHFORD WALK-IN-CENTRE,0,0,2476,0,0,0,0,0,51,0,0,0,0,0,0,0,0,0,2476,51,97.94,0
2024-04-01,NTV0W,NHS ENGLAND SOUTH EAST ,WOKING WALK IN CENTRE,0,0,2482,0,0,0,0,0,89,0,0,0,0,0,0,0,0,0,2482,89,96.41,0
2024-04-01,RFF,NHS ENGLAND NORTH EAST AND YORKSHIRE ,BARNSLEY HOSPITAL NHS FOUNDATION TRUST,8335,0,0,432,0,0,2671,0,0,0,0,0,456,0,2872,0,0,470,8335,2671,67.95,1
2024-04-01,RPC,NHS ENGLAND SOUTH EAST ,QUEEN VICTORIA HOSPITAL NHS FOUNDATION TRUST,0,0,1400,0,0,0,0,0,6,0,0,0,0,0,0,0,3,493,1400,6,99.57,0
2024-04-01,RRV,NHS ENGLAND LONDON,UNIVERSITY COLLEGE LONDON HOSPITALS NHS FOUNDATION TRUST,12195,0,0,545,0,0,4209,0,0,0,0,0,419,144,1364,0,0,276,12195,4209,65.49,1
2024-04-01,Y02147,NHS ENGLAND LONDON,URGENT CARE CENTRE (QMS),0,0,7556,0,0,592,0,0,304,0,0,3,0,0,0,0,0,0,7556,304,95.98,0
2024-04-01,AXG,NHS ENGLAND SOUTH WEST ,WILTSHIRE HEALTH & CARE,0,0,2355,0,0,0,0,0,24,0,0,0,0,0,0,0,0,0,2355,24,98.98,0
2024-04-01,C82038,NHS ENGLAND MIDLANDS ,LATHAM HOUSE MEDICAL PRACTICE,0,0,274,0,0,0,0,0,0,0,0,0,0,0,0,0,0,0,274,0,100.0,0
2024-04-01,G0Q0L,NHS ENGLAND LONDON,BARKING HOSPITAL UTC,0,0,2758,0,0,0,0,0,34,0,0,0,0,0,0,0,0,0,2758,34,98.77,0
2024-04-01,K6K0R,NHS ENGLAND LONDON,HAROLD WOOD POLYCLINIC UTC,0,0,2858,0,0,0,0,0,37,0,0,0,0,0,0,0,0,0,2858,37,98.71,0
2024-04-01,NTP11,NHS ENGLAND SOUTH EAST ,PRACTICE PLUS GROUP HOSPITAL - SOUTHAMPTON,0,0,5442,0,0,0,0,0,353,0,0,0,0,0,0,0,0,0,5442,353,93.51,1
2024-04-01,REM,NHS ENGLAND NORTH WEST ,LIVERPOOL UNIVERSITY HOSPITALS NHS FOUNDATION TRUST,14949,1654,7385,465,0,0,6916,196,466,69,0,0,2040,1268,4976,0,0,2327,23988,7578,68.41,1
2024-04-01,RQX,NHS ENGLAND LONDON,HOMERTON HEALTHCARE NHS FOUNDATION TRUST,10569,0,0,27,0,0,1770,0,0,0,0,0,158,17,1702,0,0,321,10569,1770,83.25,1
2024-04-01,Y02676,NHS ENGLAND SOUTH EAST ,BRIGHTON STATION HEALTH CENTRE,0,0,1953,0,0,0,0,0,0,0,0,0,0,0,0,0,0,0,1953,0,100.0,0
2024-04-01,Y07709,NHS ENGLAND SOUTH EAST ,READING URGENT CARE CENTRE,0,0,2165,0,0,0,0,0,0,0,0,0,0,0,0,0,0,0,2165,0,100.0,0
2024-04-01,NQT51,NHS ENGLAND SOUTH EAST ,STATION PLAZA HEALTH CENTRE,0,0,1625,0,0,0,0,0,0,0,0,0,0,0,0,0,0,0,1625,0,100.0,0
2024-04-01,RJN,NHS ENGLAND NORTH WEST ,EAST CHESHIRE NHS TRUST,4227,0,0,67,0,42,2040,0,0,0,0,0,265,144,848,0,0,188,4227,2040,51.74,1
2024-04-01,RNS,NHS ENGLAND MIDLANDS ,NORTHAMPTON GENERAL HOSPITAL NHS TRUST,11308,594,2420,19,0,0,3500,17,55,13,0,0,337,907,1885,0,0,1130,14322,3572,75.06,1
2024-04-01,RW4,NHS ENGLAND NORTH WEST ,MERSEY CARE NHS FOUNDATION TRUST,0,0,10698,0,0,0,0,0,587,0,0,0,0,0,0,0,0,53,10698,587,94.51,1
2024-04-01,NNJ,NHS ENGLAND MIDLANDS ,DHU HEALTH CARE C.I.C,0,0,2054,0,0,0,0,0,2,0,0,0,0,0,0,0,0,0,2054,2,99.9,0
2024-04-01,R0B,NHS ENGLAND NORTH EAST AND YORKSHIRE ,SOUTH TYNESIDE AND SUNDERLAND NHS FOUNDATION TRUST,11076,1348,5875,463,0,1423,5043,36,110,227,0,26,695,3,4348,17,0,1119,18299,5189,71.64,1
2024-04-01,RFR,NHS ENGLAND NORTH EAST AND YORKSHIRE ,THE ROTHERHAM NHS FOUNDATION TRUST,8172,0,0,0,0,0,2707,0,0,0,0,0,593,2,2978,0,0,530,8172,2707,66.87,1
2024-04-01,RW1,NHS ENGLAND SOUTH EAST ,SOUTHERN HEALTH NHS FOUNDATION TRUST,0,0,3132,0,0,0,0,0,74,0,0,0,0,0,0,0,1,141,3132,74,97.64,0
2024-04-01,RWG,NHS ENGLAND EAST OF ENGLAND ,WEST HERTFORDSHIRE TEACHING HOSPITALS NHS TRUST,8081,0,7466,0,0,771,3123,0,329,0,0,2,841,1,3826,0,0,526,15547,3452,77.8,1
2024-04-01,RYY,NHS ENGLAND SOUTH EAST ,KENT COMMUNITY HEALTH NHS FOUNDATION TRUST,0,0,10020,0,0,0,0,0,37,0,0,0,0,0,0,0,0,0,10020,37,99.63,0
2024-04-01,Y02428,NHS ENGLAND EAST OF ENGLAND ,PUTNOE WALK IN CENTRE,0,0,3102,0,0,0,0,0,0,0,0,0,0,0,0,0,0,0,3102,0,100.0,0
2024-04-01,ACH01,NHS ENGLAND SOUTH EAST ,WHITSTABLE MEDICAL PRACTICE,0,0,4419,0,0,0,0,0,0,0,0,0,0,0,0,0,0,0,4419,0,100.0,0
2024-04-01,NDJ,NHS ENGLAND SOUTH EAST ,FIRST COMMUNITY HEALTH AND CARE CIC,0,0,2183,0,0,0,0,0,0,0,0,0,0,0,0,0,0,0,2183,0,100.0,0
2024-04-01,NNJ07,NHS ENGLAND MIDLANDS ,LOUGHBOROUGH URGENT CARE CENTRE,0,0,6079,0,0,211,0,0,19,0,0,0,0,0,0,0,0,0,6079,19,99.69,0
2024-04-01,NNJ0H,NHS ENGLAND MIDLANDS ,LLR EA - THE MERLYN VAZ HEALTH & SOCIAL CARE CENTRE,0,0,208,0,0,2011,0,0,0,0,0,0,0,0,0,0,0,0,208,0,100.0,0
2024-04-01,NNJ12,NHS ENGLAND MIDLANDS ,MARKET HARBOROUGH,0,0,101,0,0,326,0,0,0,0,0,0,0,0,0,0,0,0,101,0,100.0,0
2024-04-01,NNJ13,NHS ENGLAND MIDLANDS ,MELTON MOWBRAY,0,0,71,0,0,348,0,0,1,0,0,0,0,0,0,0,0,0,71,1,98.59,0
2024-04-01,NNJ15,NHS ENGLAND MIDLANDS ,OAKHAM,0,0,75,0,0,359,0,0,0,0,0,0,0,0,0,0,0,0,75,0,100.0,0
2024-04-01,NR3,NHS ENGLAND MIDLANDS ,NOTTINGHAM CITYCARE PARTNERSHIP,0,0,5160,0,0,262,0,0,124,0,0,0,0,0,0,0,0,0,5160,124,97.6,0
2024-04-01,R1D,NHS ENGLAND MIDLANDS ,SHROPSHIRE COMMUNITY HEALTH NHS TRUST,0,0,3359,0,0,0,0,0,4,0,0,0,0,0,0,0,0,1,3359,4,99.88,0
2024-04-01,REF,NHS ENGLAND SOUTH WEST ,ROYAL CORNWALL HOSPITALS NHS TRUST,6105,0,11367,0,0,0,3146,0,516,0,0,0,546,371,2190,0,50,1078,17472,3662,79.04,1
2024-04-01,RGP,NHS ENGLAND EAST OF ENGLAND ,JAMES PAGET UNIVERSITY HOSPITALS NHS FOUNDATION TRUST,6950,0,1392,132,0,0,2636,0,0,35,0,0,642,357,1644,0,0,405,8342,2636,68.4,1
2024-04-01,RJZ,NHS ENGLAND LONDON,KING'S COLLEGE HOSPITAL NHS FOUNDATION TRUST,15174,0,8660,75,0,1253,6963,0,774,15,0,96,1435,943,3592,0,0,509,23834,7737,67.54,1
2024-04-01,RNA,NHS ENGLAND MIDLANDS ,THE DUDLEY GROUP NHS FOUNDATION TRUST,9265,0,4928,164,0,689,2751,0,192,20,0,0,2125,135,3452,0,0,2022,14193,2943,79.26,1
2024-04-01,RNQ,NHS ENGLAND MIDLANDS ,KETTERING GENERAL HOSPITAL NHS FOUNDATION TRUST,9087,0,8804,592,0,0,3344,0,112,0,0,0,1372,0,1996,0,0,226,17891,3456,80.68,1
2024-04-01,RP6,NHS ENGLAND LONDON,MOORFIELDS EYE HOSPITAL NHS FOUNDATION TRUST,0,6050,0,0,0,0,0,110,0,0,0,0,0,0,0,6,0,184,6050,110,98.18,0
2024-04-01,RTP,NHS ENGLAND SOUTH EAST ,SURREY AND SUSSEX HEALTHCARE NHS TRUST,10191,0,0,0,0,0,3246,0,0,0,0,0,643,479,3094,0,0,765,10191,3246,68.15,1
2024-04-01,RV9,NHS ENGLAND NORTH EAST AND YORKSHIRE ,HUMBER TEACHING NHS FOUNDATION TRUST,0,0,1182,0,0,25,0,0,1,0,0,0,0,0,0,0,0,0,1182,1,99.92,0
2024-04-01,RWP,NHS ENGLAND MIDLANDS ,WORCESTERSHIRE ACUTE HOSPITALS NHS TRUST,12732,0,5740,170,0,20,6543,0,42,66,0,0,824,248,3784,0,0,1505,18472,6585,64.35,1
2024-04-01,RX1,NHS ENGLAND MIDLANDS ,NOTTINGHAM UNIVERSITY HOSPITALS NHS TRUST,14649,2022,316,570,0,0,7071,119,5,267,0,0,695,519,3880,0,0,3931,16987,7195,57.64,1
2024-04-01,RXC,NHS ENGLAND SOUTH EAST ,EAST SUSSEX HEALTHCARE NHS TRUST,9911,0,2291,785,0,976,3222,0,26,0,0,0,249,0,3526,0,0,530,12202,3248,73.38,1
2024-04-01,RXL,NHS ENGLAND NORTH WEST ,BLACKPOOL TEACHING HOSPITALS NHS FOUNDATION TRUST,8434,0,10404,264,0,278,3726,0,109,84,0,0,428,517,2485,0,0,1460,18838,3835,79.64,1
2024-04-01,RY2,NHS ENGLAND NORTH WEST ,BRIDGEWATER COMMUNITY HEALTHCARE NHS FOUNDATION TRUST,0,0,3432,0,0,183,0,0,54,0,0,3,0,0,0,0,0,0,3432,54,98.43,0
2024-04-01,RYF,NHS ENGLAND SOUTH WEST ,SOUTH WESTERN AMBULANCE SERVICE NHS FOUNDATION TRUST,0,0,1691,0,0,21,0,0,142,0,0,1,0,0,0,0,0,0,1691,142,91.6,1
2024-04-01,RYX,NHS ENGLAND LONDON,CENTRAL LONDON COMMUNITY HEALTHCARE NHS TRUST,0,0,10114,0,0,647,0,0,247,0,0,9,0,0,0,0,0,0,10114,247,97.56,0
2024-04-01,NV693,NHS ENGLAND NORTH WEST ,ROSSENDALE MIU & OOH,0,0,1019,0,0,0,0,0,1,0,0,0,0,0,0,0,0,0,1019,1,99.9,0
2024-04-01,R0D,NHS ENGLAND SOUTH WEST ,UNIVERSITY HOSPITALS DORSET NHS FOUNDATION TRUST,12739,0,4818,0,0,0,5255,0,0,0,0,0,863,131,3992,4,0,2340,17557,5255,70.07,1
2024-04-01,RA7,NHS ENGLAND SOUTH WEST ,UNIVERSITY HOSPITALS BRISTOL AND WESTON NHS FOUNDATION TRUST,15115,2307,0,0,0,0,5366,115,0,0,0,0,1201,350,5118,12,0,1458,17422,5481,68.54,1
2024-04-01,RAE,NHS ENGLAND NORTH EAST AND YORKSHIRE ,BRADFORD TEACHING HOSPITALS NHS FOUNDATION TRUST,9299,910,2849,0,0,0,2164,0,0,0,0,0,623,94,2314,0,66,1500,13058,2164,83.43,1
2024-04-01,RBS,NHS ENGLAND NORTH WEST ,ALDER HEY CHILDREN'S NHS FOUNDATION TRUST,5628,0,0,0,0,0,712,0,0,0,0,0,0,0,920,0,0,337,5628,712,87.35,1
2024-04-01,RCU,NHS ENGLAND NORTH EAST AND YORKSHIRE ,SHEFFIELD CHILDREN'S NHS FOUNDATION TRUST,4319,0,214,261,0,12,516,0,0,31,0,0,9,0,868,0,0,108,4533,516,88.62,1
2024-04-01,RDU,NHS ENGLAND SOUTH EAST ,FRIMLEY HEALTH NHS FOUNDATION TRUST,21666,990,12046,0,0,0,8793,1,79,0,0,0,2206,181,5878,0,0,272,34702,8873,74.43,1
2024-04-01,REP,NHS ENGLAND NORTH WEST ,LIVERPOOL WOMEN'S NHS FOUNDATION TRUST,0,1265,0,0,139,0,0,125,0,0,0,0,0,0,0,98,0,18,1265,125,90.12,1
2024-04-01,RJE,NHS ENGLAND MIDLANDS ,UNIVERSITY HOSPITALS OF NORTH MIDLANDS NHS TRUST,13330,490,8542,643,0,487,6574,0,73,237,0,10,1060,927,5823,0,0,3002,22362,6647,70.28,1
2024-04-01,RL4,NHS ENGLAND MIDLANDS ,THE ROYAL WOLVERHAMPTON NHS TRUST,13101,0,8087,171,0,823,3736,0,250,17,0,3,1074,156,5774,0,0,970,21188,3986,81.19,1
2024-04-01,RLQ,NHS ENGLAND MIDLANDS ,WYE VALLEY NHS TRUST,6127,1329,0,170,0,0,2349,0,0,29,0,0,383,293,2019,0,0,625,7456,2349,68.5,1
2024-04-01,RRK,NHS ENGLAND MIDLANDS ,UNIVERSITY HOSPITALS BIRMINGHAM NHS FOUNDATION TRUST,32656,307,1558,63,0,253,13825,0,16,11,0,2,2112,2228,10561,0,0,6074,34521,13841,59.91,1
2024-04-01,RTG,NHS ENGLAND MIDLANDS ,UNIVERSITY HOSPITALS OF DERBY AND BURTON NHS FOUNDATION TRUST,20711,0,9871,450,0,34,8262,0,30,183,0,0,838,754,3991,0,2,2386,30582,8292,72.89,1
2024-04-01,RVJ,NHS ENGLAND SOUTH WEST ,NORTH BRISTOL NHS TRUST,8952,0,0,21,0,0,3265,0,0,5,0,0,661,324,2825,0,0,1935,8952,3265,63.53,1
2024-04-01,RVW,NHS ENGLAND NORTH EAST AND YORKSHIRE ,NORTH TEES AND HARTLEPOOL NHS FOUNDATION TRUST,4459,0,11238,0,0,0,1734,0,40,0,0,0,80,0,1618,0,584,2133,15697,1774,88.7,1
2024-04-01,RXN,NHS ENGLAND NORTH WEST ,LANCASHIRE TEACHING HOSPITALS NHS FOUNDATION TRUST,11493,0,3788,288,0,106,4564,0,260,75,0,2,1061,459,2940,0,158,1222,15281,4824,68.43,1
2024-04-01,RXR,NHS ENGLAND NORTH WEST ,EAST LANCASHIRE HOSPITALS NHS TRUST,12318,0,10055,0,0,0,4052,0,382,0,0,0,385,1113,3462,0,80,1663,22373,4434,80.18,1
2024-04-01,RY4,NHS ENGLAND EAST OF ENGLAND ,HERTFORDSHIRE COMMUNITY NHS TRUST,0,0,916,0,0,0,0,0,19,0,0,0,0,0,0,0,0,0,916,19,97.93,0
2024-04-01,AJN,NHS ENGLAND NORTH EAST AND YORKSHIRE ,WORKINGTON HEALTH LIMITED,0,0,344,0,0,0,0,0,0,0,0,0,0,0,0,0,0,0,344,0,100.0,0
2024-04-01,NL7,NHS ENGLAND MIDLANDS ,ASSURA VERTIS URGENT CARE CENTRES (BIRMINGHAM),0,0,4045,0,0,0,0,0,0,0,0,0,0,0,0,0,0,0,4045,0,100.0,0
2024-04-01,R1H,NHS ENGLAND LONDON,BARTS HEALTH NHS TRUST,23379,915,16891,0,0,0,11368,30,2835,0,0,0,880,1225,4700,0,0,1326,41185,14233,65.44,1
2024-04-01,RA2,NHS ENGLAND SOUTH EAST ,ROYAL SURREY COUNTY HOSPITAL NHS FOUNDATION TRUST,6572,0,1327,725,0,10,2006,0,0,192,0,0,333,1,2491,0,0,1025,7899,2006,74.6,1
2024-04-01,RAJ,NHS ENGLAND EAST OF ENGLAND ,MID AND SOUTH ESSEX NHS FOUNDATION TRUST,28759,0,5982,589,0,138,7935,0,157,98,0,1,2656,5,8966,0,231,1276,34741,8092,76.71,1
2024-04-01,RAL,NHS ENGLAND LONDON,ROYAL FREE LONDON NHS FOUNDATION TRUST,18315,0,8065,0,0,0,7442,0,150,0,0,0,986,905,3827,0,0,524,26380,7592,71.22,1
2024-04-01,RAX,NHS ENGLAND LONDON,KINGSTON HOSPITAL NHS FOUNDATION TRUST,6887,0,8057,0,0,0,3304,0,217,0,0,0,202,462,2145,0,148,690,14944,3521,76.44,1
2024-04-01,RBD,NHS ENGLAND SOUTH WEST ,DORSET COUNTY HOSPITAL NHS FOUNDATION TRUST,4182,0,0,380,0,3966,1461,0,0,91,0,5,170,24,1866,0,0,511,4182,1461,65.06,1
2024-04-01,RBK,NHS ENGLAND MIDLANDS ,WALSALL HEALTHCARE NHS TRUST,8277,0,3865,432,0,145,2857,0,136,74,0,0,852,79,3551,0,0,713,12142,2993,75.35,1
2024-04-01,RCB,NHS ENGLAND NORTH EAST AND YORKSHIRE ,YORK AND SCARBOROUGH TEACHING HOSPITALS NHS FOUNDATION TRUST,11129,389,8439,0,0,26,6306,0,322,0,0,0,903,859,4468,2,0,1564,19957,6628,66.79,1
2024-04-01,RCF,NHS ENGLAND NORTH EAST AND YORKSHIRE ,AIREDALE NHS FOUNDATION TRUST,5567,264,13,560,0,0,1916,0,0,0,0,0,363,119,1479,0,0,563,5844,1916,67.21,1
2024-04-01,RD8,NHS ENGLAND EAST OF ENGLAND ,MILTON KEYNES UNIVERSITY HOSPITAL NHS FOUNDATION TRUST,7780,0,5601,622,0,144,3264,0,159,255,0,0,737,0,2055,0,0,411,13381,3423,74.42,1
2024-04-01,RGN,NHS ENGLAND EAST OF ENGLAND ,NORTH WEST ANGLIA NHS FOUNDATION TRUST,12628,0,4569,821,0,712,5703,0,579,251,0,87,449,803,3276,0,138,1452,17197,6282,63.47,1
2024-04-01,RGT,NHS ENGLAND EAST OF ENGLAND ,CAMBRIDGE UNIVERSITY HOSPITALS NHS FOUNDATION TRUST,9929,0,5600,760,0,538,5184,0,74,342,0,24,547,663,2722,0,38,493,15529,5258,66.14,1
2024-04-01,RJR,NHS ENGLAND NORTH WEST ,COUNTESS OF CHESTER HOSPITAL NHS FOUNDATION TRUST,5133,0,1751,0,0,0,2621,0,147,0,0,0,344,654,1800,0,0,1250,6884,2768,59.79,1
2024-04-01,RK5,NHS ENGLAND MIDLANDS ,SHERWOOD FOREST HOSPITALS NHS FOUNDATION TRUST,10776,0,5411,23,0,144,3917,0,298,5,0,2,575,140,3383,0,1,340,16187,4215,73.96,1
2024-04-01,RN5,NHS ENGLAND SOUTH EAST ,HAMPSHIRE HOSPITALS NHS FOUNDATION TRUST,12107,153,474,0,0,142,4679,0,0,0,0,0,636,37,4274,10,0,1057,12734,4679,63.26,1
2024-04-01,RNN,NHS ENGLAND NORTH EAST AND YORKSHIRE ,NORTH CUMBRIA INTEGRATED CARE NHS FOUNDATION TRUST,8482,0,1831,376,0,44,3656,0,28,95,0,1,592,574,2189,0,0,732,10313,3684,64.28,1
2024-04-01,RNU,NHS ENGLAND SOUTH EAST ,OXFORD HEALTH NHS FOUNDATION TRUST,0,0,3874,0,0,0,0,0,403,0,0,0,0,0,0,0,0,0,3874,403,89.6,1
2024-04-01,RR7,NHS ENGLAND NORTH EAST AND YORKSHIRE ,GATESHEAD HEALTH NHS FOUNDATION TRUST,5637,0,3716,23,0,7,2581,0,55,11,0,0,989,1,1644,0,0,803,9353,2636,71.82,1
2024-04-01,RTK,NHS ENGLAND SOUTH EAST ,ASHFORD AND ST PETER'S HOSPITALS NHS FOUNDATION TRUST,9838,0,0,0,0,0,3220,0,0,0,0,0,630,172,3140,0,0,604,9838,3220,67.27,1
2024-04-01,RTQ,NHS ENGLAND SOUTH WEST ,GLOUCESTERSHIRE HEALTH AND CARE NHS FOUNDATION TRUST,0,0,6718,0,0,0,0,0,32,0,0,0,0,0,0,0,0,34,6718,32,99.52,0
2024-04-01,RWA,NHS ENGLAND NORTH EAST AND YORKSHIRE ,HULL UNIVERSITY TEACHING HOSPITALS NHS TRUST,8942,0,4632,0,0,0,5108,0,382,0,0,0,1032,413,3458,0,0,1903,13574,5490,59.56,1
2024-04-01,RWE,NHS ENGLAND MIDLANDS ,UNIVERSITY HOSPITALS OF LEICESTER NHS TRUST,21378,1812,0,0,0,0,8850,78,0,0,0,0,1558,839,6179,3,0,3480,23190,8928,61.5,1
2024-04-01,RWF,NHS ENGLAND SOUTH EAST ,MAIDSTONE AND TUNBRIDGE WELLS NHS TRUST,17938,0,2136,718,0,172,3182,0,25,77,0,1,941,9,5320,0,0,995,20074,3207,84.02,1
2024-04-01,RXK,NHS ENGLAND MIDLANDS ,SANDWELL AND WEST BIRMINGHAM HOSPITALS NHS TRUST,14441,1125,8898,999,0,0,6807,123,296,234,0,0,1567,409,2695,0,0,291,24464,7226,70.46,1
2024-04-01,RXW,NHS ENGLAND MIDLANDS ,THE SHREWSBURY AND TELFORD HOSPITAL NHS TRUST,10713,0,2246,0,0,0,6164,0,328,0,0,0,452,579,3008,0,45,2088,12959,6492,49.9,1
2024-04-01,RY5,NHS ENGLAND MIDLANDS ,LINCOLNSHIRE COMMUNITY HEALTH SERVICES NHS TRUST,0,0,8628,0,0,0,0,0,213,0,0,0,0,0,0,0,0,0,8628,213,97.53,0
2024-04-01,RYR,NHS ENGLAND SOUTH EAST ,UNIVERSITY HOSPITALS SUSSEX NHS FOUNDATION TRUST,21306,1559,4897,1308,0,1095,9621,48,478,463,0,27,1533,1394,7759,24,30,1490,27762,10147,63.45,1
2024-04-01,C82009,NHS ENGLAND MIDLANDS ,MARKET HARBOROUGH MED.CTR,0,0,296,0,0,0,0,0,0,0,0,0,0,0,0,0,0,0,296,0,100.0,0
2024-04-01,NNF09,NHS ENGLAND NORTH EAST AND YORKSHIRE ,BRANSHOLME HEALTH CENTRE,0,0,3849,0,0,0,0,0,908,0,0,0,0,0,0,0,0,0,3849,908,76.41,1
2024-04-01,NNF94,NHS ENGLAND NORTH EAST AND YORKSHIRE ,EAST RIDING COMMUNITY HOSPITAL,0,0,2787,0,0,0,0,0,315,0,0,0,0,0,0,0,0,0,2787,315,88.7,1
2024-04-01,NNFA7,NHS ENGLAND NORTH EAST AND YORKSHIRE ,GOOLE & DISTRICT HOSPITAL,0,0,1577,0,0,0,0,0,13,0,0,0,0,0,0,0,0,0,1577,13,99.18,0
2024-04-01,R1F,NHS ENGLAND SOUTH EAST ,ISLE OF WIGHT NHS TRUST,4088,0,2006,22,0,26,1779,0,1,10,0,0,185,50,1089,0,0,249,6094,1780,70.79,1
2024-04-01,R1K,NHS ENGLAND LONDON,LONDON NORTH WEST UNIVERSITY HEALTHCARE NHS TRUST,12755,0,14697,0,0,0,6154,0,181,0,0,0,673,686,6513,0,0,435,27452,6335,76.92,1
2024-04-01,RAP,NHS ENGLAND LONDON,NORTH MIDDLESEX UNIVERSITY HOSPITAL NHS TRUST,7727,516,7501,83,1,102,4606,1,911,44,0,14,199,834,1515,0,0,169,15744,5518,64.95,1
2024-04-01,RBT,NHS ENGLAND NORTH WEST ,MID CHESHIRE HOSPITALS NHS FOUNDATION TRUST,6991,0,2496,158,0,83,3897,0,31,35,0,0,764,398,2453,0,0,1025,9487,3928,58.6,1
2024-04-01,RC9,NHS ENGLAND EAST OF ENGLAND ,BEDFORDSHIRE HOSPITALS NHS FOUNDATION TRUST,15343,0,7895,0,0,1029,6075,0,0,0,0,0,80,22,4589,0,0,2122,23238,6075,73.86,1
2024-04-01,RDE,NHS ENGLAND EAST OF ENGLAND ,EAST SUFFOLK AND NORTH ESSEX NHS FOUNDATION TRUST,14264,0,12449,814,0,273,5880,0,172,0,0,0,1051,353,6088,0,331,985,26713,6052,77.34,1
2024-04-01,RFS,NHS ENGLAND MIDLANDS ,CHESTERFIELD ROYAL HOSPITAL NHS FOUNDATION TRUST,6813,0,1469,270,0,90,2969,0,202,99,0,3,894,142,2739,0,246,620,8282,3171,61.71,1
2024-04-01,RHM,NHS ENGLAND SOUTH EAST ,UNIVERSITY HOSPITAL SOUTHAMPTON NHS FOUNDATION TRUST,11282,1347,0,182,0,0,3842,70,0,52,0,0,387,13,3574,9,0,1552,12629,3912,69.02,1
2024-04-01,RJ1,NHS ENGLAND LONDON,GUY'S AND ST THOMAS' NHS FOUNDATION TRUST,10365,767,6320,0,0,0,4172,0,248,0,0,0,153,34,2090,0,0,249,17452,4420,74.67,1
2024-04-01,RJ6,NHS ENGLAND LONDON,CROYDON HEALTH SERVICES NHS TRUST,12926,0,4996,17,0,0,4171,0,0,9,0,0,432,558,1380,0,0,96,17922,4171,76.73,1
2024-04-01,RJ7,NHS ENGLAND LONDON,ST GEORGE'S UNIVERSITY HOSPITALS NHS FOUNDATION TRUST,8344,0,3193,1017,0,0,2429,0,0,114,0,0,492,774,2435,0,0,816,11537,2429,78.95,1
2024-04-01,RJC,NHS ENGLAND MIDLANDS ,SOUTH WARWICKSHIRE UNIVERSITY NHS FOUNDATION TRUST,8132,0,409,17,0,0,2155,0,0,0,0,0,290,17,2297,0,0,697,8541,2155,74.77,1
2024-04-01,RK9,NHS ENGLAND SOUTH WEST ,UNIVERSITY HOSPITALS PLYMOUTH NHS TRUST,8342,166,4652,0,0,0,5042,0,238,0,0,0,548,675,2740,0,0,1106,13160,5280,59.88,1
2024-04-01,RKB,NHS ENGLAND MIDLANDS ,UNIVERSITY HOSPITALS COVENTRY AND WARWICKSHIRE NHS TRUST,11311,1904,7661,46,0,118,5329,66,243,18,0,1,267,90,2906,106,87,1640,20876,5638,72.99,1
2024-04-01,RLT,NHS ENGLAND MIDLANDS ,GEORGE ELIOT HOSPITAL NHS TRUST,6653,0,1835,0,0,0,2101,0,43,0,0,0,505,254,936,0,0,37,8488,2144,74.74,1
2024-04-01,RM1,NHS ENGLAND EAST OF ENGLAND ,NORFOLK AND NORWICH UNIVERSITY HOSPITALS NHS FOUNDATION TRUST,11148,0,8817,464,0,0,3421,0,2,79,0,0,626,114,2512,0,0,1701,19965,3423,82.85,1
2024-04-01,RMP,NHS ENGLAND NORTH WEST ,TAMESIDE AND GLOSSOP INTEGRATED CARE NHS FOUNDATION TRUST,7768,0,2645,445,0,260,3746,0,0,0,0,0,576,98,2368,0,0,636,10413,3746,64.03,1
2024-04-01,RNZ,NHS ENGLAND SOUTH WEST ,SALISBURY NHS FOUNDATION TRUST,4179,350,1880,313,0,0,1707,0,0,104,0,0,469,6,1378,0,0,887,6409,1707,73.37,1
2024-04-01,RP5,NHS ENGLAND NORTH EAST AND YORKSHIRE ,DONCASTER AND BASSETLAW TEACHING HOSPITALS NHS FOUNDATION TRUST,12754,0,3328,0,0,0,4103,0,0,0,0,0,783,168,3995,0,419,1075,16082,4103,74.49,1
2024-04-01,RPA,NHS ENGLAND SOUTH EAST ,MEDWAY NHS FOUNDATION TRUST,8540,0,6817,367,0,1147,2638,0,480,77,0,0,414,521,2277,0,0,1202,15357,3118,79.7,1
2024-04-01,RQM,NHS ENGLAND LONDON,CHELSEA AND WESTMINSTER HOSPITAL NHS FOUNDATION TRUST,18886,0,5831,901,0,0,4549,0,128,0,0,0,905,26,2657,0,0,370,24717,4677,81.08,1
2024-04-01,RQW,NHS ENGLAND EAST OF ENGLAND ,THE PRINCESS ALEXANDRA HOSPITAL NHS TRUST,7323,0,1962,0,0,766,3558,0,0,0,0,0,583,202,2161,0,0,433,9285,3558,61.68,1
2024-04-01,RR8,NHS ENGLAND NORTH EAST AND YORKSHIRE ,LEEDS TEACHING HOSPITALS NHS TRUST,16864,746,11864,43,0,46,6569,0,88,11,0,0,1838,203,3688,0,0,1242,29474,6657,77.41,1
2024-04-01,RRF,NHS ENGLAND NORTH WEST ,"WRIGHTINGTON, WIGAN AND LEIGH NHS FOUNDATION TRUST",7150,0,5383,0,0,0,3557,0,30,0,0,0,1069,516,2087,0,0,819,12533,3587,71.38,1
2024-04-01,RTE,NHS ENGLAND SOUTH WEST ,GLOUCESTERSHIRE HOSPITALS NHS FOUNDATION TRUST,12328,0,0,212,0,0,5098,0,0,64,0,0,308,859,2669,0,0,1865,12328,5098,58.65,1
2024-04-01,RTF,NHS ENGLAND NORTH EAST AND YORKSHIRE ,NORTHUMBRIA HEALTHCARE NHS FOUNDATION TRUST,9458,0,12043,0,0,0,3071,0,0,0,0,0,79,3,4336,0,37,1623,21501,3071,85.72,1
2024-04-01,RTR,NHS ENGLAND NORTH EAST AND YORKSHIRE ,SOUTH TEES HOSPITALS NHS FOUNDATION TRUST,7825,0,9064,0,0,965,3915,0,480,0,0,70,418,28,2644,0,98,2153,16889,4395,73.98,1
2024-04-01,RVR,NHS ENGLAND LONDON,EPSOM AND ST HELIER UNIVERSITY HOSPITALS NHS TRUST,10936,323,1477,371,1,33,2995,0,70,40,0,0,263,651,1833,3,0,112,12736,3065,75.93,1
2024-04-01,RVV,NHS ENGLAND SOUTH EAST ,EAST KENT HOSPITALS UNIVERSITY NHS FOUNDATION TRUST,12256,0,11721,0,0,0,6442,0,310,0,0,0,482,1207,3541,0,510,1047,23977,6752,71.84,1
2024-04-01,RWD,NHS ENGLAND MIDLANDS ,UNITED LINCOLNSHIRE HOSPITALS NHS TRUST,9608,0,10108,2,0,0,6171,0,1081,1,0,0,1090,693,4148,0,0,1203,19716,7252,63.22,1
2024-04-01,RWH,NHS ENGLAND EAST OF ENGLAND ,EAST AND NORTH HERTFORDSHIRE NHS TRUST,8880,0,6559,12,0,420,4928,0,54,7,0,4,175,22,3219,0,67,255,15439,4982,67.73,1
2024-04-01,RWJ,NHS ENGLAND NORTH WEST ,STOCKPORT NHS FOUNDATION TRUST,7129,0,1004,496,0,153,3027,0,16,189,0,1,756,308,2388,0,82,750,8133,3043,62.58,1
2024-04-01,RWW,NHS ENGLAND NORTH WEST ,WARRINGTON AND HALTON TEACHING HOSPITALS NHS FOUNDATION TRUST,6727,0,3182,284,0,126,3288,0,52,109,0,2,664,651,1807,0,0,239,9909,3340,66.29,1
2024-04-01,RXF,NHS ENGLAND NORTH EAST AND YORKSHIRE ,MID YORKSHIRE TEACHING NHS TRUST,17513,162,5006,120,0,100,7000,0,473,11,0,5,2264,114,3563,0,149,899,22681,7473,67.05,1
2024-04-01,RXP,NHS ENGLAND NORTH EAST AND YORKSHIRE ,COUNTY DURHAM AND DARLINGTON NHS FOUNDATION TRUST,12647,0,4146,0,0,6275,5388,0,0,0,0,0,2269,13,4306,0,0,742,16793,5388,67.92,1
2024-04-01,RYJ,NHS ENGLAND LONDON,IMPERIAL COLLEGE HEALTHCARE NHS TRUST,11395,3944,6932,0,0,387,4969,33,392,0,0,0,669,152,4019,0,0,1112,22271,5394,75.78,1
2024-04-01,ARN03,NHS ENGLAND NORTH EAST AND YORKSHIRE ,LOCAL CARE DIRECT,0,0,2189,0,0,305,0,0,0,0,0,0,0,0,0,0,0,0,2189,0,100.0,0
2024-04-01,RD1,NHS ENGLAND SOUTH WEST ,ROYAL UNITED HOSPITALS BATH NHS FOUNDATION TRUST,8258,0,0,0,0,0,3304,0,0,0,0,0,772,39,2421,0,14,1602,8258,3304,59.99,1
2024-04-01,RDR,NHS ENGLAND SOUTH EAST ,SUSSEX COMMUNITY NHS FOUNDATION TRUST,0,0,12252,0,0,0,0,0,394,0,0,0,0,0,0,0,0,0,12252,394,96.78,0
2024-04-01,RF4,NHS ENGLAND LONDON,"BARKING, HAVERING AND REDBRIDGE UNIVERSITY HOSPITALS NHS TRUST",12585,2426,13415,0,0,0,5543,378,292,0,0,0,721,657,7837,0,0,475,28426,6213,78.14,1
2024-04-01,RHQ,NHS ENGLAND NORTH EAST AND YORKSHIRE ,SHEFFIELD TEACHING HOSPITALS NHS FOUNDATION TRUST,8906,1137,7457,401,1,1151,4356,0,172,175,0,22,1236,5,3737,0,0,2799,17500,4528,74.13,1
2024-04-01,RJ2,NHS ENGLAND LONDON,LEWISHAM AND GREENWICH NHS TRUST,13071,0,11391,36,0,0,7203,0,1446,5,0,0,1091,733,3639,0,0,1341,24462,8649,64.64,1
2024-04-01,RKE,NHS ENGLAND LONDON,WHITTINGTON HEALTH NHS TRUST,8958,0,0,0,0,0,2515,0,0,0,0,0,196,428,1004,0,0,44,8958,2515,71.92,1
2024-04-01,RN7,NHS ENGLAND SOUTH EAST ,DARTFORD AND GRAVESHAM NHS TRUST,10890,0,3474,0,0,0,3338,0,61,0,0,0,909,120,2813,0,0,433,14364,3399,76.34,1
2024-04-01,RTX,NHS ENGLAND NORTH WEST ,UNIVERSITY HOSPITALS OF MORECAMBE BAY NHS FOUNDATION TRUST,8617,0,2740,148,0,632,2626,0,104,32,0,40,511,354,2977,0,17,966,11357,2730,75.96,1
2024-04-01,RWX,NHS ENGLAND SOUTH EAST ,BERKSHIRE HEALTHCARE NHS FOUNDATION TRUST,0,0,1440,0,0,0,0,0,21,0,0,0,0,0,0,0,38,0,1440,21,98.54,0
2024-04-01,RBN,NHS ENGLAND NORTH WEST ,MERSEY AND WEST LANCASHIRE TEACHING HOSPITALS NHS TRUST,16959,0,7515,414,0,0,7393,0,169,59,0,0,563,302,7177,0,0,613,24474,7562,69.1,1
2024-04-01,RH5,NHS ENGLAND SOUTH WEST ,SOMERSET NHS FOUNDATION TRUST,12901,0,9795,0,0,1,4809,0,111,0,0,0,433,20,3336,0,0,2148,22696,4920,78.32,1
2024-04-01,RMC,NHS ENGLAND NORTH WEST ,BOLTON NHS FOUNDATION TRUST,7570,0,3317,124,0,145,4055,0,312,46,0,5,484,656,2272,0,63,761,10887,4367,59.89,1
2024-04-01,RN3,NHS ENGLAND SOUTH WEST ,GREAT WESTERN HOSPITALS NHS FOUNDATION TRUST,5212,0,5502,0,0,171,2283,0,339,0,0,1,431,118,2261,0,0,1425,10714,2622,75.53,1
2024-04-01,RTD,NHS ENGLAND NORTH EAST AND YORKSHIRE ,THE NEWCASTLE UPON TYNE HOSPITALS NHS FOUNDATION TRUST,11690,1659,5200,0,0,783,5019,161,0,0,0,0,683,122,3477,28,0,2948,18549,5180,72.07,1
2024-04-01,R0A,NHS ENGLAND NORTH WEST ,MANCHESTER UNIVERSITY NHS FOUNDATION TRUST,23565,3203,11520,3030,522,968,11068,93,737,1294,12,93,3573,623,5256,170,148,503,38288,11898,68.92,1
2024-04-01,RAS,NHS ENGLAND LONDON,THE HILLINGDON HOSPITALS NHS FOUNDATION TRUST,5629,0,6741,0,0,0,2550,0,41,0,0,0,302,16,2720,0,0,191,12370,2591,79.05,1
2024-04-01,RBL,NHS ENGLAND NORTH WEST ,WIRRAL UNIVERSITY TEACHING HOSPITAL NHS FOUNDATION TRUST,7595,0,2639,125,0,183,3922,0,47,43,0,5,723,362,2175,0,0,1712,10234,3969,61.22,1
2024-04-01,RCD,NHS ENGLAND NORTH EAST AND YORKSHIRE ,HARROGATE AND DISTRICT NHS FOUNDATION TRUST,4751,0,835,209,0,23,1543,0,1,47,0,0,320,66,1257,0,0,457,5586,1544,72.36,1
2024-04-01,RCX,NHS ENGLAND EAST OF ENGLAND ,"THE QUEEN ELIZABETH HOSPITAL, KING'S LYNN, NHS FOUNDATION TRUST",6228,0,1182,31,0,0,2119,0,0,7,0,0,352,142,2283,0,0,652,7410,2119,71.4,1
2024-04-01,RH8,NHS ENGLAND SOUTH WEST ,ROYAL DEVON UNIVERSITY HEALTHCARE NHS FOUNDATION TRUST,11828,503,3905,1217,0,47,3836,45,45,399,0,0,840,20,4125,0,0,2202,16236,3926,75.82,1
2024-04-01,RHW,NHS ENGLAND SOUTH EAST ,ROYAL BERKSHIRE NHS FOUNDATION TRUST,11556,2317,0,631,27,0,4261,17,0,184,0,0,722,0,2510,1,0,887,13873,4278,69.16,1
2024-04-01,RJL,NHS ENGLAND NORTH EAST AND YORKSHIRE ,NORTHERN LINCOLNSHIRE AND GOOLE NHS FOUNDATION TRUST,15035,0,489,0,0,0,3943,0,2,0,0,0,594,723,4816,0,0,356,15524,3945,74.59,1
2024-04-01,RQ3,NHS ENGLAND MIDLANDS ,BIRMINGHAM WOMEN'S AND CHILDREN'S NHS FOUNDATION TRUST,5028,0,0,0,0,0,859,0,0,0,0,0,0,6,990,0,0,179,5028,859,82.92,1
2024-04-01,C83023,NHS ENGLAND MIDLANDS ,SLEAFORD MEDICAL GROUP,0,0,773,0,0,0,0,0,0,0,0,0,0,0,0,0,0,3,773,0,100.0,0
2024-04-01,NNJ14,NHS ENGLAND MIDLANDS ,OADBY,0,0,353,0,0,2256,0,0,0,0,0,0,0,0,0,0,0,0,353,0,100.0,0
2024-04-01,RGR,NHS ENGLAND EAST OF ENGLAND ,WEST SUFFOLK NHS FOUNDATION TRUST,7275,0,702,42,0,0,2688,0,0,0,0,0,567,531,1968,0,0,593,7977,2688,66.3,1
2024-04-01,RM3,NHS ENGLAND NORTH WEST ,NORTHERN CARE ALLIANCE NHS FOUNDATION TRUST,24552,0,8892,0,0,0,10220,0,233,0,0,0,1230,782,7145,0,454,1643,33444,10453,68.74,1
2024-04-01,RHU,NHS ENGLAND SOUTH EAST ,PORTSMOUTH HOSPITALS UNIVERSITY NATIONAL HEALTH SERVICE TRUST,9965,803,3105,1335,0,819,4851,4,70,687,0,14,1470,14,3503,0,0,2536,13873,4925,64.5,1
2024-04-01,NLX,NHS ENGLAND SOUTH WEST ,SIRONA CARE & HEALTH,0,0,8116,0,0,242,0,0,498,0,0,40,0,0,0,0,0,0,8116,498,93.86,1
2024-04-01,RTH,NHS ENGLAND SOUTH EAST ,OXFORD UNIVERSITY HOSPITALS NHS FOUNDATION TRUST,11325,1862,2329,1397,0,100,3965,0,8,353,0,0,687,0,4141,125,23,4439,15516,3973,74.39,1
2024-08-01,RW1,NHS ENGLAND SOUTH EAST ,SOUTHERN HEALTH NHS FOUNDATION TRUST,0,0,2876,0,0,0,0,0,27,0,0,0,0,0,0,0,1,151,2876,27,99.06,0
2024-08-01,RWY,NHS ENGLAND NORTH EAST AND YORKSHIRE ,CALDERDALE AND HUDDERSFIELD NHS FOUNDATION TRUST,14746,0,0,0,0,0,4154,0,0,0,0,0,884,2,2882,0,0,381,14746,4154,71.83,1
2024-08-01,C82009,NHS ENGLAND MIDLANDS ,MARKET HARBOROUGH MED.CTR,0,0,280,0,0,0,0,0,0,0,0,0,0,0,0,0,0,0,280,0,100.0,0
2024-08-01,C82038,NHS ENGLAND MIDLANDS ,LATHAM HOUSE MEDICAL PRACTICE,0,0,355,0,0,0,0,0,0,0,0,0,0,0,0,0,0,0,355,0,100.0,0
2024-08-01,G0Q0L,NHS ENGLAND LONDON,BARKING HOSPITAL UTC,0,0,2493,0,0,0,0,0,6,0,0,0,0,0,0,0,0,0,2493,6,99.76,0
2024-08-01,K6K0R,NHS ENGLAND LONDON,HAROLD WOOD POLYCLINIC UTC,0,0,2641,0,0,0,0,0,7,0,0,0,0,0,0,0,0,0,2641,7,99.73,0
2024-08-01,NL7,NHS ENGLAND MIDLANDS ,ASSURA VERTIS URGENT CARE CENTRES (BIRMINGHAM),0,0,3772,0,0,0,0,0,0,0,0,0,0,0,0,0,0,0,3772,0,100.0,0
2024-08-01,NQT5F,NHS ENGLAND NORTH WEST ,SKELMERSDALE WALK IN CENTRE,0,0,1619,0,0,0,0,0,2,0,0,0,0,0,0,0,0,0,1619,2,99.88,0
2024-08-01,NQT5H,NHS ENGLAND SOUTH WEST ,PAULTON MEMORIAL HOSPITAL,0,0,1035,0,0,0,0,0,8,0,0,0,0,0,0,0,0,0,1035,8,99.23,0
2024-08-01,RYF,NHS ENGLAND SOUTH WEST ,SOUTH WESTERN AMBULANCE SERVICE NHS FOUNDATION TRUST,0,0,1676,0,0,0,0,0,133,0,0,0,0,0,0,0,0,0,1676,133,92.06,1
2024-08-01,RYY,NHS ENGLAND SOUTH EAST ,KENT COMMUNITY HEALTH NHS FOUNDATION TRUST,0,0,15433,0,0,0,0,0,90,0,0,0,0,0,0,0,0,0,15433,90,99.42,0
2024-08-01,Y02147,NHS ENGLAND LONDON,URGENT CARE CENTRE (QMS),0,0,7179,0,0,491,0,0,55,0,0,1,0,0,0,0,0,0,7179,55,99.23,0
2024-08-01,Y02532,NHS ENGLAND NORTH WEST ,MIRIAM MINOR EMERGENCY,0,0,1532,0,0,0,0,0,0,0,0,0,0,0,0,0,0,0,1532,0,100.0,0
2024-08-01,AQN04,NHS ENGLAND SOUTH EAST ,PHL LYMINGTON UTC,0,0,3066,0,0,11,0,0,8,0,0,0,0,0,0,0,0,0,3066,8,99.74,0
2024-08-01,DT301,NHS ENGLAND EAST OF ENGLAND ,HERTS URGENT CARE (ASCOTS LANE),0,0,2150,0,0,0,0,0,47,0,0,0,0,0,0,0,0,0,2150,47,97.81,0
2024-08-01,NQTE4,NHS ENGLAND MIDLANDS ,SUMMERFIELD URGENT CARE CENTRE,0,0,2889,0,0,0,0,0,0,0,0,0,0,0,0,0,0,0,2889,0,100.0,0
2024-08-01,NTV0B,NHS ENGLAND SOUTH EAST ,ASHFORD WALK-IN-CENTRE,0,0,2331,0,0,0,0,0,20,0,0,0,0,0,0,0,0,0,2331,20,99.14,0
2024-08-01,NTV0W,NHS ENGLAND SOUTH EAST ,WOKING WALK IN CENTRE,0,0,2491,0,0,0,0,0,36,0,0,0,0,0,0,0,0,0,2491,36,98.55,0
2024-08-01,NV693,NHS ENGLAND NORTH WEST ,ROSSENDALE MIU & OOH,0,0,1053,0,0,0,0,0,0,0,0,0,0,0,0,0,0,0,1053,0,100.0,0
2024-08-01,RA9,NHS ENGLAND SOUTH WEST ,TORBAY AND SOUTH DEVON NHS FOUNDATION TRUST,6432,0,3643,396,0,176,2930,0,27,160,0,2,318,33,2114,0,0,1134,10075,2957,70.65,1
2024-08-01,RFF,NHS ENGLAND NORTH EAST AND YORKSHIRE ,BARNSLEY HOSPITAL NHS FOUNDATION TRUST,8490,0,0,46,0,0,1896,0,0,0,0,0,224,0,2878,0,0,489,8490,1896,77.67,1
2024-08-01,RV9,NHS ENGLAND NORTH EAST AND YORKSHIRE ,HUMBER TEACHING NHS FOUNDATION TRUST,0,0,1116,0,0,66,0,0,6,0,0,1,0,0,0,0,0,0,1116,6,99.46,0
2024-08-01,RY5,NHS ENGLAND MIDLANDS ,LINCOLNSHIRE COMMUNITY HEALTH SERVICES NHS TRUST,0,0,8664,0,0,0,0,0,434,0,0,0,0,0,0,0,0,0,8664,434,94.99,1
2024-08-01,RY8,NHS ENGLAND MIDLANDS ,DERBYSHIRE COMMUNITY HEALTH SERVICES NHS FOUNDATION TRUST,0,0,6151,0,0,1504,0,0,34,0,0,2,0,0,0,0,0,0,6151,34,99.45,0
2024-08-01,Y02615,NHS ENGLAND MIDLANDS ,SOUTH BIRMINGHAM GP WALK IN CENTRE,0,0,6192,0,0,0,0,0,0,0,0,0,0,0,0,0,0,0,6192,0,100.0,0
2024-08-01,Y03218,NHS ENGLAND LONDON,THE PINN UNREGISTERED WIC,0,0,1074,0,0,0,0,0,0,0,0,0,0,0,0,0,0,0,1074,0,100.0,0
2024-08-01,AAH,NHS ENGLAND SOUTH WEST ,TETBURY HOSPITAL TRUST LTD,0,0,552,0,0,0,0,0,0,0,0,0,0,0,0,0,0,0,552,0,100.0,0
2024-08-01,NDJ,NHS ENGLAND SOUTH EAST ,FIRST COMMUNITY HEALTH AND CARE CIC,0,0,2361,0,0,0,0,0,0,0,0,0,0,0,0,0,0,0,2361,0,100.0,0
2024-08-01,NQT51,NHS ENGLAND SOUTH EAST ,STATION PLAZA HEALTH CENTRE,0,0,1151,0,0,0,0,0,0,0,0,0,0,0,0,0,0,0,1151,0,100.0,0
2024-08-01,R0B,NHS ENGLAND NORTH EAST AND YORKSHIRE ,SOUTH TYNESIDE AND SUNDERLAND NHS FOUNDATION TRUST,10568,1333,5515,441,0,1275,4269,37,108,188,0,10,450,1,4184,13,0,1155,17416,4414,74.66,1
2024-08-01,RGR,NHS ENGLAND EAST OF ENGLAND ,WEST SUFFOLK NHS FOUNDATION TRUST,7363,0,712,63,0,0,2488,0,0,0,0,0,465,260,1950,0,0,555,8075,2488,69.19,1
2024-08-01,RJN,NHS ENGLAND NORTH WEST ,EAST CHESHIRE NHS TRUST,4125,0,0,89,0,37,1995,0,0,0,0,0,186,70,867,0,0,170,4125,1995,51.64,1
2024-08-01,RK9,NHS ENGLAND SOUTH WEST ,UNIVERSITY HOSPITALS PLYMOUTH NHS TRUST,8907,144,5284,0,0,0,4568,0,57,0,0,0,690,297,2956,0,0,1252,14335,4625,67.74,1
2024-08-01,RNU,NHS ENGLAND SOUTH EAST ,OXFORD HEALTH NHS FOUNDATION TRUST,0,0,3643,0,0,0,0,0,308,0,0,0,0,0,0,0,0,0,3643,308,91.55,1
2024-08-01,Y07709,NHS ENGLAND SOUTH EAST ,READING URGENT CARE CENTRE,0,0,2115,0,0,0,0,0,0,0,0,0,0,0,0,0,0,0,2115,0,100.0,0
2024-08-01,L83087,NHS ENGLAND SOUTH WEST ,OKEHAMPTON MEDICAL CENTRE,0,0,96,0,0,0,0,0,0,0,0,0,0,0,0,0,0,0,96,0,100.0,0
2024-08-01,NTP11,NHS ENGLAND SOUTH EAST ,PRACTICE PLUS GROUP HOSPITAL - SOUTHAMPTON,0,0,5004,0,0,0,0,0,163,0,0,0,0,0,0,0,0,0,5004,163,96.74,0
2024-08-01,RA2,NHS ENGLAND SOUTH EAST ,ROYAL SURREY COUNTY HOSPITAL NHS FOUNDATION TRUST,6150,0,1404,587,0,14,758,0,0,49,0,0,60,0,2479,0,0,992,7554,758,89.97,1
2024-08-01,REM,NHS ENGLAND NORTH WEST ,LIVERPOOL UNIVERSITY HOSPITALS NHS FOUNDATION TRUST,14900,1770,7379,376,0,0,6858,62,102,73,0,0,1621,644,5096,0,0,2527,24049,7022,70.8,1
2024-08-01,RQ3,NHS ENGLAND MIDLANDS ,BIRMINGHAM WOMEN'S AND CHILDREN'S NHS FOUNDATION TRUST,3730,0,0,0,0,0,148,0,0,0,0,0,0,0,861,0,0,150,3730,148,96.03,0
2024-08-01,RQX,NHS ENGLAND LONDON,HOMERTON HEALTHCARE NHS FOUNDATION TRUST,10373,0,0,3,0,0,1335,0,0,0,0,0,167,16,1742,0,0,316,10373,1335,87.13,1
2024-08-01,RR7,NHS ENGLAND NORTH EAST AND YORKSHIRE ,GATESHEAD HEALTH NHS FOUNDATION TRUST,5352,0,3468,30,0,0,2427,0,28,3,0,0,943,0,1457,0,0,49,8820,2455,72.17,1
2024-08-01,RRV,NHS ENGLAND LONDON,UNIVERSITY COLLEGE LONDON HOSPITALS NHS FOUNDATION TRUST,12262,0,0,247,0,0,2915,0,0,0,0,0,220,50,1429,0,0,255,12262,2915,76.23,1
2024-08-01,Y02428,NHS ENGLAND EAST OF ENGLAND ,PUTNOE WALK IN CENTRE,0,0,2395,0,0,0,0,0,0,0,0,0,0,0,0,0,0,0,2395,0,100.0,0
2024-08-01,RBD,NHS ENGLAND SOUTH WEST ,DORSET COUNTY HOSPITAL NHS FOUNDATION TRUST,4587,0,0,363,0,4493,1653,0,0,87,0,14,189,42,1899,0,0,489,4587,1653,63.96,1
2024-08-01,RDU,NHS ENGLAND SOUTH EAST ,FRIMLEY HEALTH NHS FOUNDATION TRUST,21240,1000,10368,0,0,0,8383,0,41,0,0,0,2172,95,5446,0,0,262,32608,8424,74.17,1
2024-08-01,RNQ,NHS ENGLAND MIDLANDS ,KETTERING GENERAL HOSPITAL NHS FOUNDATION TRUST,9006,0,8229,341,0,0,3205,0,44,0,0,0,1361,0,1974,0,0,211,17235,3249,81.15,1
2024-08-01,RTP,NHS ENGLAND SOUTH EAST ,SURREY AND SUSSEX HEALTHCARE NHS TRUST,9840,0,0,0,0,0,2527,0,0,0,0,0,457,308,3099,0,0,798,9840,2527,74.32,1
2024-08-01,RWF,NHS ENGLAND SOUTH EAST ,MAIDSTONE AND TUNBRIDGE WELLS NHS TRUST,16301,0,2179,771,0,173,2651,0,7,62,0,0,640,12,4915,0,0,884,18480,2658,85.62,1
2024-08-01,RWX,NHS ENGLAND SOUTH EAST ,BERKSHIRE HEALTHCARE NHS FOUNDATION TRUST,0,0,1441,0,0,0,0,0,11,0,0,0,0,0,0,0,46,0,1441,11,99.24,0
2024-08-01,RXL,NHS ENGLAND NORTH WEST ,BLACKPOOL TEACHING HOSPITALS NHS FOUNDATION TRUST,8668,0,10210,286,0,280,4133,0,42,88,0,0,527,566,2542,0,0,1246,18878,4175,77.88,1
2024-08-01,RY4,NHS ENGLAND EAST OF ENGLAND ,HERTFORDSHIRE COMMUNITY NHS TRUST,0,0,1042,0,0,0,0,0,56,0,0,0,0,0,0,0,0,0,1042,56,94.63,1
2024-08-01,AXG,NHS ENGLAND SOUTH WEST ,WILTSHIRE HEALTH & CARE,0,0,2574,0,0,0,0,0,11,0,0,0,0,0,0,0,0,0,2574,11,99.57,0
2024-08-01,NNJ,NHS ENGLAND MIDLANDS ,DHU HEALTH CARE C.I.C,0,0,1836,0,0,0,0,0,1,0,0,0,0,0,0,0,0,0,1836,1,99.95,0
2024-08-01,RA7,NHS ENGLAND SOUTH WEST ,UNIVERSITY HOSPITALS BRISTOL AND WESTON NHS FOUNDATION TRUST,14153,2323,0,0,0,0,4271,97,0,0,0,0,796,82,4993,10,0,1412,16476,4368,73.49,1
2024-08-01,RAJ,NHS ENGLAND EAST OF ENGLAND ,MID AND SOUTH ESSEX NHS FOUNDATION TRUST,28003,0,5633,7,0,0,8638,0,110,1,0,0,2818,12,8820,0,217,1156,33636,8748,73.99,1
2024-08-01,RCU,NHS ENGLAND NORTH EAST AND YORKSHIRE ,SHEFFIELD CHILDREN'S NHS FOUNDATION TRUST,3483,0,0,317,0,0,159,0,0,21,0,0,1,0,715,0,0,70,3483,159,95.43,0
2024-08-01,REP,NHS ENGLAND NORTH WEST ,LIVERPOOL WOMEN'S NHS FOUNDATION TRUST,0,1297,0,0,133,0,0,161,0,0,0,0,0,0,0,100,0,11,1297,161,87.59,1
2024-08-01,RJ6,NHS ENGLAND LONDON,CROYDON HEALTH SERVICES NHS TRUST,12064,0,4545,0,0,0,3900,0,0,0,0,0,465,485,1384,0,0,118,16609,3900,76.52,1
2024-08-01,RJR,NHS ENGLAND NORTH WEST ,COUNTESS OF CHESTER HOSPITAL NHS FOUNDATION TRUST,4794,0,2183,0,0,0,2638,0,173,0,0,0,303,634,1541,0,0,1094,6977,2811,59.71,1
2024-08-01,RLQ,NHS ENGLAND MIDLANDS ,WYE VALLEY NHS TRUST,5824,1104,191,119,0,0,2317,0,0,28,0,0,402,241,1821,0,0,626,7119,2317,67.45,1
2024-08-01,RMC,NHS ENGLAND NORTH WEST ,BOLTON NHS FOUNDATION TRUST,7196,0,3435,36,0,58,3074,0,172,14,0,0,694,428,2141,0,94,640,10631,3246,69.47,1
2024-08-01,RPA,NHS ENGLAND SOUTH EAST ,MEDWAY NHS FOUNDATION TRUST,8254,0,6525,245,0,863,2698,0,448,55,0,0,405,572,1805,0,0,622,14779,3146,78.71,1
2024-08-01,RQW,NHS ENGLAND EAST OF ENGLAND ,THE PRINCESS ALEXANDRA HOSPITAL NHS TRUST,7939,0,1429,0,0,543,3654,0,0,0,0,0,395,85,2104,0,0,412,9368,3654,60.99,1
2024-08-01,RTQ,NHS ENGLAND SOUTH WEST ,GLOUCESTERSHIRE HEALTH AND CARE NHS FOUNDATION TRUST,0,0,7444,0,0,0,0,0,29,0,0,0,0,0,0,0,0,19,7444,29,99.61,0
2024-08-01,RVW,NHS ENGLAND NORTH EAST AND YORKSHIRE ,NORTH TEES AND HARTLEPOOL NHS FOUNDATION TRUST,4447,0,10672,0,0,0,1585,0,21,0,0,0,61,0,1552,0,481,1813,15119,1606,89.38,1
2024-08-01,RWD,NHS ENGLAND MIDLANDS ,UNITED LINCOLNSHIRE HOSPITALS NHS TRUST,9359,0,9710,0,0,0,6096,0,910,0,0,0,1146,732,4105,0,0,1092,19069,7006,63.26,1
2024-08-01,RWE,NHS ENGLAND MIDLANDS ,UNIVERSITY HOSPITALS OF LEICESTER NHS TRUST,20272,1837,0,0,0,0,8227,2,0,0,0,0,1536,662,5941,2,0,3262,22109,8229,62.78,1
2024-08-01,RXW,NHS ENGLAND MIDLANDS ,THE SHREWSBURY AND TELFORD HOSPITAL NHS TRUST,10059,0,2342,0,0,0,5314,0,176,0,0,0,590,546,3126,0,155,1825,12401,5490,55.73,1
2024-08-01,Y02676,NHS ENGLAND SOUTH EAST ,BRIGHTON STATION HEALTH CENTRE,0,0,1843,0,0,0,0,0,0,0,0,0,0,0,0,0,0,0,1843,0,100.0,0
2024-08-01,AD913,NHS ENGLAND LONDON,BECKENHAM BEACON UCC,0,0,3826,0,0,169,0,0,8,0,0,0,0,0,0,0,0,0,3826,8,99.79,0
2024-08-01,ARN03,NHS ENGLAND NORTH EAST AND YORKSHIRE ,LOCAL CARE DIRECT,0,0,1911,0,0,279,0,0,0,0,0,0,0,0,0,0,0,0,1911,0,100.0,0
2024-08-01,NLX,NHS ENGLAND SOUTH WEST ,SIRONA CARE & HEALTH,0,0,8236,0,0,306,0,0,278,0,0,61,0,0,0,0,0,0,8236,278,96.62,0
2024-08-01,NNJ07,NHS ENGLAND MIDLANDS ,LOUGHBOROUGH URGENT CARE CENTRE,0,0,5267,0,0,540,0,0,13,0,0,0,0,0,0,0,0,0,5267,13,99.75,0
2024-08-01,NNJ0H,NHS ENGLAND MIDLANDS ,LLR EA - THE MERLYN VAZ HEALTH & SOCIAL CARE CENTRE,0,0,158,0,0,2036,0,0,0,0,0,0,0,0,0,0,0,0,158,0,100.0,0
2024-08-01,NNJ12,NHS ENGLAND MIDLANDS ,MARKET HARBOROUGH,0,0,84,0,0,414,0,0,0,0,0,0,0,0,0,0,0,0,84,0,100.0,0
2024-08-01,NNJ13,NHS ENGLAND MIDLANDS ,MELTON MOWBRAY,0,0,75,0,0,374,0,0,0,0,0,0,0,0,0,0,0,0,75,0,100.0,0
2024-08-01,NNJ14,NHS ENGLAND MIDLANDS ,OADBY,0,0,555,0,0,2220,0,0,1,0,0,0,0,0,0,0,0,0,555,1,99.82,0
2024-08-01,NNJ15,NHS ENGLAND MIDLANDS ,OAKHAM,0,0,98,0,0,337,0,0,0,0,0,0,0,0,0,0,0,0,98,0,100.0,0
2024-08-01,NTPAD,NHS ENGLAND SOUTH EAST ,PRACTICE PLUS GROUP SURGICAL CENTRE - ST MARYS PORTSMOUTH,0,0,5199,0,0,273,0,0,15,0,0,0,0,0,0,0,0,0,5199,15,99.71,0
2024-08-01,R0A,NHS ENGLAND NORTH WEST ,MANCHESTER UNIVERSITY NHS FOUNDATION TRUST,21610,2878,10782,3238,507,1028,8773,54,486,1126,5,78,3009,171,5500,166,192,407,35270,9313,73.6,1
2024-08-01,R1K,NHS ENGLAND LONDON,LONDON NORTH WEST UNIVERSITY HEALTHCARE NHS TRUST,12312,0,13540,0,0,0,5394,0,69,0,0,0,613,315,6468,0,0,413,25852,5463,78.87,1
2024-08-01,RBK,NHS ENGLAND MIDLANDS ,WALSALL HEALTHCARE NHS TRUST,8140,0,3856,9,0,148,2010,0,51,1,0,0,494,28,3467,0,0,641,11996,2061,82.82,1
2024-08-01,RCX,NHS ENGLAND EAST OF ENGLAND ,"THE QUEEN ELIZABETH HOSPITAL, KING'S LYNN, NHS FOUNDATION TRUST",6630,0,1196,0,0,0,2298,0,0,0,0,0,207,63,1959,0,0,244,7826,2298,70.64,1
2024-08-01,RF4,NHS ENGLAND LONDON,"BARKING, HAVERING AND REDBRIDGE UNIVERSITY HOSPITALS NHS TRUST",11649,2203,11348,0,0,0,4999,249,69,0,0,0,620,630,7338,0,0,374,25200,5317,78.9,1
2024-08-01,RN3,NHS ENGLAND SOUTH WEST ,GREAT WESTERN HOSPITALS NHS FOUNDATION TRUST,5235,0,5541,0,0,4,2055,0,157,0,0,0,602,0,2433,0,0,1248,10776,2212,79.47,1
2024-08-01,RR8,NHS ENGLAND NORTH EAST AND YORKSHIRE ,LEEDS TEACHING HOSPITALS NHS TRUST,16116,686,10138,61,0,35,5972,0,32,13,0,0,1581,67,3607,0,0,1142,26940,6004,77.71,1
2024-08-01,RRF,NHS ENGLAND NORTH WEST ,"WRIGHTINGTON, WIGAN AND LEIGH NHS FOUNDATION TRUST",6825,0,4797,0,0,0,3138,0,14,0,0,0,1217,206,2387,0,0,679,11622,3152,72.88,1
2024-08-01,RRK,NHS ENGLAND MIDLANDS ,UNIVERSITY HOSPITALS BIRMINGHAM NHS FOUNDATION TRUST,31490,363,1511,31,0,252,12017,0,34,19,0,1,2750,1600,11641,0,0,5192,33364,12051,63.88,1
2024-08-01,RTG,NHS ENGLAND MIDLANDS ,UNIVERSITY HOSPITALS OF DERBY AND BURTON NHS FOUNDATION TRUST,19069,0,8871,388,0,32,7987,0,0,124,0,0,828,639,4062,0,1,2481,27940,7987,71.41,1
2024-08-01,RTX,NHS ENGLAND NORTH WEST ,UNIVERSITY HOSPITALS OF MORECAMBE BAY NHS FOUNDATION TRUST,8644,0,3291,164,0,726,2490,0,58,17,0,75,554,256,3028,0,24,874,11935,2548,78.65,1
2024-08-01,RVJ,NHS ENGLAND SOUTH WEST ,NORTH BRISTOL NHS TRUST,8834,0,0,11,0,0,3410,0,0,4,0,0,662,83,2664,0,0,1798,8834,3410,61.4,1
2024-08-01,RW4,NHS ENGLAND NORTH WEST ,MERSEY CARE NHS FOUNDATION TRUST,0,0,11716,0,0,0,0,0,107,0,0,0,0,0,0,0,0,64,11716,107,99.09,0
2024-08-01,RWJ,NHS ENGLAND NORTH WEST ,STOCKPORT NHS FOUNDATION TRUST,7521,0,902,207,0,43,2914,0,8,77,0,0,636,90,2567,0,84,782,8423,2922,65.31,1
2024-08-01,RWW,NHS ENGLAND NORTH WEST ,WARRINGTON AND HALTON TEACHING HOSPITALS NHS FOUNDATION TRUST,6457,0,2811,218,0,139,3266,0,43,75,0,1,833,569,1717,0,0,123,9268,3309,64.3,1
2024-08-01,RXF,NHS ENGLAND NORTH EAST AND YORKSHIRE ,MID YORKSHIRE TEACHING NHS TRUST,15391,151,5579,124,0,76,5982,0,163,4,0,0,2271,118,3544,0,165,806,21121,6145,70.91,1
2024-08-01,RXQ,NHS ENGLAND SOUTH EAST ,BUCKINGHAMSHIRE HEALTHCARE NHS TRUST,9083,1106,3295,1,0,0,3045,0,119,1,0,0,257,114,4044,759,0,1635,13484,3164,76.54,1
2024-08-01,RYJ,NHS ENGLAND LONDON,IMPERIAL COLLEGE HEALTHCARE NHS TRUST,10815,3847,7157,0,0,401,4454,45,259,0,0,0,660,170,3799,1,0,1067,21819,4758,78.19,1
2024-08-01,ACH01,NHS ENGLAND SOUTH EAST ,WHITSTABLE MEDICAL PRACTICE,0,0,5170,0,0,0,0,0,0,0,0,0,0,0,0,0,0,0,5170,0,100.0,0
2024-08-01,AJN,NHS ENGLAND NORTH EAST AND YORKSHIRE ,WORKINGTON HEALTH LIMITED,0,0,381,0,0,0,0,0,0,0,0,0,0,0,0,0,0,0,381,0,100.0,0
2024-08-01,NNF09,NHS ENGLAND NORTH EAST AND YORKSHIRE ,BRANSHOLME HEALTH CENTRE,0,0,3487,0,0,0,0,0,218,0,0,0,0,0,0,0,0,0,3487,218,93.75,1
2024-08-01,NNF16,NHS ENGLAND NORTH EAST AND YORKSHIRE ,BRIDLINGTON HOSPITAL,0,0,1838,0,0,0,0,0,37,0,0,0,0,0,0,0,0,0,1838,37,97.99,0
2024-08-01,NNF94,NHS ENGLAND NORTH EAST AND YORKSHIRE ,EAST RIDING COMMUNITY HOSPITAL,0,0,2910,0,0,0,0,0,169,0,0,0,0,0,0,0,0,0,2910,169,94.19,1
2024-08-01,NNFA7,NHS ENGLAND NORTH EAST AND YORKSHIRE ,GOOLE & DISTRICT HOSPITAL,0,0,1541,0,0,0,0,0,15,0,0,0,0,0,0,0,0,0,1541,15,99.03,0
2024-08-01,NR3,NHS ENGLAND MIDLANDS ,NOTTINGHAM CITYCARE PARTNERSHIP,0,0,4789,0,0,241,0,0,92,0,0,0,0,0,0,0,0,0,4789,92,98.08,0
2024-08-01,R1D,NHS ENGLAND MIDLANDS ,SHROPSHIRE COMMUNITY HEALTH NHS TRUST,0,0,3262,0,0,1,0,0,3,0,0,0,0,0,0,0,0,0,3262,3,99.91,0
2024-08-01,R1F,NHS ENGLAND SOUTH EAST ,ISLE OF WIGHT NHS TRUST,4455,282,1791,20,0,22,1900,0,0,5,0,0,171,34,1144,0,0,308,6528,1900,70.89,1
2024-08-01,RAE,NHS ENGLAND NORTH EAST AND YORKSHIRE ,BRADFORD TEACHING HOSPITALS NHS FOUNDATION TRUST,8798,1061,2757,0,0,0,2109,0,0,0,0,0,643,64,2459,0,28,1356,12616,2109,83.28,1
2024-08-01,RBS,NHS ENGLAND NORTH WEST ,ALDER HEY CHILDREN'S NHS FOUNDATION TRUST,3843,0,0,0,0,0,290,0,0,0,0,0,0,0,693,0,0,268,3843,290,92.45,1
2024-08-01,RC9,NHS ENGLAND EAST OF ENGLAND ,BEDFORDSHIRE HOSPITALS NHS FOUNDATION TRUST,15388,0,6452,0,0,959,5874,0,0,0,0,0,82,3,4343,0,0,2235,21840,5874,73.1,1
2024-08-01,RCF,NHS ENGLAND NORTH EAST AND YORKSHIRE ,AIREDALE NHS FOUNDATION TRUST,5712,250,0,466,0,0,2335,0,0,0,0,0,419,101,1463,0,0,504,5962,2335,60.84,1
2024-08-01,RD8,NHS ENGLAND EAST OF ENGLAND ,MILTON KEYNES UNIVERSITY HOSPITAL NHS FOUNDATION TRUST,7730,0,4619,535,0,173,2694,0,50,169,0,0,384,0,2146,0,0,406,12349,2744,77.78,1
2024-08-01,REF,NHS ENGLAND SOUTH WEST ,ROYAL CORNWALL HOSPITALS NHS TRUST,6978,0,13933,0,0,0,4106,0,1106,0,0,0,691,375,2357,0,85,1365,20911,5212,75.08,1
2024-08-01,RGP,NHS ENGLAND EAST OF ENGLAND ,JAMES PAGET UNIVERSITY HOSPITALS NHS FOUNDATION TRUST,7757,0,1390,0,0,0,3175,0,0,0,0,0,622,269,1697,0,0,364,9147,3175,65.29,1
2024-08-01,RH8,NHS ENGLAND SOUTH WEST ,ROYAL DEVON UNIVERSITY HEALTHCARE NHS FOUNDATION TRUST,12797,0,4349,1256,0,88,4835,0,38,417,0,3,923,18,3964,0,0,2052,17146,4873,71.58,1
2024-08-01,RJ2,NHS ENGLAND LONDON,LEWISHAM AND GREENWICH NHS TRUST,13116,0,9639,0,0,0,6100,0,963,0,0,0,909,317,4035,0,0,1440,22755,7063,68.96,1
2024-08-01,RJ7,NHS ENGLAND LONDON,ST GEORGE'S UNIVERSITY HOSPITALS NHS FOUNDATION TRUST,7874,0,3433,430,0,0,2229,0,0,56,0,0,516,643,2501,0,0,757,11307,2229,80.29,1
2024-08-01,RJC,NHS ENGLAND MIDLANDS ,SOUTH WARWICKSHIRE UNIVERSITY NHS FOUNDATION TRUST,7904,0,387,0,0,0,2064,0,0,0,0,0,227,3,2159,0,0,829,8291,2064,75.11,1
2024-08-01,RK5,NHS ENGLAND MIDLANDS ,SHERWOOD FOREST HOSPITALS NHS FOUNDATION TRUST,10030,0,5073,342,0,125,2611,0,83,101,0,5,219,27,3583,0,0,286,15103,2694,82.16,1
2024-08-01,RL4,NHS ENGLAND MIDLANDS ,THE ROYAL WOLVERHAMPTON NHS TRUST,12199,0,6590,70,0,791,3643,0,23,9,0,0,1004,182,5672,0,0,892,18789,3666,80.49,1
2024-08-01,RLT,NHS ENGLAND MIDLANDS ,GEORGE ELIOT HOSPITAL NHS TRUST,6068,0,1727,0,0,0,2011,0,16,0,0,0,505,56,1119,0,0,30,7795,2027,74.0,1
2024-08-01,RNA,NHS ENGLAND MIDLANDS ,THE DUDLEY GROUP NHS FOUNDATION TRUST,8675,0,3924,0,0,713,2155,0,30,0,0,0,1944,11,3596,0,0,2091,12599,2185,82.66,1
2024-08-01,RNN,NHS ENGLAND NORTH EAST AND YORKSHIRE ,NORTH CUMBRIA INTEGRATED CARE NHS FOUNDATION TRUST,8417,0,1977,389,0,39,3254,0,52,80,0,3,570,379,2330,0,0,683,10394,3306,68.19,1
2024-08-01,RNS,NHS ENGLAND MIDLANDS ,NORTHAMPTON GENERAL HOSPITAL NHS TRUST,9338,584,1949,1322,0,69,3165,13,21,374,0,2,526,721,1925,0,0,1155,11871,3199,73.05,1
2024-08-01,RP5,NHS ENGLAND NORTH EAST AND YORKSHIRE ,DONCASTER AND BASSETLAW TEACHING HOSPITALS NHS FOUNDATION TRUST,12903,0,3593,0,0,0,4532,0,4,0,0,0,984,82,4240,0,416,921,16496,4536,72.5,1
2024-08-01,RP6,NHS ENGLAND LONDON,MOORFIELDS EYE HOSPITAL NHS FOUNDATION TRUST,0,5681,0,0,0,0,0,106,0,0,0,0,0,0,0,1,0,235,5681,106,98.13,0
2024-08-01,RQM,NHS ENGLAND LONDON,CHELSEA AND WESTMINSTER HOSPITAL NHS FOUNDATION TRUST,17554,0,5324,578,0,0,4169,0,23,0,0,0,321,37,2560,0,0,366,22878,4192,81.68,1
2024-08-01,RTD,NHS ENGLAND NORTH EAST AND YORKSHIRE ,THE NEWCASTLE UPON TYNE HOSPITALS NHS FOUNDATION TRUST,11019,1533,4532,0,0,741,4134,57,0,0,0,0,280,3,3250,24,0,2712,17084,4191,75.47,1
2024-08-01,RTK,NHS ENGLAND SOUTH EAST ,ASHFORD AND ST PETER'S HOSPITALS NHS FOUNDATION TRUST,9097,0,0,0,0,0,2779,0,0,0,0,0,455,137,2698,0,0,555,9097,2779,69.45,1
2024-08-01,RTR,NHS ENGLAND NORTH EAST AND YORKSHIRE ,SOUTH TEES HOSPITALS NHS FOUNDATION TRUST,7068,0,8661,0,0,1660,3345,0,323,0,0,42,224,3,2539,0,128,2107,15729,3668,76.68,1
2024-08-01,RVV,NHS ENGLAND SOUTH EAST ,EAST KENT HOSPITALS UNIVERSITY NHS FOUNDATION TRUST,12131,0,12066,0,0,0,5313,0,152,0,0,0,581,1033,2971,0,637,481,24197,5465,77.41,1
2024-08-01,RWA,NHS ENGLAND NORTH EAST AND YORKSHIRE ,HULL UNIVERSITY TEACHING HOSPITALS NHS TRUST,8912,0,4121,0,0,0,4513,0,128,0,0,0,1046,221,3476,0,0,1974,13033,4641,64.39,1
2024-08-01,RX1,NHS ENGLAND MIDLANDS ,NOTTINGHAM UNIVERSITY HOSPITALS NHS TRUST,14080,1762,331,588,0,0,6415,74,1,243,0,0,702,230,4180,0,0,3716,16173,6490,59.87,1
2024-08-01,RXC,NHS ENGLAND SOUTH EAST ,EAST SUSSEX HEALTHCARE NHS TRUST,8411,0,2403,1913,0,1162,2960,0,13,0,0,0,239,4,2971,0,0,596,10814,2973,72.51,1
2024-08-01,RXN,NHS ENGLAND NORTH WEST ,LANCASHIRE TEACHING HOSPITALS NHS FOUNDATION TRUST,11392,0,3432,140,0,35,4112,0,67,21,0,0,1029,299,3076,0,80,1095,14824,4179,71.81,1
2024-08-01,RXR,NHS ENGLAND NORTH WEST ,EAST LANCASHIRE HOSPITALS NHS TRUST,12519,0,9583,0,0,0,4131,0,385,0,0,0,767,713,4075,0,92,1386,22102,4516,79.57,1
2024-08-01,RY7,NHS ENGLAND NORTH WEST ,WIRRAL COMMUNITY HEALTH AND CARE NHS FOUNDATION TRUST,0,0,4431,0,0,0,0,0,92,0,0,0,0,0,0,0,0,0,4431,92,97.92,0
2024-08-01,RYR,NHS ENGLAND SOUTH EAST ,UNIVERSITY HOSPITALS SUSSEX NHS FOUNDATION TRUST,21299,1537,5156,1364,0,1168,8909,26,583,443,0,26,1561,1108,8163,35,43,1373,27992,9518,66.0,1
2024-08-01,R0D,NHS ENGLAND SOUTH WEST ,UNIVERSITY HOSPITALS DORSET NHS FOUNDATION TRUST,13227,0,5108,0,0,0,4636,0,0,0,0,0,520,34,4203,6,0,2250,18335,4636,74.72,1
2024-08-01,RAS,NHS ENGLAND LONDON,THE HILLINGDON HOSPITALS NHS FOUNDATION TRUST,5660,0,6238,0,0,0,3220,0,124,0,0,0,280,10,2589,0,0,207,11898,3344,71.89,1
2024-08-01,RBN,NHS ENGLAND NORTH WEST ,MERSEY AND WEST LANCASHIRE TEACHING HOSPITALS NHS TRUST,15686,0,6746,426,0,0,5312,0,41,46,0,0,718,298,6935,0,0,587,22432,5353,76.14,1
2024-08-01,RCB,NHS ENGLAND NORTH EAST AND YORKSHIRE ,YORK AND SCARBOROUGH TEACHING HOSPITALS NHS FOUNDATION TRUST,10260,359,6792,0,0,0,5736,0,221,0,0,0,830,388,4485,0,0,1351,17411,5957,65.79,1
2024-08-01,RCD,NHS ENGLAND NORTH EAST AND YORKSHIRE ,HARROGATE AND DISTRICT NHS FOUNDATION TRUST,4834,0,1047,294,0,32,1229,0,0,40,0,0,212,4,1055,0,0,240,5881,1229,79.1,1
2024-08-01,RDE,NHS ENGLAND EAST OF ENGLAND ,EAST SUFFOLK AND NORTH ESSEX NHS FOUNDATION TRUST,14589,0,11577,768,0,282,6004,0,90,0,0,0,931,120,6315,0,333,891,26166,6094,76.71,1
2024-08-01,RFR,NHS ENGLAND NORTH EAST AND YORKSHIRE ,THE ROTHERHAM NHS FOUNDATION TRUST,8118,0,0,0,0,0,2552,0,0,0,0,0,337,0,1904,0,0,344,8118,2552,68.56,1
2024-08-01,RFS,NHS ENGLAND MIDLANDS ,CHESTERFIELD ROYAL HOSPITAL NHS FOUNDATION TRUST,7088,0,1456,185,0,90,3150,0,126,71,0,9,756,57,2644,0,275,563,8544,3276,61.66,1
2024-08-01,RGN,NHS ENGLAND EAST OF ENGLAND ,NORTH WEST ANGLIA NHS FOUNDATION TRUST,13526,0,4324,250,0,466,4683,0,98,73,0,6,604,559,3517,0,54,1252,17850,4781,73.22,1
2024-08-01,RGT,NHS ENGLAND EAST OF ENGLAND ,CAMBRIDGE UNIVERSITY HOSPITALS NHS FOUNDATION TRUST,10138,0,5640,283,0,337,4471,0,61,83,0,5,595,245,2740,0,34,451,15778,4532,71.28,1
2024-08-01,RH5,NHS ENGLAND SOUTH WEST ,SOMERSET NHS FOUNDATION TRUST,12836,0,9360,0,0,1,4814,0,141,0,0,0,322,38,3088,0,0,2011,22196,4955,77.68,1
2024-08-01,RHQ,NHS ENGLAND NORTH EAST AND YORKSHIRE ,SHEFFIELD TEACHING HOSPITALS NHS FOUNDATION TRUST,8861,1132,6642,370,1,985,4351,0,88,151,0,4,1097,13,3514,0,0,2968,16635,4439,73.32,1
2024-08-01,RJE,NHS ENGLAND MIDLANDS ,UNIVERSITY HOSPITALS OF NORTH MIDLANDS NHS TRUST,12919,433,7598,613,0,515,5675,0,60,219,0,8,1133,247,4994,0,0,3714,20950,5735,72.63,1
2024-08-01,RKB,NHS ENGLAND MIDLANDS ,UNIVERSITY HOSPITALS COVENTRY AND WARWICKSHIRE NHS TRUST,10799,816,5748,0,0,0,5613,168,146,0,0,0,108,26,1669,30,150,598,17363,5927,65.86,1
2024-08-01,RKE,NHS ENGLAND LONDON,WHITTINGTON HEALTH NHS TRUST,8979,0,0,0,0,0,2440,0,0,0,0,0,302,113,983,0,0,38,8979,2440,72.83,1
2024-08-01,RM1,NHS ENGLAND EAST OF ENGLAND ,NORFOLK AND NORWICH UNIVERSITY HOSPITALS NHS FOUNDATION TRUST,12009,0,8937,0,0,0,3719,0,1,0,0,0,594,69,2697,0,0,1524,20946,3720,82.24,1
2024-08-01,RMP,NHS ENGLAND NORTH WEST ,TAMESIDE AND GLOSSOP INTEGRATED CARE NHS FOUNDATION TRUST,7648,0,2203,378,0,211,3013,0,0,0,0,0,629,97,1721,0,0,326,9851,3013,69.41,1
2024-08-01,RN5,NHS ENGLAND SOUTH EAST ,HAMPSHIRE HOSPITALS NHS FOUNDATION TRUST,11978,104,476,0,0,161,5150,0,0,0,0,0,283,20,4148,10,37,1158,12558,5150,58.99,1
2024-08-01,RN7,NHS ENGLAND SOUTH EAST ,DARTFORD AND GRAVESHAM NHS TRUST,10046,0,3539,0,0,0,2955,0,16,0,0,0,578,50,2806,0,0,400,13585,2971,78.13,1
2024-08-01,RNZ,NHS ENGLAND SOUTH WEST ,SALISBURY NHS FOUNDATION TRUST,4489,334,1814,176,0,0,1846,0,0,75,0,0,379,2,1309,0,0,862,6637,1846,72.19,1
2024-08-01,RTE,NHS ENGLAND SOUTH WEST ,GLOUCESTERSHIRE HOSPITALS NHS FOUNDATION TRUST,12375,0,0,220,0,0,4612,0,0,61,0,0,586,394,2569,0,0,1970,12375,4612,62.73,1
2024-08-01,RTF,NHS ENGLAND NORTH EAST AND YORKSHIRE ,NORTHUMBRIA HEALTHCARE NHS FOUNDATION TRUST,8979,0,12194,0,0,0,1587,0,7,0,0,0,8,0,4196,0,63,417,21173,1594,92.47,1
2024-08-01,RWH,NHS ENGLAND EAST OF ENGLAND ,EAST AND NORTH HERTFORDSHIRE NHS TRUST,8325,0,6787,0,0,0,3977,0,55,0,0,0,180,10,3300,0,99,264,15112,4032,73.32,1
2024-08-01,RWP,NHS ENGLAND MIDLANDS ,WORCESTERSHIRE ACUTE HOSPITALS NHS TRUST,12435,0,6018,193,0,17,5940,0,4,74,0,0,780,335,3307,0,0,922,18453,5944,67.79,1
2024-08-01,RY2,NHS ENGLAND NORTH WEST ,BRIDGEWATER COMMUNITY HEALTHCARE NHS FOUNDATION TRUST,0,0,2856,0,0,160,0,0,35,0,0,1,0,0,0,0,0,0,2856,35,98.77,0
2024-08-01,RAP,NHS ENGLAND LONDON,NORTH MIDDLESEX UNIVERSITY HOSPITAL NHS TRUST,7497,446,5804,97,1,120,3764,1,449,39,0,16,340,742,1373,0,148,73,13747,4214,69.35,1
2024-08-01,RAX,NHS ENGLAND LONDON,KINGSTON HOSPITAL NHS FOUNDATION TRUST,6465,0,7507,0,0,0,2705,0,171,0,0,0,214,343,1935,0,152,469,13972,2876,79.42,1
2024-08-01,RD1,NHS ENGLAND SOUTH WEST ,ROYAL UNITED HOSPITALS BATH NHS FOUNDATION TRUST,8167,0,0,0,0,0,3025,0,0,0,0,0,560,15,2434,0,7,1471,8167,3025,62.96,1
2024-08-01,RHM,NHS ENGLAND SOUTH EAST ,UNIVERSITY HOSPITAL SOUTHAMPTON NHS FOUNDATION TRUST,11011,1283,0,225,0,0,3616,112,0,42,0,0,241,6,3770,8,0,1541,12294,3728,69.68,1
2024-08-01,RJ1,NHS ENGLAND LONDON,GUY'S AND ST THOMAS' NHS FOUNDATION TRUST,9600,755,6306,0,0,0,3894,29,284,0,0,0,128,18,2073,0,0,231,16661,4207,74.75,1
2024-08-01,RJL,NHS ENGLAND NORTH EAST AND YORKSHIRE ,NORTHERN LINCOLNSHIRE AND GOOLE NHS FOUNDATION TRUST,8901,0,6001,0,0,391,4401,0,49,0,0,2,761,652,5038,0,0,326,14902,4450,70.14,1
2024-08-01,RVR,NHS ENGLAND LONDON,EPSOM AND ST HELIER UNIVERSITY HOSPITALS NHS TRUST,10029,301,1507,321,0,24,2603,0,92,41,0,1,346,498,1789,2,0,135,11837,2695,77.23,1
2024-08-01,RXK,NHS ENGLAND MIDLANDS ,SANDWELL AND WEST BIRMINGHAM HOSPITALS NHS TRUST,13740,1292,6652,921,0,0,6199,209,12,142,0,0,1526,406,2635,0,0,452,21684,6420,70.39,1
2024-08-01,C83023,NHS ENGLAND MIDLANDS ,SLEAFORD MEDICAL GROUP,0,0,520,0,0,0,0,0,0,0,0,0,0,0,0,0,0,10,520,0,100.0,0
2024-08-01,RXP,NHS ENGLAND NORTH EAST AND YORKSHIRE ,COUNTY DURHAM AND DARLINGTON NHS FOUNDATION TRUST,12196,0,4102,0,0,6940,5277,0,0,0,0,0,1767,19,3974,0,0,701,16298,5277,67.62,1
2024-08-01,RYX,NHS ENGLAND LONDON,CENTRAL LONDON COMMUNITY HEALTHCARE NHS TRUST,0,0,10103,0,0,400,0,0,76,0,0,0,0,0,0,0,0,0,10103,76,99.25,0
2024-08-01,R1H,NHS ENGLAND LONDON,BARTS HEALTH NHS TRUST,23072,900,15461,0,0,0,10843,32,1024,0,0,0,1259,923,4736,0,0,1177,39433,11899,69.82,1
2024-08-01,RDR,NHS ENGLAND SOUTH EAST ,SUSSEX COMMUNITY NHS FOUNDATION TRUST,0,0,11466,0,0,0,0,0,129,0,0,0,0,0,0,0,0,0,11466,129,98.87,0
2024-08-01,RAL,NHS ENGLAND LONDON,ROYAL FREE LONDON NHS FOUNDATION TRUST,16221,0,7472,0,0,0,5507,0,35,0,0,0,983,517,3828,0,0,562,23693,5542,76.61,1
2024-08-01,RBL,NHS ENGLAND NORTH WEST ,WIRRAL UNIVERSITY TEACHING HOSPITAL NHS FOUNDATION TRUST,7488,0,2445,0,0,189,4206,0,6,0,0,1,668,628,2151,0,0,1647,9933,4212,57.6,1
2024-08-01,RBT,NHS ENGLAND NORTH WEST ,MID CHESHIRE HOSPITALS NHS FOUNDATION TRUST,6652,0,2720,4,0,48,3586,0,39,0,0,2,596,539,2223,0,0,926,9372,3625,61.32,1
2024-08-01,RHW,NHS ENGLAND SOUTH EAST ,ROYAL BERKSHIRE NHS FOUNDATION TRUST,11028,2275,0,713,14,0,3195,11,0,174,2,0,297,0,2392,2,0,540,13303,3206,75.9,1
2024-08-01,RPC,NHS ENGLAND SOUTH EAST ,QUEEN VICTORIA HOSPITAL NHS FOUNDATION TRUST,0,0,1586,0,0,0,0,0,0,0,0,0,0,0,0,0,3,583,1586,0,100.0,0
2024-08-01,RTH,NHS ENGLAND SOUTH EAST ,OXFORD UNIVERSITY HOSPITALS NHS FOUNDATION TRUST,11262,1807,1778,1328,0,105,3596,0,3,296,0,1,782,0,4247,131,14,4350,14847,3599,75.76,1
2024-08-01,RJZ,NHS ENGLAND LONDON,KING'S COLLEGE HOSPITAL NHS FOUNDATION TRUST,14582,0,7961,65,0,1149,5850,0,256,9,0,3,1374,452,2793,0,0,413,22543,6106,72.91,1
2024-08-01,RWG,NHS ENGLAND EAST OF ENGLAND ,WEST HERTFORDSHIRE TEACHING HOSPITALS NHS TRUST,7704,0,7134,0,0,834,2355,0,117,0,0,0,557,25,3979,0,0,549,14838,2472,83.34,1
2024-08-01,RM3,NHS ENGLAND NORTH WEST ,NORTHERN CARE ALLIANCE NHS FOUNDATION TRUST,23316,0,8184,0,0,0,10163,0,229,0,0,0,3807,496,6691,0,298,1727,31500,10392,67.01,1
2024-08-01,RHU,NHS ENGLAND SOUTH EAST ,PORTSMOUTH HOSPITALS UNIVERSITY NATIONAL HEALTH SERVICE TRUST,9425,762,2991,1367,0,783,4560,8,20,695,0,5,1503,19,3377,0,0,2373,13178,4588,65.18,1
2024-12-01,AQN04,NHS ENGLAND SOUTH EAST ,PHL LYMINGTON UTC,0,0,2808,0,0,13,0,0,4,0,0,0,0,0,0,0,0,0,2808,4,99.86,0
2024-12-01,G0Q0L,NHS ENGLAND LONDON,BARKING HOSPITAL UTC,0,0,2841,0,0,0,0,0,35,0,0,0,0,0,0,0,0,0,2841,35,98.77,0
2024-12-01,K6K0R,NHS ENGLAND LONDON,HAROLD WOOD POLYCLINIC UTC,0,0,2880,0,0,0,0,0,18,0,0,0,0,0,0,0,0,0,2880,18,99.38,0
2024-12-01,RBT,NHS ENGLAND NORTH WEST ,MID CHESHIRE HOSPITALS NHS FOUNDATION TRUST,7274,0,2684,0,0,62,4418,0,137,0,0,9,683,609,2427,0,0,1048,9958,4555,54.26,1
2024-12-01,RTP,NHS ENGLAND SOUTH EAST ,SURREY AND SUSSEX HEALTHCARE NHS TRUST,11305,0,0,0,0,0,5040,0,0,0,0,0,662,525,3137,0,0,874,11305,5040,55.42,1
2024-12-01,RW1,NHS ENGLAND SOUTH EAST ,HAMPSHIRE AND ISLE OF WIGHT HEALTHCARE NHS FOUNDATION TRUST,0,0,2915,0,0,0,0,0,51,0,0,0,0,0,0,0,0,121,2915,51,98.25,0
2024-12-01,RYY,NHS ENGLAND SOUTH EAST ,KENT COMMUNITY HEALTH NHS FOUNDATION TRUST,0,0,9337,0,0,0,0,0,43,0,0,0,0,0,0,0,0,0,9337,43,99.54,0
2024-12-01,AAH,NHS ENGLAND SOUTH WEST ,TETBURY HOSPITAL TRUST LTD,0,0,547,0,0,0,0,0,0,0,0,0,0,0,0,0,0,0,547,0,100.0,0
2024-12-01,C82038,NHS ENGLAND MIDLANDS ,LATHAM HOUSE MEDICAL PRACTICE,0,0,255,0,0,0,0,0,0,0,0,0,0,0,0,0,0,0,255,0,100.0,0
2024-12-01,C83023,NHS ENGLAND MIDLANDS ,SLEAFORD MEDICAL GROUP,0,0,691,0,0,0,0,0,0,0,0,0,0,0,0,0,0,2,691,0,100.0,0
2024-12-01,L83087,NHS ENGLAND SOUTH WEST ,OKEHAMPTON MEDICAL CENTRE,0,0,62,0,0,0,0,0,0,0,0,0,0,0,0,0,0,0,62,0,100.0,0
2024-12-01,NDJ,NHS ENGLAND SOUTH EAST ,FIRST COMMUNITY HEALTH AND CARE CIC,0,0,2047,0,0,0,0,0,0,0,0,0,0,0,0,0,0,0,2047,0,100.0,0
2024-12-01,NQT5F,NHS ENGLAND NORTH WEST ,SKELMERSDALE WALK IN CENTRE,0,0,1855,0,0,0,0,0,13,0,0,0,0,0,0,0,0,0,1855,13,99.3,0
2024-12-01,NQT5H,NHS ENGLAND SOUTH WEST ,PAULTON MEMORIAL HOSPITAL,0,0,919,0,0,0,0,0,2,0,0,0,0,0,0,0,0,0,919,2,99.78,0
2024-12-01,NQTE4,NHS ENGLAND MIDLANDS ,SUMMERFIELD URGENT CARE CENTRE,0,0,3187,0,0,0,0,0,0,0,0,0,0,0,0,0,0,0,3187,0,100.0,0
2024-12-01,NR3,NHS ENGLAND MIDLANDS ,NOTTINGHAM CITYCARE PARTNERSHIP,0,0,5522,0,0,272,0,0,857,0,0,0,0,0,0,0,0,0,5522,857,84.48,1
2024-12-01,NTP11,NHS ENGLAND SOUTH EAST ,PRACTICE PLUS GROUP HOSPITAL - SOUTHAMPTON,0,0,5058,0,0,0,0,0,235,0,0,0,0,0,0,0,0,0,5058,235,95.35,0
2024-12-01,NTV0B,NHS ENGLAND SOUTH EAST ,ASHFORD WALK-IN-CENTRE,0,0,2372,0,0,0,0,0,170,0,0,0,0,0,0,0,0,0,2372,170,92.83,1
2024-12-01,NTV0W,NHS ENGLAND SOUTH EAST ,WOKING WALK IN CENTRE,0,0,2564,0,0,0,0,0,45,0,0,0,0,0,0,0,0,0,2564,45,98.24,0
2024-12-01,RNU,NHS ENGLAND SOUTH EAST ,OXFORD HEALTH NHS FOUNDATION TRUST,0,0,3042,0,0,0,0,0,256,0,0,0,0,0,0,0,0,0,3042,256,91.58,1
2024-12-01,RPC,NHS ENGLAND SOUTH EAST ,QUEEN VICTORIA HOSPITAL NHS FOUNDATION TRUST,0,0,1316,0,0,0,0,0,5,0,0,0,0,0,0,0,2,480,1316,5,99.62,0
2024-12-01,RWY,NHS ENGLAND NORTH EAST AND YORKSHIRE ,CALDERDALE AND HUDDERSFIELD NHS FOUNDATION TRUST,16032,0,0,0,0,0,5838,0,0,0,0,0,1353,19,3272,0,0,329,16032,5838,63.59,1
2024-12-01,Y02532,NHS ENGLAND NORTH WEST ,MIRIAM MINOR EMERGENCY,0,0,1687,0,0,0,0,0,0,0,0,0,0,0,0,0,0,0,1687,0,100.0,0
2024-12-01,Y02615,NHS ENGLAND MIDLANDS ,SOUTH BIRMINGHAM GP WALK IN CENTRE,0,0,7704,0,0,0,0,0,0,0,0,0,0,0,0,0,0,0,7704,0,100.0,0
2024-12-01,Y02676,NHS ENGLAND SOUTH EAST ,BRIGHTON STATION HEALTH CENTRE,0,0,1820,0,0,0,0,0,0,0,0,0,0,0,0,0,0,0,1820,0,100.0,0
2024-12-01,Y07709,NHS ENGLAND SOUTH EAST ,READING URGENT CARE CENTRE,0,0,2022,0,0,0,0,0,0,0,0,0,0,0,0,0,0,0,2022,0,100.0,0
2024-12-01,NL7,NHS ENGLAND MIDLANDS ,ASSURA VERTIS URGENT CARE CENTRES (BIRMINGHAM),0,0,4899,0,0,0,0,0,0,0,0,0,0,0,0,0,0,0,4899,0,100.0,0
2024-12-01,NNJ,NHS ENGLAND MIDLANDS ,DHU HEALTH CARE C.I.C,0,0,2279,0,0,0,0,0,0,0,0,0,0,0,0,0,0,0,2279,0,100.0,0
2024-12-01,RA9,NHS ENGLAND SOUTH WEST ,TORBAY AND SOUTH DEVON NHS FOUNDATION TRUST,6285,0,2940,495,0,172,3208,0,42,216,0,2,374,80,2175,0,0,1235,9225,3250,64.77,1
2024-12-01,RFF,NHS ENGLAND NORTH EAST AND YORKSHIRE ,BARNSLEY HOSPITAL NHS FOUNDATION TRUST,9184,0,0,19,0,0,3487,0,0,0,0,0,841,5,2994,0,0,526,9184,3487,62.03,1
2024-12-01,RNS,NHS ENGLAND MIDLANDS ,NORTHAMPTON GENERAL HOSPITAL NHS TRUST,9144,490,2669,1528,0,189,4028,6,409,525,0,24,500,874,2236,0,0,991,12303,4443,63.89,1
2024-12-01,RQW,NHS ENGLAND EAST OF ENGLAND ,THE PRINCESS ALEXANDRA HOSPITAL NHS TRUST,8022,0,2229,0,0,788,4949,0,0,0,0,0,584,289,1671,0,0,221,10251,4949,51.72,1
2024-12-01,RV9,NHS ENGLAND NORTH EAST AND YORKSHIRE ,HUMBER TEACHING NHS FOUNDATION TRUST,0,0,1102,0,0,38,0,0,5,0,0,0,0,0,0,0,0,0,1102,5,99.55,0
2024-12-01,RY8,NHS ENGLAND MIDLANDS ,DERBYSHIRE COMMUNITY HEALTH SERVICES NHS FOUNDATION TRUST,0,0,6211,0,0,2205,0,0,43,0,0,10,0,0,0,0,0,0,6211,43,99.31,0
2024-12-01,Y02428,NHS ENGLAND EAST OF ENGLAND ,PUTNOE WALK IN CENTRE,0,0,4070,0,0,0,0,0,0,0,0,0,0,0,0,0,0,0,4070,0,100.0,0
2024-12-01,NNJ07,NHS ENGLAND MIDLANDS ,LOUGHBOROUGH URGENT CARE CENTRE,0,0,6414,0,0,624,0,0,38,0,0,2,0,0,0,0,0,0,6414,38,99.41,0
2024-12-01,NNJ0H,NHS ENGLAND MIDLANDS ,LLR EA - THE MERLYN VAZ HEALTH & SOCIAL CARE CENTRE,0,0,172,0,0,2283,0,0,0,0,0,0,0,0,0,0,0,0,172,0,100.0,0
2024-12-01,NNJ12,NHS ENGLAND MIDLANDS ,MARKET HARBOROUGH,0,0,134,0,0,503,0,0,0,0,0,0,0,0,0,0,0,0,134,0,100.0,0
2024-12-01,NNJ13,NHS ENGLAND MIDLANDS ,MELTON MOWBRAY,0,0,98,0,0,457,0,0,0,0,0,1,0,0,0,0,0,0,98,0,100.0,0
2024-12-01,NNJ14,NHS ENGLAND MIDLANDS ,OADBY,0,0,529,0,0,3446,0,0,0,0,0,0,0,0,0,0,0,0,529,0,100.0,0
2024-12-01,NNJ15,NHS ENGLAND MIDLANDS ,OAKHAM,0,0,74,0,0,402,0,0,0,0,0,0,0,0,0,0,0,0,74,0,100.0,0
2024-12-01,NQT51,NHS ENGLAND SOUTH EAST ,STATION PLAZA HEALTH CENTRE,0,0,1158,0,0,0,0,0,0,0,0,0,0,0,0,0,0,0,1158,0,100.0,0
2024-12-01,RAX,NHS ENGLAND LONDON,KINGSTON AND RICHMOND NHS FOUNDATION TRUST,7469,0,8388,0,0,0,4007,0,238,0,0,0,274,478,2278,0,178,185,15857,4245,73.23,1
2024-12-01,RJL,NHS ENGLAND NORTH EAST AND YORKSHIRE ,NORTHERN LINCOLNSHIRE AND GOOLE NHS FOUNDATION TRUST,9302,0,6729,0,0,460,5160,0,47,0,0,2,584,879,5577,0,0,431,16031,5207,67.52,1
2024-12-01,RJN,NHS ENGLAND NORTH WEST ,EAST CHESHIRE NHS TRUST,4448,0,0,83,0,31,2292,0,0,0,0,0,209,407,943,0,0,210,4448,2292,48.47,1
2024-12-01,RXQ,NHS ENGLAND SOUTH EAST ,BUCKINGHAMSHIRE HEALTHCARE NHS TRUST,10785,1095,3672,1,0,0,4498,0,413,0,0,0,313,274,3872,753,0,2074,15552,4911,68.42,1
2024-12-01,RY5,NHS ENGLAND MIDLANDS ,LINCOLNSHIRE COMMUNITY HEALTH SERVICES NHS TRUST,0,0,8592,0,0,0,0,0,324,0,0,0,0,0,0,0,0,0,8592,324,96.23,0
2024-12-01,C82009,NHS ENGLAND MIDLANDS ,MARKET HARBOROUGH MED.CTR,0,0,228,0,0,0,0,0,0,0,0,0,0,0,0,0,0,0,228,0,100.0,0
2024-12-01,RTR,NHS ENGLAND NORTH EAST AND YORKSHIRE ,SOUTH TEES HOSPITALS NHS FOUNDATION TRUST,7836,0,8987,0,0,1947,4422,0,743,0,0,79,622,104,2888,0,112,2401,16823,5165,69.3,1
2024-12-01,RWA,NHS ENGLAND NORTH EAST AND YORKSHIRE ,HULL UNIVERSITY TEACHING HOSPITALS NHS TRUST,9511,0,4552,0,0,0,6118,0,330,0,0,0,890,776,3378,0,0,2375,14063,6448,54.15,1
2024-12-01,RWG,NHS ENGLAND EAST OF ENGLAND ,WEST HERTFORDSHIRE TEACHING HOSPITALS NHS TRUST,8756,0,7243,0,0,885,3605,0,381,0,0,0,808,21,4120,0,0,650,15999,3986,75.09,1
2024-12-01,RXK,NHS ENGLAND MIDLANDS ,SANDWELL AND WEST BIRMINGHAM HOSPITALS NHS TRUST,11365,947,9370,534,0,0,5386,160,770,0,0,0,750,228,2491,0,0,544,21682,6316,70.87,1
2024-12-01,RY4,NHS ENGLAND EAST OF ENGLAND ,HERTFORDSHIRE COMMUNITY NHS TRUST,0,0,899,0,0,0,0,0,20,0,0,0,0,0,0,0,0,0,899,20,97.78,0
2024-12-01,DT301,NHS ENGLAND EAST OF ENGLAND ,HERTS URGENT CARE (ASCOTS LANE),0,0,1884,0,0,0,0,0,38,0,0,0,0,0,0,0,0,0,1884,38,97.98,0
2024-12-01,RBD,NHS ENGLAND SOUTH WEST ,DORSET COUNTY HOSPITAL NHS FOUNDATION TRUST,4150,0,0,394,0,4127,2053,0,0,110,0,13,264,42,1764,0,0,507,4150,2053,50.53,1
2024-12-01,RHW,NHS ENGLAND SOUTH EAST ,ROYAL BERKSHIRE NHS FOUNDATION TRUST,11028,2143,1713,944,15,0,4966,10,0,327,0,0,847,7,2603,0,0,383,14884,4976,66.57,1
2024-12-01,RJR,NHS ENGLAND NORTH WEST ,COUNTESS OF CHESTER HOSPITAL NHS FOUNDATION TRUST,5166,0,2154,0,0,0,2975,0,286,0,0,0,258,647,1687,0,0,1311,7320,3261,55.45,1
2024-12-01,RLQ,NHS ENGLAND MIDLANDS ,WYE VALLEY NHS TRUST,6159,945,104,193,0,0,2675,0,0,37,0,0,436,232,1528,0,0,134,7208,2675,62.89,1
2024-12-01,ACH01,NHS ENGLAND SOUTH EAST ,WHITSTABLE MEDICAL PRACTICE,0,0,5496,0,0,0,0,0,0,0,0,0,0,0,0,0,0,0,5496,0,100.0,0
2024-12-01,AJN,NHS ENGLAND NORTH EAST AND YORKSHIRE ,WORKINGTON HEALTH LIMITED,0,0,259,0,0,0,0,0,0,0,0,0,0,0,0,0,0,0,259,0,100.0,0
2024-12-01,AXG,NHS ENGLAND SOUTH WEST ,WILTSHIRE HEALTH & CARE,0,0,2149,0,0,0,0,0,59,0,0,0,0,0,0,0,0,0,2149,59,97.25,0
2024-12-01,NLX,NHS ENGLAND SOUTH WEST ,SIRONA CARE & HEALTH,0,0,7664,0,0,382,0,0,348,0,0,75,0,0,0,0,0,0,7664,348,95.46,0
2024-12-01,NNF09,NHS ENGLAND NORTH EAST AND YORKSHIRE ,BRANSHOLME HEALTH CENTRE,0,0,3600,0,0,0,0,0,470,0,0,0,0,0,0,0,0,0,3600,470,86.94,1
2024-12-01,NNF16,NHS ENGLAND NORTH EAST AND YORKSHIRE ,BRIDLINGTON HOSPITAL,0,0,1383,0,0,0,0,0,65,0,0,0,0,0,0,0,0,0,1383,65,95.3,0
2024-12-01,NNF94,NHS ENGLAND NORTH EAST AND YORKSHIRE ,EAST RIDING COMMUNITY HOSPITAL,0,0,2643,0,0,0,0,0,214,0,0,0,0,0,0,0,0,0,2643,214,91.9,1
2024-12-01,NNFA7,NHS ENGLAND NORTH EAST AND YORKSHIRE ,GOOLE & DISTRICT HOSPITAL,0,0,1536,0,0,0,0,0,24,0,0,0,0,0,0,0,0,0,1536,24,98.44,0
2024-12-01,NV693,NHS ENGLAND NORTH WEST ,ROSSENDALE MIU & OOH,0,0,869,0,0,0,0,0,0,0,0,0,0,0,0,0,0,0,869,0,100.0,0
2024-12-01,RA2,NHS ENGLAND SOUTH EAST ,ROYAL SURREY COUNTY HOSPITAL NHS FOUNDATION TRUST,6551,0,1270,918,0,13,2291,0,0,268,0,0,429,4,2441,0,0,1024,7821,2291,70.71,1
2024-12-01,RC9,NHS ENGLAND EAST OF ENGLAND ,BEDFORDSHIRE HOSPITALS NHS FOUNDATION TRUST,16743,0,9623,0,0,1186,7825,0,0,0,0,0,81,82,4855,0,0,2234,26366,7825,70.32,1
2024-12-01,RCD,NHS ENGLAND NORTH EAST AND YORKSHIRE ,HARROGATE AND DISTRICT NHS FOUNDATION TRUST,5167,0,839,414,0,31,1999,0,0,98,0,0,436,108,1177,0,0,283,6006,1999,66.72,1
2024-12-01,REF,NHS ENGLAND SOUTH WEST ,ROYAL CORNWALL HOSPITALS NHS TRUST,6184,0,10870,0,0,0,3081,0,816,0,0,0,597,468,2421,0,49,1272,17054,3897,77.15,1
2024-12-01,RJ6,NHS ENGLAND LONDON,CROYDON HEALTH SERVICES NHS TRUST,13668,0,5536,1,0,0,5528,0,0,0,0,0,370,666,1256,0,0,135,19204,5528,71.21,1
2024-12-01,RK9,NHS ENGLAND SOUTH WEST ,UNIVERSITY HOSPITALS PLYMOUTH NHS TRUST,9586,123,4623,0,0,0,5072,1,133,0,0,0,488,627,2892,0,0,1462,14332,5206,63.68,1
2024-12-01,RL4,NHS ENGLAND MIDLANDS ,THE ROYAL WOLVERHAMPTON NHS TRUST,12259,0,9713,114,0,1081,4342,0,480,31,0,2,791,809,5788,0,0,1010,21972,4822,78.05,1
2024-12-01,RMC,NHS ENGLAND NORTH WEST ,BOLTON NHS FOUNDATION TRUST,8125,0,3555,116,0,52,4308,0,184,62,0,2,462,638,2428,0,100,822,11680,4492,61.54,1
2024-12-01,RNN,NHS ENGLAND NORTH EAST AND YORKSHIRE ,NORTH CUMBRIA INTEGRATED CARE NHS FOUNDATION TRUST,8890,0,1846,340,0,33,3988,0,30,97,0,0,823,407,2415,0,0,837,10736,4018,62.57,1
2024-12-01,RTQ,NHS ENGLAND SOUTH WEST ,GLOUCESTERSHIRE HEALTH AND CARE NHS FOUNDATION TRUST,0,0,7577,0,0,0,0,0,56,0,0,0,0,0,0,0,0,21,7577,56,99.26,0
2024-12-01,RW4,NHS ENGLAND NORTH WEST ,MERSEY CARE NHS FOUNDATION TRUST,0,0,13451,0,0,0,0,0,346,0,0,0,0,0,0,0,0,43,13451,346,97.43,0
2024-12-01,RXR,NHS ENGLAND NORTH WEST ,EAST LANCASHIRE HOSPITALS NHS TRUST,13318,0,9823,0,0,0,5103,0,822,0,0,0,596,1156,4211,0,75,1615,23141,5925,74.4,1
2024-12-01,RXW,NHS ENGLAND MIDLANDS ,THE SHREWSBURY AND TELFORD HOSPITAL NHS TRUST,10473,0,2835,0,0,0,6330,0,285,0,0,0,408,1494,3246,0,201,2227,13308,6615,50.29,1
2024-12-01,RY2,NHS ENGLAND NORTH WEST ,BRIDGEWATER COMMUNITY HEALTHCARE NHS FOUNDATION TRUST,0,0,3029,0,0,229,0,0,155,0,0,8,0,0,0,0,0,0,3029,155,94.88,1
2024-12-01,RYX,NHS ENGLAND LONDON,CENTRAL LONDON COMMUNITY HEALTHCARE NHS TRUST,0,0,12179,0,0,526,0,0,342,0,0,16,0,0,0,0,0,0,12179,342,97.19,0
2024-12-01,Y02147,NHS ENGLAND LONDON,URGENT CARE CENTRE (QMS),0,0,8134,0,0,647,0,0,240,0,0,7,0,0,0,0,0,0,8134,240,97.05,0
2024-12-01,ARN03,NHS ENGLAND NORTH EAST AND YORKSHIRE ,LOCAL CARE DIRECT,0,0,2385,0,0,349,0,0,9,0,0,0,0,0,0,0,0,0,2385,9,99.62,0
2024-12-01,R0B,NHS ENGLAND NORTH EAST AND YORKSHIRE ,SOUTH TYNESIDE AND SUNDERLAND NHS FOUNDATION TRUST,12083,1067,5763,801,0,1590,7095,17,239,431,0,36,1558,30,4755,20,0,1232,18913,7351,61.13,1
2024-12-01,R0D,NHS ENGLAND SOUTH WEST ,UNIVERSITY HOSPITALS DORSET NHS FOUNDATION TRUST,13366,0,4874,0,0,0,6548,0,0,0,0,0,1155,399,4255,6,0,2386,18240,6548,64.1,1
2024-12-01,RA7,NHS ENGLAND SOUTH WEST ,UNIVERSITY HOSPITALS BRISTOL AND WESTON NHS FOUNDATION TRUST,15827,2126,0,0,0,0,6647,125,0,0,0,0,1326,695,5267,9,0,1553,17953,6772,62.28,1
2024-12-01,RBK,NHS ENGLAND MIDLANDS ,WALSALL HEALTHCARE NHS TRUST,9777,0,4650,32,0,154,3739,0,147,10,0,0,1297,240,4145,0,0,751,14427,3886,73.06,1
2024-12-01,RCB,NHS ENGLAND NORTH EAST AND YORKSHIRE ,YORK AND SCARBOROUGH TEACHING HOSPITALS NHS FOUNDATION TRUST,10763,325,5610,0,0,0,6317,0,195,0,0,0,772,1057,4639,0,0,1610,16698,6512,61.0,1
2024-12-01,RCF,NHS ENGLAND NORTH EAST AND YORKSHIRE ,AIREDALE NHS FOUNDATION TRUST,5809,202,0,557,0,0,2489,0,0,0,0,0,453,150,1661,0,0,559,6011,2489,58.59,1
2024-12-01,RCX,NHS ENGLAND EAST OF ENGLAND ,"THE QUEEN ELIZABETH HOSPITAL, KING'S LYNN, NHS FOUNDATION TRUST",7060,0,1308,0,0,0,3458,0,0,0,0,0,352,129,2318,0,0,241,8368,3458,58.68,1
2024-12-01,RFS,NHS ENGLAND MIDLANDS ,CHESTERFIELD ROYAL HOSPITAL NHS FOUNDATION TRUST,6779,0,6341,243,0,101,3605,0,282,101,0,8,1051,235,2819,0,284,585,13120,3887,70.37,1
2024-12-01,RGR,NHS ENGLAND EAST OF ENGLAND ,WEST SUFFOLK NHS FOUNDATION TRUST,7916,0,785,37,0,0,3316,0,0,0,0,0,441,696,1999,0,0,324,8701,3316,61.89,1
2024-12-01,RJ1,NHS ENGLAND LONDON,GUY'S AND ST THOMAS' NHS FOUNDATION TRUST,10355,661,6289,0,0,0,4559,38,234,0,0,0,239,87,2095,0,0,257,17305,4831,72.08,1
2024-12-01,RJ2,NHS ENGLAND LONDON,LEWISHAM AND GREENWICH NHS TRUST,14817,0,11293,0,0,0,7982,0,1382,0,0,0,1245,731,5067,0,0,1235,26110,9364,64.14,1
2024-12-01,RJC,NHS ENGLAND MIDLANDS ,SOUTH WARWICKSHIRE UNIVERSITY NHS FOUNDATION TRUST,8418,0,276,0,0,0,3584,0,0,0,0,0,493,136,2414,0,0,774,8694,3584,58.78,1
2024-12-01,RJZ,NHS ENGLAND LONDON,KING'S COLLEGE HOSPITAL NHS FOUNDATION TRUST,15408,0,9254,71,0,1254,6995,0,293,23,0,0,1695,972,3847,0,0,316,24662,7288,70.45,1
2024-12-01,RKB,NHS ENGLAND MIDLANDS ,UNIVERSITY HOSPITALS COVENTRY AND WARWICKSHIRE NHS TRUST,12631,1110,6218,0,0,0,5975,122,541,0,0,0,77,27,1745,33,100,593,19959,6638,66.74,1
2024-12-01,RKE,NHS ENGLAND LONDON,WHITTINGTON HEALTH NHS TRUST,9388,0,0,0,0,0,3013,0,0,0,0,0,233,381,1216,0,0,40,9388,3013,67.91,1
2024-12-01,RMP,NHS ENGLAND NORTH WEST ,TAMESIDE AND GLOSSOP INTEGRATED CARE NHS FOUNDATION TRUST,8801,0,3528,413,0,85,4686,0,115,0,0,0,317,805,1763,0,0,293,12329,4801,61.06,1
2024-12-01,RNA,NHS ENGLAND MIDLANDS ,THE DUDLEY GROUP NHS FOUNDATION TRUST,9333,0,5271,0,0,750,2747,0,617,0,0,0,1961,93,3724,0,0,2204,14604,3364,76.97,1
2024-12-01,RNQ,NHS ENGLAND MIDLANDS ,KETTERING GENERAL HOSPITAL NHS FOUNDATION TRUST,10450,0,9823,355,0,0,4357,0,430,0,0,0,1454,0,1909,0,0,204,20273,4787,76.39,1
2024-12-01,RR8,NHS ENGLAND NORTH EAST AND YORKSHIRE ,LEEDS TEACHING HOSPITALS NHS TRUST,17787,599,12377,59,0,110,8073,0,206,20,0,0,1622,678,3943,0,0,1177,30763,8279,73.09,1
2024-12-01,RTX,NHS ENGLAND NORTH WEST ,UNIVERSITY HOSPITALS OF MORECAMBE BAY NHS FOUNDATION TRUST,9034,0,3216,149,0,738,3256,0,86,27,0,66,670,550,3269,0,26,1038,12250,3342,72.72,1
2024-12-01,RWE,NHS ENGLAND MIDLANDS ,UNIVERSITY HOSPITALS OF LEICESTER NHS TRUST,22293,1856,0,0,0,0,9688,161,0,0,0,0,1588,953,6629,0,0,3412,24149,9849,59.22,1
2024-12-01,RWF,NHS ENGLAND SOUTH EAST ,MAIDSTONE AND TUNBRIDGE WELLS NHS TRUST,19326,0,2212,0,0,0,4476,0,31,0,0,0,938,171,5225,0,0,981,21538,4507,79.07,1
2024-12-01,RWW,NHS ENGLAND NORTH WEST ,WARRINGTON AND HALTON TEACHING HOSPITALS NHS FOUNDATION TRUST,6888,0,2896,271,0,160,3615,0,47,106,0,3,772,687,1878,0,0,129,9784,3662,62.57,1
2024-12-01,RX1,NHS ENGLAND MIDLANDS ,NOTTINGHAM UNIVERSITY HOSPITALS NHS TRUST,16345,1613,280,0,0,0,9494,151,8,0,0,0,309,578,4640,0,0,4354,18238,9653,47.07,1
2024-12-01,RXF,NHS ENGLAND NORTH EAST AND YORKSHIRE ,MID YORKSHIRE TEACHING NHS TRUST,16641,118,5877,124,0,106,7307,0,550,1,0,4,2316,923,3506,0,155,749,22636,7857,65.29,1
2024-12-01,RXN,NHS ENGLAND NORTH WEST ,LANCASHIRE TEACHING HOSPITALS NHS FOUNDATION TRUST,12019,0,3663,254,0,62,4565,0,116,43,0,0,1040,454,3218,0,79,1262,15682,4681,70.15,1
2024-12-01,RYR,NHS ENGLAND SOUTH EAST ,UNIVERSITY HOSPITALS SUSSEX NHS FOUNDATION TRUST,23249,1245,4343,1654,0,993,10412,26,466,572,0,34,600,800,8404,21,41,1439,28837,10904,62.19,1
2024-12-01,NTPAD,NHS ENGLAND SOUTH EAST ,PRACTICE PLUS GROUP SURGICAL CENTRE - ST MARYS PORTSMOUTH,0,0,5427,0,0,272,0,0,288,0,0,1,0,0,0,0,0,0,5427,288,94.69,1
2024-12-01,R1D,NHS ENGLAND MIDLANDS ,SHROPSHIRE COMMUNITY HEALTH NHS TRUST,0,0,2692,0,0,0,0,0,1,0,0,0,0,0,0,0,0,0,2692,1,99.96,0
2024-12-01,R1F,NHS ENGLAND SOUTH EAST ,ISLE OF WIGHT NHS TRUST,4774,268,1468,18,0,26,1766,0,0,5,0,0,253,91,1152,0,0,198,6510,1766,72.87,1
2024-12-01,RAE,NHS ENGLAND NORTH EAST AND YORKSHIRE ,BRADFORD TEACHING HOSPITALS NHS FOUNDATION TRUST,10047,921,3212,0,0,0,2711,0,0,0,0,0,766,120,2692,0,47,1493,14180,2711,80.88,1
2024-12-01,RAJ,NHS ENGLAND EAST OF ENGLAND ,MID AND SOUTH ESSEX NHS FOUNDATION TRUST,31192,0,5305,28,0,9,12755,0,283,6,0,2,3044,256,8935,0,195,1343,36497,13038,64.28,1
2024-12-01,RAL,NHS ENGLAND LONDON,ROYAL FREE LONDON NHS FOUNDATION TRUST,17780,0,9195,0,0,0,5720,0,202,0,0,0,1067,934,3785,0,0,525,26975,5922,78.05,1
2024-12-01,RCU,NHS ENGLAND NORTH EAST AND YORKSHIRE ,SHEFFIELD CHILDREN'S NHS FOUNDATION TRUST,4994,0,644,354,0,39,601,0,8,38,0,1,26,0,1196,0,0,90,5638,609,89.2,1
2024-12-01,RD8,NHS ENGLAND EAST OF ENGLAND ,MILTON KEYNES UNIVERSITY HOSPITAL NHS FOUNDATION TRUST,8531,0,5846,618,0,150,4004,0,538,299,0,0,916,0,2287,0,0,504,14377,4542,68.41,1
2024-12-01,REM,NHS ENGLAND NORTH WEST ,LIVERPOOL UNIVERSITY HOSPITALS NHS FOUNDATION TRUST,15507,1484,7881,430,0,0,7663,33,285,81,0,0,2090,1167,4670,0,0,2159,24872,7981,67.91,1
2024-12-01,REP,NHS ENGLAND NORTH WEST ,LIVERPOOL WOMEN'S NHS FOUNDATION TRUST,0,1416,0,0,137,0,0,168,0,0,0,0,0,0,0,91,0,12,1416,168,88.14,1
2024-12-01,RHM,NHS ENGLAND SOUTH EAST ,UNIVERSITY HOSPITAL SOUTHAMPTON NHS FOUNDATION TRUST,12323,1095,0,335,0,0,5590,82,0,150,0,0,355,9,4090,12,0,1619,13418,5672,57.73,1
2024-12-01,RHQ,NHS ENGLAND NORTH EAST AND YORKSHIRE ,SHEFFIELD TEACHING HOSPITALS NHS FOUNDATION TRUST,9084,1009,7489,414,1,1392,5322,1,492,217,0,16,1469,14,3863,0,0,3066,17582,5815,66.93,1
2024-12-01,RJ7,NHS ENGLAND LONDON,ST GEORGE'S UNIVERSITY HOSPITALS NHS FOUNDATION TRUST,9025,0,3075,590,0,0,2419,0,0,161,0,0,622,747,2760,0,0,783,12100,2419,80.01,1
2024-12-01,RJE,NHS ENGLAND MIDLANDS ,UNIVERSITY HOSPITALS OF NORTH MIDLANDS NHS TRUST,13450,452,8321,940,0,696,8022,0,352,502,0,27,964,1235,5401,0,0,3111,22223,8374,62.32,1
2024-12-01,RN3,NHS ENGLAND SOUTH WEST ,GREAT WESTERN HOSPITALS NHS FOUNDATION TRUST,5708,0,5359,0,0,0,2406,0,393,0,0,0,549,292,2412,0,0,1394,11067,2799,74.71,1
2024-12-01,RN5,NHS ENGLAND SOUTH EAST ,HAMPSHIRE HOSPITALS NHS FOUNDATION TRUST,11092,37,2612,0,0,114,5667,0,88,0,0,0,366,115,4227,5,27,1191,13741,5755,58.12,1
2024-12-01,RN7,NHS ENGLAND SOUTH EAST ,DARTFORD AND GRAVESHAM NHS TRUST,12287,0,4001,0,0,0,4429,0,63,0,0,0,589,304,3461,0,0,441,16288,4492,72.42,1
2024-12-01,RP6,NHS ENGLAND LONDON,MOORFIELDS EYE HOSPITAL NHS FOUNDATION TRUST,0,5063,0,0,0,0,0,81,0,0,0,0,0,0,0,2,0,204,5063,81,98.4,0
2024-12-01,RPA,NHS ENGLAND SOUTH EAST ,MEDWAY NHS FOUNDATION TRUST,8605,0,6738,287,0,1200,3619,0,705,87,0,0,341,771,1896,0,0,473,15343,4324,71.82,1
2024-12-01,RQ3,NHS ENGLAND MIDLANDS ,BIRMINGHAM WOMEN'S AND CHILDREN'S NHS FOUNDATION TRUST,5924,0,0,0,0,0,2003,0,0,0,0,0,1,44,996,0,0,133,5924,2003,66.19,1
2024-12-01,RRK,NHS ENGLAND MIDLANDS ,UNIVERSITY HOSPITALS BIRMINGHAM NHS FOUNDATION TRUST,35503,318,1395,0,0,285,15632,0,19,0,0,8,2940,1894,10608,0,0,6740,37216,15651,57.95,1
2024-12-01,RTG,NHS ENGLAND MIDLANDS ,UNIVERSITY HOSPITALS OF DERBY AND BURTON NHS FOUNDATION TRUST,19558,0,10236,2143,0,23,9741,0,4,523,0,0,1043,1279,3989,0,2,1956,29794,9745,67.29,1
2024-12-01,RTH,NHS ENGLAND SOUTH EAST ,OXFORD UNIVERSITY HOSPITALS NHS FOUNDATION TRUST,12478,1562,2477,1746,0,145,5477,0,15,644,0,1,977,0,4684,116,14,4281,16517,5492,66.75,1
2024-12-01,RTK,NHS ENGLAND SOUTH EAST ,ASHFORD AND ST PETER'S HOSPITALS NHS FOUNDATION TRUST,10917,0,0,0,0,0,4022,0,0,0,0,0,558,336,2838,0,0,552,10917,4022,63.16,1
2024-12-01,RVJ,NHS ENGLAND SOUTH WEST ,NORTH BRISTOL NHS TRUST,8633,0,0,29,0,0,3596,0,0,12,0,0,564,352,2999,0,0,2089,8633,3596,58.35,1
2024-12-01,RVV,NHS ENGLAND SOUTH EAST ,EAST KENT HOSPITALS UNIVERSITY NHS FOUNDATION TRUST,14042,0,12628,0,0,0,6359,0,456,0,0,0,587,1326,3268,0,537,515,26670,6815,74.45,1
2024-12-01,RVW,NHS ENGLAND NORTH EAST AND YORKSHIRE ,NORTH TEES AND HARTLEPOOL NHS FOUNDATION TRUST,5315,0,12316,0,0,0,3315,0,44,0,0,0,265,36,1868,0,577,2454,17631,3359,80.95,1
2024-12-01,RWJ,NHS ENGLAND NORTH WEST ,STOCKPORT NHS FOUNDATION TRUST,7831,0,1051,303,0,77,3273,0,47,107,0,2,720,479,2783,0,76,803,8882,3320,62.62,1
2024-12-01,RWP,NHS ENGLAND MIDLANDS ,WORCESTERSHIRE ACUTE HOSPITALS NHS TRUST,13483,0,4876,0,0,0,8592,0,38,0,0,0,1186,525,2916,0,0,821,18359,8630,52.99,1
2024-12-01,RXC,NHS ENGLAND SOUTH EAST ,EAST SUSSEX HEALTHCARE NHS TRUST,8642,0,2048,2195,0,1681,4456,0,89,0,0,0,275,42,3232,0,0,343,10690,4545,57.48,1
2024-12-01,RXL,NHS ENGLAND NORTH WEST ,BLACKPOOL TEACHING HOSPITALS NHS FOUNDATION TRUST,9075,0,9684,346,0,336,4300,0,110,105,0,0,438,748,2688,0,0,1571,18759,4410,76.49,1
2024-12-01,RY7,NHS ENGLAND NORTH WEST ,WIRRAL COMMUNITY HEALTH AND CARE NHS FOUNDATION TRUST,0,0,4247,0,0,0,0,0,236,0,0,0,0,0,0,0,0,0,4247,236,94.44,1
2024-12-01,RYJ,NHS ENGLAND LONDON,IMPERIAL COLLEGE HEALTHCARE NHS TRUST,12417,3351,7386,0,0,506,5230,1,641,0,0,0,726,409,3792,0,0,1138,23154,5872,74.64,1
2024-12-01,AD913,NHS ENGLAND LONDON,BECKENHAM BEACON UCC,0,0,3976,0,0,76,0,0,76,0,0,0,0,0,0,0,0,0,3976,76,98.09,0
2024-12-01,R1H,NHS ENGLAND LONDON,BARTS HEALTH NHS TRUST,25805,865,18338,0,0,0,11989,43,1333,0,0,0,1156,1199,4669,4,25,1206,45008,13365,70.31,1
2024-12-01,R1K,NHS ENGLAND LONDON,LONDON NORTH WEST UNIVERSITY HEALTHCARE NHS TRUST,14095,0,15063,0,0,0,8643,0,364,0,0,0,808,615,6234,0,0,163,29158,9007,69.11,1
2024-12-01,RBN,NHS ENGLAND NORTH WEST ,MERSEY AND WEST LANCASHIRE TEACHING HOSPITALS NHS TRUST,16950,0,7181,538,0,0,6749,0,214,94,0,0,594,426,7586,0,0,600,24131,6963,71.15,1
2024-12-01,RDE,NHS ENGLAND EAST OF ENGLAND ,EAST SUFFOLK AND NORTH ESSEX NHS FOUNDATION TRUST,13344,0,15606,990,0,695,7644,0,371,0,0,0,1239,851,6620,0,468,1054,28950,8015,72.31,1
2024-12-01,RDR,NHS ENGLAND SOUTH EAST ,SUSSEX COMMUNITY NHS FOUNDATION TRUST,0,0,11386,0,0,0,0,0,139,0,0,0,0,0,0,0,0,0,11386,139,98.78,0
2024-12-01,RDU,NHS ENGLAND SOUTH EAST ,FRIMLEY HEALTH NHS FOUNDATION TRUST,23744,760,11284,0,0,0,9813,0,348,0,0,0,1562,328,6492,0,0,112,35788,10161,71.61,1
2024-12-01,RF4,NHS ENGLAND LONDON,"BARKING, HAVERING AND REDBRIDGE UNIVERSITY HOSPITALS NHS TRUST",14055,2222,14557,0,0,0,6446,184,174,0,0,0,727,951,7952,0,0,411,30834,6804,77.93,1
2024-12-01,RFR,NHS ENGLAND NORTH EAST AND YORKSHIRE ,THE ROTHERHAM NHS FOUNDATION TRUST,9222,0,0,0,0,0,3883,0,0,0,0,0,727,74,2039,0,0,333,9222,3883,57.89,1
2024-12-01,RGN,NHS ENGLAND EAST OF ENGLAND ,NORTH WEST ANGLIA NHS FOUNDATION TRUST,15552,0,4302,340,0,529,7545,0,288,108,0,32,591,710,3779,0,30,1702,19854,7833,60.55,1
2024-12-01,RGP,NHS ENGLAND EAST OF ENGLAND ,JAMES PAGET UNIVERSITY HOSPITALS NHS FOUNDATION TRUST,7082,0,1467,0,0,0,3242,0,0,0,0,0,532,428,1651,0,0,424,8549,3242,62.08,1
2024-12-01,RGT,NHS ENGLAND EAST OF ENGLAND ,CAMBRIDGE UNIVERSITY HOSPITALS NHS FOUNDATION TRUST,10649,0,5400,309,0,325,5205,0,84,96,0,4,605,606,2930,0,26,441,16049,5289,67.04,1
2024-12-01,RH8,NHS ENGLAND SOUTH WEST ,ROYAL DEVON UNIVERSITY HEALTHCARE NHS FOUNDATION TRUST,12262,0,3964,1334,0,89,5734,0,12,544,0,0,1768,135,4147,0,0,2002,16226,5746,64.59,1
2024-12-01,RHU,NHS ENGLAND SOUTH EAST ,PORTSMOUTH HOSPITALS UNIVERSITY NATIONAL HEALTH SERVICE TRUST,10244,788,2667,1623,0,898,5116,1,111,659,0,15,1513,118,3600,0,0,2420,13699,5228,61.84,1
2024-12-01,RK5,NHS ENGLAND MIDLANDS ,SHERWOOD FOREST HOSPITALS NHS FOUNDATION TRUST,10440,0,5875,397,0,153,5527,0,732,201,0,7,886,294,3797,0,0,251,16315,6259,61.64,1
2024-12-01,RLT,NHS ENGLAND MIDLANDS ,GEORGE ELIOT HOSPITAL NHS TRUST,7472,0,1626,0,0,0,2886,0,5,0,0,0,507,345,1248,0,0,0,9098,2891,68.22,1
2024-12-01,RP5,NHS ENGLAND NORTH EAST AND YORKSHIRE ,DONCASTER AND BASSETLAW TEACHING HOSPITALS NHS FOUNDATION TRUST,13547,0,4329,0,0,0,5359,0,2,0,0,0,1212,288,4414,0,506,1162,17876,5361,70.01,1
2024-12-01,RQM,NHS ENGLAND LONDON,CHELSEA AND WESTMINSTER HOSPITAL NHS FOUNDATION TRUST,20077,0,6731,530,0,0,6433,0,239,0,0,0,1078,62,2779,0,0,361,26808,6672,75.11,1
2024-12-01,RRF,NHS ENGLAND NORTH WEST ,"WRIGHTINGTON, WIGAN AND LEIGH NHS FOUNDATION TRUST",7302,0,5612,0,0,0,4001,0,89,0,0,0,1155,508,2083,0,0,807,12914,4090,68.33,1
2024-12-01,RRV,NHS ENGLAND LONDON,UNIVERSITY COLLEGE LONDON HOSPITALS NHS FOUNDATION TRUST,12822,0,0,399,0,0,3911,0,0,0,0,0,392,184,1387,0,0,262,12822,3911,69.5,1
2024-12-01,RTD,NHS ENGLAND NORTH EAST AND YORKSHIRE ,THE NEWCASTLE UPON TYNE HOSPITALS NHS FOUNDATION TRUST,12259,1430,5573,0,0,1004,5013,67,0,0,0,0,639,53,3668,18,0,2877,19262,5080,73.63,1
2024-12-01,RTE,NHS ENGLAND SOUTH WEST ,GLOUCESTERSHIRE HOSPITALS NHS FOUNDATION TRUST,13604,0,0,189,0,0,5318,0,0,42,0,0,444,536,2700,0,0,2168,13604,5318,60.91,1
2024-12-01,RWD,NHS ENGLAND MIDLANDS ,UNITED LINCOLNSHIRE TEACHING HOSPITALS NHS TRUST,11294,0,9925,0,0,0,6830,0,1564,0,0,0,1093,1049,4770,0,0,1057,21219,8394,60.44,1
2024-12-01,RWH,NHS ENGLAND EAST OF ENGLAND ,EAST AND NORTH HERTFORDSHIRE NHS TRUST,9297,0,7603,0,0,0,5480,0,168,0,0,0,681,247,2953,0,20,227,16900,5648,66.58,1
2024-12-01,RWX,NHS ENGLAND SOUTH EAST ,BERKSHIRE HEALTHCARE NHS FOUNDATION TRUST,0,0,1133,0,0,0,0,0,11,0,0,0,0,0,0,0,32,0,1133,11,99.03,0
2024-12-01,RXP,NHS ENGLAND NORTH EAST AND YORKSHIRE ,COUNTY DURHAM AND DARLINGTON NHS FOUNDATION TRUST,12913,0,4414,0,0,8470,5933,0,0,0,0,0,2346,17,4607,0,0,740,17327,5933,65.76,1
2024-12-01,Y03218,NHS ENGLAND LONDON,THE PINN UNREGISTERED WIC,0,0,1035,0,0,0,0,0,0,0,0,0,0,0,0,0,0,0,1035,0,100.0,0
2024-12-01,RAP,NHS ENGLAND LONDON,NORTH MIDDLESEX UNIVERSITY HOSPITAL NHS TRUST,8518,407,7549,75,0,87,4980,1,1019,39,0,10,250,853,1412,0,136,64,16474,6000,63.58,1
2024-12-01,RAS,NHS ENGLAND LONDON,THE HILLINGDON HOSPITALS NHS FOUNDATION TRUST,6404,0,6714,0,0,0,3832,0,155,0,0,0,724,43,2017,0,0,76,13118,3987,69.61,1
2024-12-01,RBL,NHS ENGLAND NORTH WEST ,WIRRAL UNIVERSITY TEACHING HOSPITAL NHS FOUNDATION TRUST,7469,0,3156,0,0,216,4066,0,93,0,0,8,401,794,2141,0,0,1699,10625,4159,60.86,1
2024-12-01,RBS,NHS ENGLAND NORTH WEST ,ALDER HEY CHILDREN'S NHS FOUNDATION TRUST,6181,0,0,0,0,0,1180,0,0,0,0,0,0,0,905,0,0,312,6181,1180,80.91,1
2024-12-01,RD1,NHS ENGLAND SOUTH WEST ,ROYAL UNITED HOSPITALS BATH NHS FOUNDATION TRUST,8580,0,0,0,0,0,3891,0,0,0,0,0,798,142,2572,0,8,1699,8580,3891,54.65,1
2024-12-01,RM1,NHS ENGLAND EAST OF ENGLAND ,NORFOLK AND NORWICH UNIVERSITY HOSPITALS NHS FOUNDATION TRUST,12479,0,8736,0,0,0,4166,0,1,0,0,0,1004,372,2611,0,0,1607,21215,4167,80.36,1
2024-12-01,RQX,NHS ENGLAND LONDON,HOMERTON HEALTHCARE NHS FOUNDATION TRUST,11152,0,0,12,0,0,2904,0,0,0,0,0,275,30,1732,0,0,344,11152,2904,73.96,1
2024-12-01,RTF,NHS ENGLAND NORTH EAST AND YORKSHIRE ,NORTHUMBRIA HEALTHCARE NHS FOUNDATION TRUST,10600,0,12302,0,0,0,3335,0,8,0,0,0,145,6,4033,0,28,491,22902,3343,85.4,1
2024-12-01,RVR,NHS ENGLAND LONDON,EPSOM AND ST HELIER UNIVERSITY HOSPITALS NHS TRUST,11728,282,1309,494,0,61,3726,0,117,64,0,2,357,741,2115,1,0,147,13319,3843,71.15,1
2024-12-01,RR7,NHS ENGLAND NORTH EAST AND YORKSHIRE ,GATESHEAD HEALTH NHS FOUNDATION TRUST,6573,0,3274,26,0,3,3334,0,50,15,0,0,1227,30,1786,0,0,54,9847,3384,65.63,1
2024-12-01,RYF,NHS ENGLAND SOUTH WEST ,SOUTH WESTERN AMBULANCE SERVICE NHS FOUNDATION TRUST,0,0,1608,0,0,12,0,0,127,0,0,2,0,0,0,0,0,0,1608,127,92.1,1
2024-12-01,R0A,NHS ENGLAND NORTH WEST ,MANCHESTER UNIVERSITY NHS FOUNDATION TRUST,25547,2767,10609,3433,417,960,12940,68,705,1565,9,121,4259,462,5610,148,126,430,38923,13713,64.77,1
2024-12-01,RNZ,NHS ENGLAND SOUTH WEST ,SALISBURY NHS FOUNDATION TRUST,4682,309,2121,202,0,0,2262,0,0,98,0,0,401,11,1452,0,0,914,7112,2262,68.19,1
2024-12-01,RH5,NHS ENGLAND SOUTH WEST ,SOMERSET NHS FOUNDATION TRUST,12984,0,9207,0,0,0,6927,0,242,0,0,0,754,349,3339,0,0,1749,22191,7169,67.69,1
2024-12-01,RM3,NHS ENGLAND NORTH WEST ,NORTHERN CARE ALLIANCE NHS FOUNDATION TRUST,25637,0,9548,0,0,0,11892,0,574,0,0,0,1228,1213,7322,0,375,2054,35185,12466,64.57,1
2025-02-01,AAH,NHS ENGLAND SOUTH WEST ,TETBURY HOSPITAL TRUST LTD,0,0,545,0,0,0,0,0,0,0,0,0,0,0,0,0,0,0,545,0,100.0,0
2025-02-01,RW1,NHS ENGLAND SOUTH EAST ,HAMPSHIRE AND ISLE OF WIGHT HEALTHCARE NHS FOUNDATION TRUST,0,0,2518,0,0,0,0,0,37,0,0,0,0,0,0,0,0,119,2518,37,98.53,0
2025-02-01,RWY,NHS ENGLAND NORTH EAST AND YORKSHIRE ,CALDERDALE AND HUDDERSFIELD NHS FOUNDATION TRUST,14096,0,0,0,0,0,4471,0,0,0,0,0,1144,48,2486,0,0,189,14096,4471,68.28,1
2025-02-01,AJN,NHS ENGLAND NORTH EAST AND YORKSHIRE ,WORKINGTON HEALTH LIMITED,0,0,279,0,0,0,0,0,0,0,0,0,0,0,0,0,0,0,279,0,100.0,0
2025-02-01,AQN04,NHS ENGLAND SOUTH EAST ,PHL LYMINGTON UTC,0,0,2545,0,0,14,0,0,1,0,0,0,0,0,0,0,0,0,2545,1,99.96,0
2025-02-01,C82009,NHS ENGLAND MIDLANDS ,MARKET HARBOROUGH MED.CTR,0,0,281,0,0,0,0,0,0,0,0,0,0,0,0,0,0,0,281,0,100.0,0
2025-02-01,NL7,NHS ENGLAND MIDLANDS ,ASSURA VERTIS URGENT CARE CENTRES (BIRMINGHAM),0,0,3811,0,0,0,0,0,0,0,0,0,0,0,0,0,0,0,3811,0,100.0,0
2025-02-01,NTV0B,NHS ENGLAND SOUTH EAST ,ASHFORD WALK-IN-CENTRE,0,0,2144,0,0,0,0,0,93,0,0,0,0,0,0,0,0,0,2144,93,95.66,0
2025-02-01,NTV0W,NHS ENGLAND SOUTH EAST ,WOKING WALK IN CENTRE,0,0,2412,0,0,0,0,0,36,0,0,0,0,0,0,0,0,0,2412,36,98.51,0
2025-02-01,R1D,NHS ENGLAND MIDLANDS ,SHROPSHIRE COMMUNITY HEALTH NHS TRUST,0,0,2653,0,0,0,0,0,0,0,0,0,0,0,0,0,0,0,2653,0,100.0,0
2025-02-01,RGP,NHS ENGLAND EAST OF ENGLAND ,JAMES PAGET UNIVERSITY HOSPITALS NHS FOUNDATION TRUST,6286,0,1389,0,0,0,2714,0,0,0,0,0,516,450,1459,0,0,466,7675,2714,64.64,1
2025-02-01,RV9,NHS ENGLAND NORTH EAST AND YORKSHIRE ,HUMBER TEACHING NHS FOUNDATION TRUST,0,0,965,0,0,33,0,0,0,0,0,0,0,0,0,0,0,0,965,0,100.0,0
2025-02-01,RY8,NHS ENGLAND MIDLANDS ,DERBYSHIRE COMMUNITY HEALTH SERVICES NHS FOUNDATION TRUST,0,0,5791,0,0,2025,0,0,67,0,0,4,0,0,0,0,0,0,5791,67,98.84,0
2025-02-01,RYF,NHS ENGLAND SOUTH WEST ,SOUTH WESTERN AMBULANCE SERVICE NHS FOUNDATION TRUST,0,0,1636,0,0,12,0,0,18,0,0,0,0,0,0,0,0,0,1636,18,98.9,0
2025-02-01,Y02147,NHS ENGLAND LONDON,URGENT CARE CENTRE (QMS),0,0,7461,0,0,520,0,0,113,0,0,5,0,0,0,0,0,0,7461,113,98.49,0
2025-02-01,Y02428,NHS ENGLAND EAST OF ENGLAND ,PUTNOE WALK IN CENTRE,0,0,3152,0,0,0,0,0,0,0,0,0,0,0,0,0,0,0,3152,0,100.0,0
2025-02-01,Y02615,NHS ENGLAND MIDLANDS ,SOUTH BIRMINGHAM GP WALK IN CENTRE,0,0,6625,0,0,0,0,0,0,0,0,0,0,0,0,0,0,0,6625,0,100.0,0
2025-02-01,Y02676,NHS ENGLAND SOUTH EAST ,BRIGHTON STATION HEALTH CENTRE,0,0,1819,0,0,0,0,0,0,0,0,0,0,0,0,0,0,0,1819,0,100.0,0
2025-02-01,Y03218,NHS ENGLAND LONDON,THE PINN UNREGISTERED WIC,0,0,695,0,0,0,0,0,0,0,0,0,0,0,0,0,0,0,695,0,100.0,0
2025-02-01,Y07709,NHS ENGLAND SOUTH EAST ,READING URGENT CARE CENTRE,0,0,1843,0,0,0,0,0,0,0,0,0,0,0,0,0,0,0,1843,0,100.0,0
2025-02-01,ACH01,NHS ENGLAND SOUTH EAST ,WHITSTABLE MEDICAL PRACTICE,0,0,4995,0,0,0,0,0,0,0,0,0,0,0,0,0,0,0,4995,0,100.0,0
2025-02-01,G0Q0L,NHS ENGLAND LONDON,BARKING HOSPITAL UTC,0,0,2673,0,0,0,0,0,13,0,0,0,0,0,0,0,0,0,2673,13,99.51,0
2025-02-01,K6K0R,NHS ENGLAND LONDON,HAROLD WOOD POLYCLINIC UTC,0,0,2654,0,0,0,0,0,7,0,0,0,0,0,0,0,0,0,2654,7,99.74,0
2025-02-01,L83087,NHS ENGLAND SOUTH WEST ,OKEHAMPTON MEDICAL CENTRE,0,0,69,0,0,0,0,0,0,0,0,0,0,0,0,0,0,0,69,0,100.0,0
2025-02-01,NDJ,NHS ENGLAND SOUTH EAST ,FIRST COMMUNITY HEALTH AND CARE CIC,0,0,1941,0,0,0,0,0,0,0,0,0,0,0,0,0,0,0,1941,0,100.0,0
2025-02-01,NQT51,NHS ENGLAND SOUTH EAST ,STATION PLAZA HEALTH CENTRE,0,0,1079,0,0,0,0,0,0,0,0,0,0,0,0,0,0,0,1079,0,100.0,0
2025-02-01,NQTE4,NHS ENGLAND MIDLANDS ,SUMMERFIELD URGENT CARE CENTRE,0,0,2969,0,0,0,0,0,0,0,0,0,0,0,0,0,0,0,2969,0,100.0,0
2025-02-01,RA9,NHS ENGLAND SOUTH WEST ,TORBAY AND SOUTH DEVON NHS FOUNDATION TRUST,5532,0,2684,393,0,135,2562,0,22,139,0,0,315,50,1931,0,0,1093,8216,2584,68.55,1
2025-02-01,RFF,NHS ENGLAND NORTH EAST AND YORKSHIRE ,BARNSLEY HOSPITAL NHS FOUNDATION TRUST,7870,0,0,25,0,0,3573,0,0,0,0,0,572,5,2644,0,0,466,7870,3573,54.6,1
2025-02-01,RK9,NHS ENGLAND SOUTH WEST ,UNIVERSITY HOSPITALS PLYMOUTH NHS TRUST,8072,131,4653,0,0,0,4218,0,101,0,0,0,483,541,2599,0,0,1331,12856,4319,66.4,1
2025-02-01,RNQ,NHS ENGLAND MIDLANDS ,KETTERING GENERAL HOSPITAL NHS FOUNDATION TRUST,8945,0,7965,308,0,0,3468,0,128,0,0,0,1280,0,1724,0,0,239,16910,3596,78.73,1
2025-02-01,RTP,NHS ENGLAND SOUTH EAST ,SURREY AND SUSSEX HEALTHCARE NHS TRUST,9094,0,0,0,0,0,3108,0,0,0,0,0,359,661,2785,0,0,874,9094,3108,65.82,1
2025-02-01,RXQ,NHS ENGLAND SOUTH EAST ,BUCKINGHAMSHIRE HEALTHCARE NHS TRUST,9887,1090,3215,0,0,0,3010,0,86,0,0,0,231,348,3892,768,0,2063,14192,3096,78.18,1
2025-02-01,AD913,NHS ENGLAND LONDON,BECKENHAM BEACON UCC,0,0,3301,0,0,273,0,0,48,0,0,48,0,0,0,0,0,0,3301,48,98.55,0
2025-02-01,DT301,NHS ENGLAND EAST OF ENGLAND ,HERTS URGENT CARE (ASCOTS LANE),0,0,1895,0,0,0,0,0,52,0,0,0,0,0,0,0,0,0,1895,52,97.26,0
2025-02-01,NTP11,NHS ENGLAND SOUTH EAST ,PRACTICE PLUS GROUP HOSPITAL - SOUTHAMPTON,0,0,4752,0,0,0,0,0,260,0,0,0,0,0,0,0,0,0,4752,260,94.53,1
2025-02-01,R0B,NHS ENGLAND NORTH EAST AND YORKSHIRE ,SOUTH TYNESIDE AND SUNDERLAND NHS FOUNDATION TRUST,9989,1135,4935,727,0,1424,5171,22,204,384,0,50,740,3,3877,19,0,1332,16059,5397,66.39,1
2025-02-01,RAX,NHS ENGLAND LONDON,KINGSTON AND RICHMOND NHS FOUNDATION TRUST,6478,0,7589,0,0,0,3131,0,182,0,0,0,239,446,2145,0,198,291,14067,3313,76.45,1
2025-02-01,RCD,NHS ENGLAND NORTH EAST AND YORKSHIRE ,HARROGATE AND DISTRICT NHS FOUNDATION TRUST,4435,0,792,290,0,16,1388,0,1,56,0,0,206,10,1026,0,0,285,5227,1389,73.43,1
2025-02-01,RJR,NHS ENGLAND NORTH WEST ,COUNTESS OF CHESTER HOSPITAL NHS FOUNDATION TRUST,4540,0,1979,0,0,0,2307,0,178,0,0,0,195,660,1613,0,0,1171,6519,2485,61.88,1
2025-02-01,RY5,NHS ENGLAND MIDLANDS ,LINCOLNSHIRE COMMUNITY HEALTH SERVICES NHS TRUST,0,0,7310,0,0,0,0,0,168,0,0,0,0,0,0,0,0,0,7310,168,97.7,0
2025-02-01,Y02532,NHS ENGLAND NORTH WEST ,MIRIAM MINOR EMERGENCY,0,0,1561,0,0,0,0,0,0,0,0,0,0,0,0,0,0,0,1561,0,100.0,0
2025-02-01,RQX,NHS ENGLAND LONDON,HOMERTON HEALTHCARE NHS FOUNDATION TRUST,10056,0,0,0,0,0,2077,0,0,0,0,0,278,24,1660,0,0,306,10056,2077,79.35,1
2025-02-01,RWG,NHS ENGLAND EAST OF ENGLAND ,WEST HERTFORDSHIRE TEACHING HOSPITALS NHS TRUST,7727,0,6510,0,0,753,2887,0,137,0,0,0,816,17,3978,0,0,571,14237,3024,78.76,1
2025-02-01,RXW,NHS ENGLAND MIDLANDS ,THE SHREWSBURY AND TELFORD HOSPITAL NHS TRUST,9128,0,2405,0,0,0,5301,0,167,0,0,0,335,1130,2699,0,199,2030,11533,5468,52.59,1
2025-02-01,AXG,NHS ENGLAND SOUTH WEST ,WILTSHIRE HEALTH & CARE,0,0,2090,0,0,0,0,0,17,0,0,0,0,0,0,0,0,0,2090,17,99.19,0
2025-02-01,C82038,NHS ENGLAND MIDLANDS ,LATHAM HOUSE MEDICAL PRACTICE,0,0,278,0,0,0,0,0,0,0,0,0,0,0,0,0,0,0,278,0,100.0,0
2025-02-01,REF,NHS ENGLAND SOUTH WEST ,ROYAL CORNWALL HOSPITALS NHS TRUST,5765,0,10121,0,0,0,3114,0,487,0,0,0,666,253,2361,0,35,1046,15886,3601,77.33,1
2025-02-01,REM,NHS ENGLAND NORTH WEST ,LIVERPOOL UNIVERSITY HOSPITALS NHS FOUNDATION TRUST,14072,1623,7572,370,0,0,6924,71,240,75,0,0,1869,1016,4155,0,0,2206,23267,7235,68.9,1
2025-02-01,RFR,NHS ENGLAND NORTH EAST AND YORKSHIRE ,THE ROTHERHAM NHS FOUNDATION TRUST,8181,0,0,0,0,0,2971,0,0,0,0,0,704,55,1742,0,0,200,8181,2971,63.68,1
2025-02-01,RLQ,NHS ENGLAND MIDLANDS ,WYE VALLEY NHS TRUST,5233,1036,86,135,0,0,2184,0,0,30,0,0,412,219,1304,0,0,117,6355,2184,65.63,1
2025-02-01,RWP,NHS ENGLAND MIDLANDS ,WORCESTERSHIRE ACUTE HOSPITALS NHS TRUST,11492,0,4772,0,0,0,5476,0,27,0,0,0,891,669,2289,0,0,843,16264,5503,66.16,1
2025-02-01,RXK,NHS ENGLAND MIDLANDS ,SANDWELL AND WEST BIRMINGHAM HOSPITALS NHS TRUST,10207,1051,7976,423,0,0,4654,149,13,191,0,0,699,354,2253,0,0,483,19234,4816,74.96,1
2025-02-01,RY4,NHS ENGLAND EAST OF ENGLAND ,HERTFORDSHIRE COMMUNITY NHS TRUST,0,0,1019,0,0,0,0,0,15,0,0,0,0,0,0,0,0,0,1019,15,98.53,0
2025-02-01,NLX,NHS ENGLAND SOUTH WEST ,SIRONA CARE & HEALTH,0,0,7473,0,0,356,0,0,340,0,0,45,0,0,0,0,0,0,7473,340,95.45,0
2025-02-01,NNJ,NHS ENGLAND MIDLANDS ,DHU HEALTH CARE C.I.C,0,0,1821,0,0,0,0,0,1,0,0,0,0,0,0,0,0,0,1821,1,99.95,0
2025-02-01,NR3,NHS ENGLAND MIDLANDS ,NOTTINGHAM CITYCARE PARTNERSHIP,0,0,5163,0,0,248,0,0,483,0,0,0,0,0,0,0,0,0,5163,483,90.64,1
2025-02-01,NTPAD,NHS ENGLAND SOUTH EAST ,PRACTICE PLUS GROUP SURGICAL CENTRE - ST MARYS PORTSMOUTH,0,0,5036,0,0,217,0,0,115,0,0,0,0,0,0,0,0,0,5036,115,97.72,0
2025-02-01,R0A,NHS ENGLAND NORTH WEST ,MANCHESTER UNIVERSITY NHS FOUNDATION TRUST,22416,2738,10287,3339,465,886,10230,98,498,1303,30,83,3764,211,5040,135,147,384,35441,10826,69.45,1
2025-02-01,RCX,NHS ENGLAND EAST OF ENGLAND ,"THE QUEEN ELIZABETH HOSPITAL, KING'S LYNN, NHS FOUNDATION TRUST",6037,0,1069,0,0,0,2929,0,0,0,0,0,270,127,2108,0,0,367,7106,2929,58.78,1
2025-02-01,RDU,NHS ENGLAND SOUTH EAST ,FRIMLEY HEALTH NHS FOUNDATION TRUST,19788,936,11742,0,0,0,8753,1,297,0,0,0,1205,472,5632,0,0,100,32466,9051,72.12,1
2025-02-01,RGR,NHS ENGLAND EAST OF ENGLAND ,WEST SUFFOLK NHS FOUNDATION TRUST,6671,0,653,57,0,0,2428,0,0,0,0,0,360,489,1557,0,0,334,7324,2428,66.85,1
2025-02-01,RHU,NHS ENGLAND SOUTH EAST ,PORTSMOUTH HOSPITALS UNIVERSITY NATIONAL HEALTH SERVICE TRUST,9534,850,2565,1545,0,803,4265,9,67,454,0,13,1127,346,2887,0,0,2536,12949,4341,66.48,1
2025-02-01,RJE,NHS ENGLAND MIDLANDS ,UNIVERSITY HOSPITALS OF NORTH MIDLANDS NHS TRUST,12461,478,7582,661,0,676,6989,0,337,344,0,29,636,1275,4837,0,0,2954,20521,7326,64.3,1
2025-02-01,RJN,NHS ENGLAND NORTH WEST ,EAST CHESHIRE NHS TRUST,3848,0,0,64,0,66,1970,0,0,0,0,0,172,266,749,0,0,181,3848,1970,48.8,1
2025-02-01,RKB,NHS ENGLAND MIDLANDS ,UNIVERSITY HOSPITALS COVENTRY AND WARWICKSHIRE NHS TRUST,10786,1500,5717,0,0,0,5345,119,288,0,0,0,77,25,1592,42,46,587,18003,5752,68.05,1
2025-02-01,RMC,NHS ENGLAND NORTH WEST ,BOLTON NHS FOUNDATION TRUST,7278,0,3250,96,0,36,3644,0,175,46,0,3,486,454,2256,0,124,956,10528,3819,63.73,1
2025-02-01,RNU,NHS ENGLAND SOUTH EAST ,OXFORD HEALTH NHS FOUNDATION TRUST,0,0,3103,0,0,0,0,0,270,0,0,0,0,0,0,0,0,0,3103,270,91.3,1
2025-02-01,RPC,NHS ENGLAND SOUTH EAST ,QUEEN VICTORIA HOSPITAL NHS FOUNDATION TRUST,0,0,1197,0,0,0,0,0,6,0,0,0,0,0,0,0,3,471,1197,6,99.5,0
2025-02-01,RQW,NHS ENGLAND EAST OF ENGLAND ,THE PRINCESS ALEXANDRA HOSPITAL NHS TRUST,7328,0,1913,0,0,670,3762,0,0,0,0,0,426,91,1587,0,0,241,9241,3762,59.29,1
2025-02-01,RR7,NHS ENGLAND NORTH EAST AND YORKSHIRE ,GATESHEAD HEALTH NHS FOUNDATION TRUST,5241,0,3141,23,0,2,2185,0,28,10,0,0,822,0,1453,0,0,41,8382,2213,73.6,1
2025-02-01,RW4,NHS ENGLAND NORTH WEST ,MERSEY CARE NHS FOUNDATION TRUST,0,0,13023,0,0,0,0,0,273,0,0,0,0,0,0,0,0,42,13023,273,97.9,0
2025-02-01,RYX,NHS ENGLAND LONDON,CENTRAL LONDON COMMUNITY HEALTHCARE NHS TRUST,0,0,11296,0,0,393,0,0,257,0,0,7,0,0,0,0,0,0,11296,257,97.72,0
2025-02-01,NNF09,NHS ENGLAND NORTH EAST AND YORKSHIRE ,BRANSHOLME HEALTH CENTRE,0,0,3281,0,0,0,0,0,403,0,0,0,0,0,0,0,0,0,3281,403,87.72,1
2025-02-01,NNF16,NHS ENGLAND NORTH EAST AND YORKSHIRE ,BRIDLINGTON HOSPITAL,0,0,1248,0,0,0,0,0,18,0,0,0,0,0,0,0,0,0,1248,18,98.56,0
2025-02-01,NNF94,NHS ENGLAND NORTH EAST AND YORKSHIRE ,EAST RIDING COMMUNITY HOSPITAL,0,0,2515,0,0,0,0,0,221,0,0,0,0,0,0,0,0,0,2515,221,91.21,1
2025-02-01,NNFA7,NHS ENGLAND NORTH EAST AND YORKSHIRE ,GOOLE & DISTRICT HOSPITAL,0,0,1361,0,0,0,0,0,10,0,0,0,0,0,0,0,0,0,1361,10,99.27,0
2025-02-01,NNJ07,NHS ENGLAND MIDLANDS ,LOUGHBOROUGH URGENT CARE CENTRE,0,0,5062,0,0,2228,0,0,29,0,0,3,0,0,0,0,0,0,5062,29,99.43,0
2025-02-01,NNJ0H,NHS ENGLAND MIDLANDS ,LLR EA - THE MERLYN VAZ HEALTH & SOCIAL CARE CENTRE,0,0,156,0,0,1986,0,0,0,0,0,1,0,0,0,0,0,0,156,0,100.0,0
2025-02-01,NNJ12,NHS ENGLAND MIDLANDS ,MARKET HARBOROUGH,0,0,106,0,0,472,0,0,0,0,0,0,0,0,0,0,0,0,106,0,100.0,0
2025-02-01,NNJ13,NHS ENGLAND MIDLANDS ,MELTON MOWBRAY,0,0,52,0,0,407,0,0,0,0,0,0,0,0,0,0,0,0,52,0,100.0,0
2025-02-01,NNJ14,NHS ENGLAND MIDLANDS ,OADBY,0,0,430,0,0,3022,0,0,1,0,0,1,0,0,0,0,0,0,430,1,99.77,0
2025-02-01,NNJ15,NHS ENGLAND MIDLANDS ,OAKHAM,0,0,64,0,0,349,0,0,0,0,0,0,0,0,0,0,0,0,64,0,100.0,0
2025-02-01,NV693,NHS ENGLAND NORTH WEST ,ROSSENDALE MIU & OOH,0,0,866,0,0,0,0,0,1,0,0,0,0,0,0,0,0,0,866,1,99.88,0
2025-02-01,RA2,NHS ENGLAND SOUTH EAST ,ROYAL SURREY COUNTY HOSPITAL NHS FOUNDATION TRUST,6118,0,1243,787,0,19,1866,0,0,171,0,0,312,1,2342,0,0,1039,7361,1866,74.65,1
2025-02-01,RAT,NHS ENGLAND LONDON,NORTH EAST LONDON NHS FOUNDATION TRUST,0,0,1349,0,0,0,0,0,37,0,0,0,0,0,0,0,0,0,1349,37,97.26,0
2025-02-01,RD8,NHS ENGLAND EAST OF ENGLAND ,MILTON KEYNES UNIVERSITY HOSPITAL NHS FOUNDATION TRUST,7528,0,4659,545,0,146,2948,0,256,211,0,0,735,0,2153,0,0,426,12187,3204,73.71,1
2025-02-01,RF4,NHS ENGLAND LONDON,"BARKING, HAVERING AND REDBRIDGE UNIVERSITY HOSPITALS NHS TRUST",12433,2272,13441,0,0,0,6017,366,143,0,0,0,615,816,7312,0,0,437,28146,6526,76.81,1
2025-02-01,RGN,NHS ENGLAND EAST OF ENGLAND ,NORTH WEST ANGLIA NHS FOUNDATION TRUST,13225,0,3915,306,0,461,5764,0,159,85,0,13,389,792,3302,0,37,1499,17140,5923,65.44,1
2025-02-01,RH8,NHS ENGLAND SOUTH WEST ,ROYAL DEVON UNIVERSITY HEALTHCARE NHS FOUNDATION TRUST,10851,0,3918,1168,0,51,4790,0,16,477,0,1,1386,79,3104,0,0,1787,14769,4806,67.46,1
2025-02-01,RKE,NHS ENGLAND LONDON,WHITTINGTON HEALTH NHS TRUST,8215,0,0,0,0,0,2725,0,0,0,0,0,215,324,1055,0,0,39,8215,2725,66.83,1
2025-02-01,RL4,NHS ENGLAND MIDLANDS ,THE ROYAL WOLVERHAMPTON NHS TRUST,11286,0,7671,78,0,743,3416,0,144,15,0,2,733,567,5182,0,0,930,18957,3560,81.22,1
2025-02-01,RNA,NHS ENGLAND MIDLANDS ,THE DUDLEY GROUP NHS FOUNDATION TRUST,8415,0,4049,0,0,664,2555,0,239,0,0,0,1928,28,3464,0,0,2258,12464,2794,77.58,1
2025-02-01,RQM,NHS ENGLAND LONDON,CHELSEA AND WESTMINSTER HOSPITAL NHS FOUNDATION TRUST,17620,0,5691,611,0,0,6091,0,103,0,0,0,1226,43,2563,0,0,353,23311,6194,73.43,1
2025-02-01,RRK,NHS ENGLAND MIDLANDS ,UNIVERSITY HOSPITALS BIRMINGHAM NHS FOUNDATION TRUST,31058,282,1534,0,0,267,12580,0,5,0,0,2,2371,1657,9332,0,0,6424,32874,12585,61.72,1
2025-02-01,RTK,NHS ENGLAND SOUTH EAST ,ASHFORD AND ST PETER'S HOSPITALS NHS FOUNDATION TRUST,9225,0,0,0,0,0,3070,0,0,0,0,0,464,289,2499,0,0,584,9225,3070,66.72,1
2025-02-01,RTR,NHS ENGLAND NORTH EAST AND YORKSHIRE ,SOUTH TEES HOSPITALS NHS FOUNDATION TRUST,6667,0,7880,0,0,1678,3433,0,503,0,0,56,292,11,2411,0,115,2151,14547,3936,72.94,1
2025-02-01,RWE,NHS ENGLAND MIDLANDS ,UNIVERSITY HOSPITALS OF LEICESTER NHS TRUST,19778,1807,0,0,0,0,8352,112,0,0,0,0,1303,921,5806,2,0,3425,21585,8464,60.79,1
2025-02-01,RWJ,NHS ENGLAND NORTH WEST ,STOCKPORT NHS FOUNDATION TRUST,6843,0,985,305,0,50,2353,0,47,94,0,5,724,240,2525,0,61,822,7828,2400,69.34,1
2025-02-01,RXR,NHS ENGLAND NORTH WEST ,EAST LANCASHIRE HOSPITALS NHS TRUST,11973,0,9497,0,0,0,4297,0,648,0,0,0,421,1050,3543,0,93,1588,21470,4945,76.97,1
2025-02-01,RY7,NHS ENGLAND NORTH WEST ,WIRRAL COMMUNITY HEALTH AND CARE NHS FOUNDATION TRUST,0,0,3965,0,0,0,0,0,191,0,0,0,0,0,0,0,0,0,3965,191,95.18,0
2025-02-01,ARN03,NHS ENGLAND NORTH EAST AND YORKSHIRE ,LOCAL CARE DIRECT,0,0,2059,0,0,264,0,0,9,0,0,0,0,0,0,0,0,0,2059,9,99.56,0
2025-02-01,R0D,NHS ENGLAND SOUTH WEST ,UNIVERSITY HOSPITALS DORSET NHS FOUNDATION TRUST,11840,0,4341,0,0,0,4892,0,0,0,0,0,960,275,3751,1,0,2204,16181,4892,69.77,1
2025-02-01,R1K,NHS ENGLAND LONDON,LONDON NORTH WEST UNIVERSITY HEALTHCARE NHS TRUST,12788,0,13626,0,0,0,6764,0,131,0,0,0,699,547,5893,0,0,339,26414,6895,73.9,1
2025-02-01,RAJ,NHS ENGLAND EAST OF ENGLAND ,MID AND SOUTH ESSEX NHS FOUNDATION TRUST,26897,0,3559,23,0,7,9735,0,229,4,0,0,2597,275,7902,0,174,1290,30456,9964,67.28,1
2025-02-01,RAL,NHS ENGLAND LONDON,ROYAL FREE LONDON NHS FOUNDATION TRUST,23137,451,14486,222,5,224,9238,7,909,114,0,31,1105,1691,4254,0,51,687,38074,10154,73.33,1
2025-02-01,RAS,NHS ENGLAND LONDON,THE HILLINGDON HOSPITALS NHS FOUNDATION TRUST,5687,0,5922,0,0,0,3208,0,90,0,0,0,624,94,1715,0,0,51,11609,3298,71.59,1
2025-02-01,RBN,NHS ENGLAND NORTH WEST ,MERSEY AND WEST LANCASHIRE TEACHING HOSPITALS NHS TRUST,15299,0,6647,427,0,0,5562,0,133,52,0,0,499,400,7357,0,0,549,21946,5695,74.05,1
2025-02-01,RBT,NHS ENGLAND NORTH WEST ,MID CHESHIRE HOSPITALS NHS FOUNDATION TRUST,6236,0,2554,0,0,117,3576,0,44,0,0,22,537,475,1995,0,0,1161,8790,3620,58.82,1
2025-02-01,RC9,NHS ENGLAND EAST OF ENGLAND ,BEDFORDSHIRE HOSPITALS NHS FOUNDATION TRUST,14688,0,8042,0,0,957,6486,0,0,0,0,0,80,8,4304,0,0,2198,22730,6486,71.47,1
2025-02-01,RCU,NHS ENGLAND NORTH EAST AND YORKSHIRE ,SHEFFIELD CHILDREN'S NHS FOUNDATION TRUST,3892,0,451,272,0,30,355,0,0,20,0,0,7,0,984,0,0,80,4343,355,91.83,1
2025-02-01,REP,NHS ENGLAND NORTH WEST ,LIVERPOOL WOMEN'S NHS FOUNDATION TRUST,0,1408,0,0,122,0,0,178,0,0,0,0,0,0,0,97,0,17,1408,178,87.36,1
2025-02-01,RJ2,NHS ENGLAND LONDON,LEWISHAM AND GREENWICH NHS TRUST,12884,0,10368,0,0,0,6709,0,1259,0,0,0,1081,750,4406,0,0,1159,23252,7968,65.73,1
2025-02-01,RJC,NHS ENGLAND MIDLANDS ,SOUTH WARWICKSHIRE UNIVERSITY NHS FOUNDATION TRUST,7205,0,337,1,0,0,2448,0,0,0,0,0,383,36,2053,0,0,788,7542,2448,67.54,1
2025-02-01,RJL,NHS ENGLAND NORTH EAST AND YORKSHIRE ,NORTHERN LINCOLNSHIRE AND GOOLE NHS FOUNDATION TRUST,8126,0,6287,0,0,390,4234,0,42,0,0,1,570,736,5129,0,0,421,14413,4276,70.33,1
2025-02-01,RJZ,NHS ENGLAND LONDON,KING'S COLLEGE HOSPITAL NHS FOUNDATION TRUST,14118,0,8153,45,0,1120,6639,0,171,18,0,0,1404,1069,3307,0,0,329,22271,6810,69.42,1
2025-02-01,RN5,NHS ENGLAND SOUTH EAST ,HAMPSHIRE HOSPITALS NHS FOUNDATION TRUST,9858,86,2684,0,0,81,4319,0,96,0,0,0,402,147,3947,10,23,1250,12628,4415,65.04,1
2025-02-01,RN7,NHS ENGLAND SOUTH EAST ,DARTFORD AND GRAVESHAM NHS TRUST,10568,0,3847,0,0,0,3504,0,16,0,0,0,484,497,3014,0,0,402,14415,3520,75.58,1
2025-02-01,RNN,NHS ENGLAND NORTH EAST AND YORKSHIRE ,NORTH CUMBRIA INTEGRATED CARE NHS FOUNDATION TRUST,7764,0,1625,324,0,32,3698,0,15,78,0,0,708,502,2205,0,0,661,9389,3713,60.45,1
2025-02-01,RNS,NHS ENGLAND MIDLANDS ,NORTHAMPTON GENERAL HOSPITAL NHS TRUST,7851,515,2051,1282,0,282,3296,11,205,487,0,24,578,659,2110,0,0,767,10417,3512,66.29,1
2025-02-01,RNZ,NHS ENGLAND SOUTH WEST ,SALISBURY NHS FOUNDATION TRUST,4104,276,1584,159,0,0,1929,0,0,79,0,0,477,52,1202,0,0,907,5964,1929,67.66,1
2025-02-01,RR8,NHS ENGLAND NORTH EAST AND YORKSHIRE ,LEEDS TEACHING HOSPITALS NHS TRUST,16141,660,11206,7,0,80,7361,0,220,1,0,0,1511,581,3376,0,0,1133,28007,7581,72.93,1
2025-02-01,RTE,NHS ENGLAND SOUTH WEST ,GLOUCESTERSHIRE HOSPITALS NHS FOUNDATION TRUST,11528,0,0,199,0,0,4563,0,0,58,0,0,378,423,2435,0,0,2179,11528,4563,60.42,1
2025-02-01,RTQ,NHS ENGLAND SOUTH WEST ,GLOUCESTERSHIRE HEALTH AND CARE NHS FOUNDATION TRUST,0,0,6854,0,0,0,0,0,56,0,0,0,0,0,0,0,0,20,6854,56,99.18,0
2025-02-01,RVJ,NHS ENGLAND SOUTH WEST ,NORTH BRISTOL NHS TRUST,7931,0,0,10,0,0,3221,0,0,4,0,0,379,536,2563,0,0,2324,7931,3221,59.39,1
2025-02-01,RVW,NHS ENGLAND NORTH EAST AND YORKSHIRE ,NORTH TEES AND HARTLEPOOL NHS FOUNDATION TRUST,4546,0,10231,0,0,0,2115,0,28,0,0,0,156,1,1581,0,408,2085,14777,2143,85.5,1
2025-02-01,RXC,NHS ENGLAND SOUTH EAST ,EAST SUSSEX HEALTHCARE NHS TRUST,7068,0,2211,1705,0,1676,3415,0,115,0,0,0,219,76,2799,0,0,496,9279,3530,61.96,1
2025-02-01,RY2,NHS ENGLAND NORTH WEST ,BRIDGEWATER COMMUNITY HEALTHCARE NHS FOUNDATION TRUST,0,0,2711,0,0,146,0,0,154,0,0,8,0,0,0,0,0,0,2711,154,94.32,1
2025-02-01,RYR,NHS ENGLAND SOUTH EAST ,UNIVERSITY HOSPITALS SUSSEX NHS FOUNDATION TRUST,23507,1239,1249,1582,0,611,9141,31,149,394,0,2,799,962,7732,26,56,1395,25995,9321,64.14,1
2025-02-01,C83023,NHS ENGLAND MIDLANDS ,SLEAFORD MEDICAL GROUP,0,0,490,0,0,0,0,0,0,0,0,0,0,0,0,0,0,0,490,0,100.0,0
2025-02-01,R1F,NHS ENGLAND SOUTH EAST ,ISLE OF WIGHT NHS TRUST,4136,318,1275,22,0,18,1678,0,0,8,0,0,207,68,1161,0,0,103,5729,1678,70.71,1
2025-02-01,R1H,NHS ENGLAND LONDON,BARTS HEALTH NHS TRUST,22906,837,16926,0,0,0,10470,24,1686,0,0,0,1025,962,4110,0,33,1051,40669,12180,70.05,1
2025-02-01,RAE,NHS ENGLAND NORTH EAST AND YORKSHIRE ,BRADFORD TEACHING HOSPITALS NHS FOUNDATION TRUST,8651,881,2733,0,0,0,2191,0,2,0,0,0,574,124,2311,0,18,1393,12265,2193,82.12,1
2025-02-01,RBK,NHS ENGLAND MIDLANDS ,WALSALL HEALTHCARE NHS TRUST,8257,0,4002,34,0,133,3202,0,113,13,0,0,1173,358,3483,0,0,707,12259,3315,72.96,1
2025-02-01,RBS,NHS ENGLAND NORTH WEST ,ALDER HEY CHILDREN'S NHS FOUNDATION TRUST,5570,0,0,0,0,0,1182,0,0,0,0,0,1,0,816,0,0,272,5570,1182,78.78,1
2025-02-01,RCB,NHS ENGLAND NORTH EAST AND YORKSHIRE ,YORK AND SCARBOROUGH TEACHING HOSPITALS NHS FOUNDATION TRUST,9502,321,6536,0,0,0,5345,0,191,0,0,0,704,433,4251,0,0,1416,16359,5536,66.16,1
2025-02-01,RCF,NHS ENGLAND NORTH EAST AND YORKSHIRE ,AIREDALE NHS FOUNDATION TRUST,5169,217,0,476,0,0,2298,0,0,0,0,0,446,162,1442,0,0,488,5386,2298,57.33,1
2025-02-01,RDE,NHS ENGLAND EAST OF ENGLAND ,EAST SUFFOLK AND NORTH ESSEX NHS FOUNDATION TRUST,11244,0,13498,1004,0,568,6074,0,374,0,0,0,993,778,5855,0,359,1040,24742,6448,73.94,1
2025-02-01,RDR,NHS ENGLAND SOUTH EAST ,SUSSEX COMMUNITY NHS FOUNDATION TRUST,0,0,10491,0,0,0,0,0,101,0,0,0,0,0,0,0,0,0,10491,101,99.04,0
2025-02-01,RFS,NHS ENGLAND MIDLANDS ,CHESTERFIELD ROYAL HOSPITAL NHS FOUNDATION TRUST,5996,0,5491,334,0,159,3019,0,296,150,0,12,841,151,2491,0,208,611,11487,3315,71.14,1
2025-02-01,RHM,NHS ENGLAND SOUTH EAST ,UNIVERSITY HOSPITAL SOUTHAMPTON NHS FOUNDATION TRUST,10784,1122,0,299,0,0,4900,159,0,137,0,0,481,11,3568,17,0,1465,11906,5059,57.51,1
2025-02-01,RJ1,NHS ENGLAND LONDON,GUY'S AND ST THOMAS' NHS FOUNDATION TRUST,9085,702,6171,0,0,0,3570,20,137,0,0,0,140,19,1883,0,0,232,15958,3727,76.64,1
2025-02-01,RJ6,NHS ENGLAND LONDON,CROYDON HEALTH SERVICES NHS TRUST,11931,0,4589,0,0,0,4204,0,0,0,0,0,286,446,1139,0,0,125,16520,4204,74.55,1
2025-02-01,RK5,NHS ENGLAND MIDLANDS ,SHERWOOD FOREST HOSPITALS NHS FOUNDATION TRUST,9495,0,5178,372,0,157,4191,0,493,154,0,4,653,170,3531,0,0,283,14673,4684,68.08,1
2025-02-01,RMP,NHS ENGLAND NORTH WEST ,TAMESIDE AND GLOSSOP INTEGRATED CARE NHS FOUNDATION TRUST,7669,0,2834,319,0,90,3540,0,53,0,0,0,540,327,1470,0,0,234,10503,3593,65.79,1
2025-02-01,RP5,NHS ENGLAND NORTH EAST AND YORKSHIRE ,DONCASTER AND BASSETLAW TEACHING HOSPITALS NHS FOUNDATION TRUST,12394,0,3649,0,0,0,4429,0,1,0,0,0,1027,124,3496,0,217,1025,16043,4430,72.39,1
2025-02-01,RP6,NHS ENGLAND LONDON,MOORFIELDS EYE HOSPITAL NHS FOUNDATION TRUST,0,5007,0,0,0,0,0,65,0,0,0,0,0,0,0,0,0,186,5007,65,98.7,0
2025-02-01,RPA,NHS ENGLAND SOUTH EAST ,MEDWAY NHS FOUNDATION TRUST,7722,0,6157,249,0,1184,2739,0,623,75,0,0,269,707,1577,0,0,459,13879,3362,75.78,1
2025-02-01,RRF,NHS ENGLAND NORTH WEST ,"WRIGHTINGTON, WIGAN AND LEIGH NHS FOUNDATION TRUST",6655,0,4556,0,0,0,3542,0,73,0,0,0,1015,440,1981,0,0,622,11211,3615,67.75,1
2025-02-01,RTD,NHS ENGLAND NORTH EAST AND YORKSHIRE ,THE NEWCASTLE UPON TYNE HOSPITALS NHS FOUNDATION TRUST,11293,1530,4882,0,0,1063,4249,110,5,0,0,0,544,35,3415,17,0,2611,17705,4364,75.35,1
2025-02-01,RTF,NHS ENGLAND NORTH EAST AND YORKSHIRE ,NORTHUMBRIA HEALTHCARE NHS FOUNDATION TRUST,8770,0,10454,0,0,0,2769,0,4,0,0,0,116,3,3496,0,16,315,19224,2773,85.58,1
2025-02-01,RTG,NHS ENGLAND MIDLANDS ,UNIVERSITY HOSPITALS OF DERBY AND BURTON NHS FOUNDATION TRUST,16929,0,8345,1333,0,22,7999,0,7,318,0,0,905,862,3737,0,1,1787,25274,8006,68.32,1
2025-02-01,RTX,NHS ENGLAND NORTH WEST ,UNIVERSITY HOSPITALS OF MORECAMBE BAY NHS FOUNDATION TRUST,8117,0,2267,60,0,1472,2707,0,51,11,0,48,558,382,2905,0,18,856,10384,2758,73.44,1
2025-02-01,RVV,NHS ENGLAND SOUTH EAST ,EAST KENT HOSPITALS UNIVERSITY NHS FOUNDATION TRUST,11788,0,11781,0,0,0,5878,0,441,0,0,0,346,1177,2602,0,476,477,23569,6319,73.19,1
2025-02-01,RWA,NHS ENGLAND NORTH EAST AND YORKSHIRE ,HULL UNIVERSITY TEACHING HOSPITALS NHS TRUST,8151,0,4608,0,0,0,4986,0,401,0,0,0,924,391,3249,0,0,2011,12759,5387,57.78,1
2025-02-01,RWD,NHS ENGLAND MIDLANDS ,UNITED LINCOLNSHIRE TEACHING HOSPITALS NHS TRUST,14759,0,3331,0,0,0,6039,0,598,0,0,0,803,1070,4170,0,0,1118,18090,6637,63.31,1
2025-02-01,RWF,NHS ENGLAND SOUTH EAST ,MAIDSTONE AND TUNBRIDGE WELLS NHS TRUST,16890,0,1982,793,0,223,3358,0,13,103,0,2,817,189,4950,0,0,914,18872,3371,82.14,1
2025-02-01,RWW,NHS ENGLAND NORTH WEST ,WARRINGTON AND HALTON TEACHING HOSPITALS NHS FOUNDATION TRUST,6149,0,2655,223,0,92,3291,0,62,70,0,4,532,908,1542,0,0,145,8804,3353,61.92,1
2025-02-01,RXL,NHS ENGLAND NORTH WEST ,BLACKPOOL TEACHING HOSPITALS NHS FOUNDATION TRUST,7854,0,9854,307,0,322,3654,0,116,91,0,0,377,579,2405,0,0,1471,17708,3770,78.71,1
2025-02-01,RXN,NHS ENGLAND NORTH WEST ,LANCASHIRE TEACHING HOSPITALS NHS FOUNDATION TRUST,10449,0,3136,259,0,80,4239,0,162,66,0,3,891,455,2100,0,84,1103,13585,4401,67.6,1
2025-02-01,RXP,NHS ENGLAND NORTH EAST AND YORKSHIRE ,COUNTY DURHAM AND DARLINGTON NHS FOUNDATION TRUST,11724,0,3703,0,0,7048,4853,0,0,0,0,0,1764,16,4006,0,0,741,15427,4853,68.54,1
2025-02-01,RA7,NHS ENGLAND SOUTH WEST ,UNIVERSITY HOSPITALS BRISTOL AND WESTON NHS FOUNDATION TRUST,13998,2114,0,0,0,0,5660,175,0,0,0,0,1118,664,4689,11,0,1483,16112,5835,63.78,1
2025-02-01,RD1,NHS ENGLAND SOUTH WEST ,ROYAL UNITED HOSPITALS BATH NHS FOUNDATION TRUST,7674,0,0,0,0,0,3269,0,0,0,0,0,763,205,2305,0,12,1594,7674,3269,57.4,1
2025-02-01,RGT,NHS ENGLAND EAST OF ENGLAND ,CAMBRIDGE UNIVERSITY HOSPITALS NHS FOUNDATION TRUST,9643,0,5233,280,0,296,4689,0,44,85,0,7,406,630,2413,0,21,432,14876,4733,68.18,1
2025-02-01,RHQ,NHS ENGLAND NORTH EAST AND YORKSHIRE ,SHEFFIELD TEACHING HOSPITALS NHS FOUNDATION TRUST,7927,1109,6570,366,1,1247,4223,0,295,175,0,10,943,8,3372,0,0,2795,15606,4518,71.05,1
2025-02-01,RM1,NHS ENGLAND EAST OF ENGLAND ,NORFOLK AND NORWICH UNIVERSITY HOSPITALS NHS FOUNDATION TRUST,10792,0,7401,0,0,0,3503,0,0,0,0,0,902,294,2292,0,0,1500,18193,3503,80.75,1
2025-02-01,RN3,NHS ENGLAND SOUTH WEST ,GREAT WESTERN HOSPITALS NHS FOUNDATION TRUST,4962,0,4772,0,0,0,2388,0,288,0,0,0,403,378,2201,0,0,1323,9734,2676,72.51,1
2025-02-01,RRV,NHS ENGLAND LONDON,UNIVERSITY COLLEGE LONDON HOSPITALS NHS FOUNDATION TRUST,11981,0,0,367,0,0,3195,0,0,0,0,0,309,203,1231,0,0,252,11981,3195,73.33,1
2025-02-01,RVR,NHS ENGLAND LONDON,EPSOM AND ST HELIER UNIVERSITY HOSPITALS NHS TRUST,9712,355,1226,444,1,39,3009,0,72,54,0,0,243,652,1793,4,0,123,11293,3081,72.72,1
2025-02-01,RWH,NHS ENGLAND EAST OF ENGLAND ,EAST AND NORTH HERTFORDSHIRE NHS TRUST,8035,0,6880,0,0,0,4478,0,127,0,0,0,254,267,2493,0,5,226,14915,4605,69.13,1
2025-02-01,RWX,NHS ENGLAND SOUTH EAST ,BERKSHIRE HEALTHCARE NHS FOUNDATION TRUST,0,0,1173,0,0,0,0,0,9,0,0,0,0,0,0,0,23,0,1173,9,99.23,0
2025-02-01,RHW,NHS ENGLAND SOUTH EAST ,ROYAL BERKSHIRE NHS FOUNDATION TRUST,9494,2262,2057,818,17,0,3716,15,0,331,0,0,528,12,2192,1,0,405,13813,3731,72.99,1
2025-02-01,RQ3,NHS ENGLAND MIDLANDS ,BIRMINGHAM WOMEN'S AND CHILDREN'S NHS FOUNDATION TRUST,4700,0,0,0,0,0,982,0,0,0,0,0,0,6,979,0,0,134,4700,982,79.11,1
2025-02-01,RTH,NHS ENGLAND SOUTH EAST ,OXFORD UNIVERSITY HOSPITALS NHS FOUNDATION TRUST,11154,1621,2142,1587,0,86,4359,0,2,490,0,0,836,0,3945,102,6,4035,14917,4361,70.76,1
2025-02-01,RJ7,NHS ENGLAND LONDON,ST GEORGE'S UNIVERSITY HOSPITALS NHS FOUNDATION TRUST,8065,0,2886,492,0,0,2134,0,0,55,0,0,453,738,2380,0,0,672,10951,2134,80.51,1
2025-02-01,RLT,NHS ENGLAND MIDLANDS ,GEORGE ELIOT HOSPITAL NHS TRUST,6292,0,1466,0,0,0,2296,0,62,0,0,0,316,392,982,0,0,1,7758,2358,69.61,1
2025-02-01,RXF,NHS ENGLAND NORTH EAST AND YORKSHIRE ,MID YORKSHIRE TEACHING NHS TRUST,14812,119,5233,112,0,63,6475,0,387,2,0,0,2042,458,3169,0,125,792,20164,6862,65.97,1
2025-02-01,RBD,NHS ENGLAND SOUTH WEST ,DORSET COUNTY HOSPITAL NHS FOUNDATION TRUST,3471,0,0,341,0,3557,1509,0,0,101,0,6,192,24,1548,0,0,493,3471,1509,56.53,1
2025-02-01,RM3,NHS ENGLAND NORTH WEST ,NORTHERN CARE ALLIANCE NHS FOUNDATION TRUST,22781,0,8419,0,0,0,9896,0,408,0,0,0,1156,1005,6566,0,314,1919,31200,10304,66.97,1
2025-02-01,RBL,NHS ENGLAND NORTH WEST ,WIRRAL UNIVERSITY TEACHING HOSPITAL NHS FOUNDATION TRUST,6626,0,2815,0,0,187,3677,0,27,0,0,2,346,871,1781,0,0,1567,9441,3704,60.77,1
2025-02-01,RYJ,NHS ENGLAND LONDON,IMPERIAL COLLEGE HEALTHCARE NHS TRUST,11067,3367,6469,0,0,431,4982,39,361,0,0,0,617,364,3265,0,0,1042,20903,5382,74.25,1
2025-02-01,NQT5F,NHS ENGLAND NORTH WEST ,SKELMERSDALE WALK IN CENTRE,0,0,1730,0,0,0,0,0,6,0,0,0,0,0,0,0,0,0,1730,6,99.65,0
2025-02-01,NQT5H,NHS ENGLAND SOUTH WEST ,PAULTON MEMORIAL HOSPITAL,0,0,913,0,0,0,0,0,5,0,0,0,0,0,0,0,0,0,913,5,99.45,0
2025-02-01,RX1,NHS ENGLAND MIDLANDS ,NOTTINGHAM UNIVERSITY HOSPITALS NHS TRUST,14519,1625,882,0,0,0,7643,70,301,0,0,0,214,509,4242,0,0,3931,17026,8014,52.93,1
2025-02-01,RH5,NHS ENGLAND SOUTH WEST ,SOMERSET NHS FOUNDATION TRUST,10816,0,8601,0,0,0,5066,0,168,0,0,0,575,271,2698,0,0,1604,19417,5234,73.04,1
2025-02-01,RYY,NHS ENGLAND SOUTH EAST ,KENT COMMUNITY HEALTH NHS FOUNDATION TRUST,0,0,8561,0,0,0,0,0,43,0,0,0,0,0,0,0,0,0,8561,43,99.5,0
2025-01-01,AQN04,NHS ENGLAND SOUTH EAST ,PHL LYMINGTON UTC,0,0,2652,0,0,5,0,0,3,0,0,0,0,0,0,0,0,0,2652,3,99.89,0
2025-01-01,RWY,NHS ENGLAND NORTH EAST AND YORKSHIRE ,CALDERDALE AND HUDDERSFIELD NHS FOUNDATION TRUST,14485,0,0,0,0,0,4954,0,0,0,0,0,1427,33,2970,0,0,219,14485,4954,65.8,1
2025-01-01,AAH,NHS ENGLAND SOUTH WEST ,TETBURY HOSPITAL TRUST LTD,0,0,599,0,0,0,0,0,0,0,0,0,0,0,0,0,0,0,599,0,100.0,0
2025-01-01,AJN,NHS ENGLAND NORTH EAST AND YORKSHIRE ,WORKINGTON HEALTH LIMITED,0,0,313,0,0,0,0,0,0,0,0,0,0,0,0,0,0,0,313,0,100.0,0
2025-01-01,C82038,NHS ENGLAND MIDLANDS ,LATHAM HOUSE MEDICAL PRACTICE,0,0,305,0,0,0,0,0,0,0,0,0,0,0,0,0,0,0,305,0,100.0,0
2025-01-01,NDJ,NHS ENGLAND SOUTH EAST ,FIRST COMMUNITY HEALTH AND CARE CIC,0,0,2070,0,0,0,0,0,0,0,0,0,0,0,0,0,0,0,2070,0,100.0,0
2025-01-01,NQT5F,NHS ENGLAND NORTH WEST ,SKELMERSDALE WALK IN CENTRE,0,0,1730,0,0,0,0,0,6,0,0,0,0,0,0,0,0,0,1730,6,99.65,0
2025-01-01,NQT5H,NHS ENGLAND SOUTH WEST ,PAULTON MEMORIAL HOSPITAL,0,0,913,0,0,0,0,0,5,0,0,0,0,0,0,0,0,0,913,5,99.45,0
2025-01-01,NTP11,NHS ENGLAND SOUTH EAST ,PRACTICE PLUS GROUP HOSPITAL - SOUTHAMPTON,0,0,5148,0,0,0,0,0,268,0,0,0,0,0,0,0,0,0,5148,268,94.79,1
2025-01-01,NTV0B,NHS ENGLAND SOUTH EAST ,ASHFORD WALK-IN-CENTRE,0,0,2292,0,0,0,0,0,91,0,0,0,0,0,0,0,0,0,2292,91,96.03,0
2025-01-01,NTV0W,NHS ENGLAND SOUTH EAST ,WOKING WALK IN CENTRE,0,0,2535,0,0,0,0,0,48,0,0,0,0,0,0,0,0,0,2535,48,98.11,0
2025-01-01,RBT,NHS ENGLAND NORTH WEST ,MID CHESHIRE HOSPITALS NHS FOUNDATION TRUST,6632,0,2710,0,0,52,4017,0,48,0,0,5,545,724,2149,0,0,1294,9342,4065,56.49,1
2025-01-01,RGP,NHS ENGLAND EAST OF ENGLAND ,JAMES PAGET UNIVERSITY HOSPITALS NHS FOUNDATION TRUST,6535,0,1515,0,0,0,3057,0,0,0,0,0,606,456,1611,0,0,498,8050,3057,62.02,1
2025-01-01,RJN,NHS ENGLAND NORTH WEST ,EAST CHESHIRE NHS TRUST,4011,0,0,78,0,59,2049,0,0,0,0,0,154,451,784,0,0,208,4011,2049,48.92,1
2025-01-01,RV9,NHS ENGLAND NORTH EAST AND YORKSHIRE ,HUMBER TEACHING NHS FOUNDATION TRUST,0,0,974,0,0,29,0,0,6,0,0,0,0,0,0,0,0,0,974,6,99.38,0
2025-01-01,RY7,NHS ENGLAND NORTH WEST ,WIRRAL COMMUNITY HEALTH AND CARE NHS FOUNDATION TRUST,0,0,4232,0,0,0,0,0,265,0,0,0,0,0,0,0,0,0,4232,265,93.74,1
2025-01-01,RYF,NHS ENGLAND SOUTH WEST ,SOUTH WESTERN AMBULANCE SERVICE NHS FOUNDATION TRUST,0,0,1619,0,0,16,0,0,35,0,0,0,0,0,0,0,0,0,1619,35,97.84,0
2025-01-01,Y02532,NHS ENGLAND NORTH WEST ,MIRIAM MINOR EMERGENCY,0,0,1666,0,0,0,0,0,8,0,0,0,0,0,0,0,0,0,1666,8,99.52,0
2025-01-01,Y02615,NHS ENGLAND MIDLANDS ,SOUTH BIRMINGHAM GP WALK IN CENTRE,0,0,7079,0,0,0,0,0,0,0,0,0,0,0,0,0,0,0,7079,0,100.0,0
2025-01-01,NQTE4,NHS ENGLAND MIDLANDS ,SUMMERFIELD URGENT CARE CENTRE,0,0,3194,0,0,0,0,0,0,0,0,0,0,0,0,0,0,0,3194,0,100.0,0
2025-01-01,RCD,NHS ENGLAND NORTH EAST AND YORKSHIRE ,HARROGATE AND DISTRICT NHS FOUNDATION TRUST,4739,0,836,361,0,42,1550,0,0,78,0,0,460,90,1173,0,0,289,5575,1550,72.2,1
2025-01-01,REM,NHS ENGLAND NORTH WEST ,LIVERPOOL UNIVERSITY HOSPITALS NHS FOUNDATION TRUST,14224,1684,7490,499,0,0,6639,24,122,78,0,0,2034,1117,4597,0,0,2238,23398,6785,71.0,1
2025-01-01,RFF,NHS ENGLAND NORTH EAST AND YORKSHIRE ,BARNSLEY HOSPITAL NHS FOUNDATION TRUST,8663,0,0,20,0,0,3459,0,0,0,0,0,795,0,2894,0,0,516,8663,3459,60.07,1
2025-01-01,RNU,NHS ENGLAND SOUTH EAST ,OXFORD HEALTH NHS FOUNDATION TRUST,0,0,3531,0,0,0,0,0,314,0,0,0,0,0,0,0,0,0,3531,314,91.11,1
2025-01-01,RPC,NHS ENGLAND SOUTH EAST ,QUEEN VICTORIA HOSPITAL NHS FOUNDATION TRUST,0,0,1279,0,0,0,0,0,1,0,0,0,0,0,0,0,3,444,1279,1,99.92,0
2025-01-01,RTK,NHS ENGLAND SOUTH EAST ,ASHFORD AND ST PETER'S HOSPITALS NHS FOUNDATION TRUST,10059,0,0,0,0,0,3370,0,0,0,0,0,441,521,2810,0,0,725,10059,3370,66.5,1
2025-01-01,RTP,NHS ENGLAND SOUTH EAST ,SURREY AND SUSSEX HEALTHCARE NHS TRUST,9612,0,0,0,0,0,3640,0,0,0,0,0,527,703,2940,0,0,922,9612,3640,62.13,1
2025-01-01,RW1,NHS ENGLAND SOUTH EAST ,HAMPSHIRE AND ISLE OF WIGHT HEALTHCARE NHS FOUNDATION TRUST,0,0,2632,0,0,0,0,0,56,0,0,0,0,0,0,0,0,132,2632,56,97.87,0
2025-01-01,RY4,NHS ENGLAND EAST OF ENGLAND ,HERTFORDSHIRE COMMUNITY NHS TRUST,0,0,1125,0,0,0,0,0,37,0,0,0,0,0,0,0,0,0,1125,37,96.71,0
2025-01-01,Y02428,NHS ENGLAND EAST OF ENGLAND ,PUTNOE WALK IN CENTRE,0,0,3234,0,0,0,0,0,0,0,0,0,0,0,0,0,0,0,3234,0,100.0,0
2025-01-01,Y02676,NHS ENGLAND SOUTH EAST ,BRIGHTON STATION HEALTH CENTRE,0,0,1987,0,0,0,0,0,0,0,0,0,0,0,0,0,0,0,1987,0,100.0,0
2025-01-01,NR3,NHS ENGLAND MIDLANDS ,NOTTINGHAM CITYCARE PARTNERSHIP,0,0,5135,0,0,274,0,0,604,0,0,0,0,0,0,0,0,0,5135,604,88.24,1
2025-01-01,R0B,NHS ENGLAND NORTH EAST AND YORKSHIRE ,SOUTH TYNESIDE AND SUNDERLAND NHS FOUNDATION TRUST,10809,1172,5192,750,0,1490,6163,33,217,426,0,53,1224,55,4624,15,0,1150,17173,6413,62.66,1
2025-01-01,RA9,NHS ENGLAND SOUTH WEST ,TORBAY AND SOUTH DEVON NHS FOUNDATION TRUST,5843,0,2879,353,0,141,2900,0,14,155,0,0,396,70,2166,0,0,1229,8722,2914,66.59,1
2025-01-01,RCX,NHS ENGLAND EAST OF ENGLAND ,"THE QUEEN ELIZABETH HOSPITAL, KING'S LYNN, NHS FOUNDATION TRUST",6370,0,1131,0,0,0,2953,0,0,0,0,0,265,122,2035,0,0,313,7501,2953,60.63,1
2025-01-01,RXK,NHS ENGLAND MIDLANDS ,SANDWELL AND WEST BIRMINGHAM HOSPITALS NHS TRUST,10692,1103,8325,589,0,0,4832,183,294,0,0,0,804,196,2578,0,0,507,20120,5309,73.61,1
2025-01-01,C82009,NHS ENGLAND MIDLANDS ,MARKET HARBOROUGH MED.CTR,0,0,247,0,0,0,0,0,0,0,0,0,0,0,0,0,0,0,247,0,100.0,0
2025-01-01,C83023,NHS ENGLAND MIDLANDS ,SLEAFORD MEDICAL GROUP,0,0,495,0,0,0,0,0,0,0,0,0,0,0,0,0,0,0,495,0,100.0,0
2025-01-01,DT301,NHS ENGLAND EAST OF ENGLAND ,HERTS URGENT CARE (ASCOTS LANE),0,0,2063,0,0,0,0,0,56,0,0,0,0,0,0,0,0,0,2063,56,97.29,0
2025-01-01,L83087,NHS ENGLAND SOUTH WEST ,OKEHAMPTON MEDICAL CENTRE,0,0,77,0,0,0,0,0,0,0,0,0,0,0,0,0,0,0,77,0,100.0,0
2025-01-01,NL7,NHS ENGLAND MIDLANDS ,ASSURA VERTIS URGENT CARE CENTRES (BIRMINGHAM),0,0,4432,0,0,0,0,0,0,0,0,0,0,0,0,0,0,0,4432,0,100.0,0
2025-01-01,NQT51,NHS ENGLAND SOUTH EAST ,STATION PLAZA HEALTH CENTRE,0,0,1090,0,0,0,0,0,0,0,0,0,0,0,0,0,0,0,1090,0,100.0,0
2025-01-01,RA2,NHS ENGLAND SOUTH EAST ,ROYAL SURREY COUNTY HOSPITAL NHS FOUNDATION TRUST,6385,0,1360,855,0,3,1892,0,0,180,0,0,414,13,2451,0,0,1165,7745,1892,75.57,1
2025-01-01,RAE,NHS ENGLAND NORTH EAST AND YORKSHIRE ,BRADFORD TEACHING HOSPITALS NHS FOUNDATION TRUST,8851,961,2947,0,0,0,2289,0,0,0,0,0,710,122,2521,0,33,1486,12759,2289,82.06,1
2025-01-01,RWG,NHS ENGLAND EAST OF ENGLAND ,WEST HERTFORDSHIRE TEACHING HOSPITALS NHS TRUST,8229,0,6655,0,0,837,3010,0,92,0,0,0,919,28,4215,0,0,601,14884,3102,79.16,1
2025-01-01,RY8,NHS ENGLAND MIDLANDS ,DERBYSHIRE COMMUNITY HEALTH SERVICES NHS FOUNDATION TRUST,0,0,5873,0,0,2193,0,0,89,0,0,5,0,0,0,0,0,0,5873,89,98.48,0
2025-01-01,NNJ,NHS ENGLAND MIDLANDS ,DHU HEALTH CARE C.I.C,0,0,1813,0,0,0,0,0,0,0,0,0,0,0,0,0,0,0,1813,0,100.0,0
2025-01-01,R1D,NHS ENGLAND MIDLANDS ,SHROPSHIRE COMMUNITY HEALTH NHS TRUST,0,0,2889,0,0,0,0,0,3,0,0,0,0,0,0,0,0,0,2889,3,99.9,0
2025-01-01,RLQ,NHS ENGLAND MIDLANDS ,WYE VALLEY NHS TRUST,5515,1141,123,145,0,0,2460,0,0,28,0,0,439,323,1416,0,0,135,6779,2460,63.71,1
2025-01-01,RWP,NHS ENGLAND MIDLANDS ,WORCESTERSHIRE ACUTE HOSPITALS NHS TRUST,12351,0,5089,0,0,0,7172,0,37,0,0,0,969,713,2758,0,0,858,17440,7209,58.66,1
2025-01-01,RYY,NHS ENGLAND SOUTH EAST ,KENT COMMUNITY HEALTH NHS FOUNDATION TRUST,0,0,9305,0,0,0,0,0,19,0,0,0,0,0,0,0,0,0,9305,19,99.8,0
2025-01-01,Y07709,NHS ENGLAND SOUTH EAST ,READING URGENT CARE CENTRE,0,0,1959,0,0,0,0,0,0,0,0,0,0,0,0,0,0,0,1959,0,100.0,0
2025-01-01,ACH01,NHS ENGLAND SOUTH EAST ,WHITSTABLE MEDICAL PRACTICE,0,0,5162,0,0,0,0,0,0,0,0,0,0,0,0,0,0,0,5162,0,100.0,0
2025-01-01,G0Q0L,NHS ENGLAND LONDON,BARKING HOSPITAL UTC,0,0,2777,0,0,0,0,0,12,0,0,0,0,0,0,0,0,0,2777,12,99.57,0
2025-01-01,K6K0R,NHS ENGLAND LONDON,HAROLD WOOD POLYCLINIC UTC,0,0,2825,0,0,0,0,0,4,0,0,0,0,0,0,0,0,0,2825,4,99.86,0
2025-01-01,NLX,NHS ENGLAND SOUTH WEST ,SIRONA CARE & HEALTH,0,0,7710,0,0,346,0,0,333,0,0,45,0,0,0,0,0,0,7710,333,95.68,0
2025-01-01,NTPAD,NHS ENGLAND SOUTH EAST ,PRACTICE PLUS GROUP SURGICAL CENTRE - ST MARYS PORTSMOUTH,0,0,5187,0,0,232,0,0,125,0,0,6,0,0,0,0,0,0,5187,125,97.59,0
2025-01-01,NV693,NHS ENGLAND NORTH WEST ,ROSSENDALE MIU & OOH,0,0,920,0,0,0,0,0,1,0,0,0,0,0,0,0,0,0,920,1,99.89,0
2025-01-01,R0D,NHS ENGLAND SOUTH WEST ,UNIVERSITY HOSPITALS DORSET NHS FOUNDATION TRUST,12296,0,4726,0,0,0,4996,0,0,0,0,0,1043,484,4019,0,0,2517,17022,4996,70.65,1
2025-01-01,REP,NHS ENGLAND NORTH WEST ,LIVERPOOL WOMEN'S NHS FOUNDATION TRUST,0,1429,0,0,182,0,0,155,0,0,0,0,0,0,0,89,0,17,1429,155,89.15,1
2025-01-01,RF4,NHS ENGLAND LONDON,"BARKING, HAVERING AND REDBRIDGE UNIVERSITY HOSPITALS NHS TRUST",13814,2497,14157,0,0,0,6286,360,143,0,0,0,698,1064,8389,0,0,426,30468,6789,77.72,1
2025-01-01,RGR,NHS ENGLAND EAST OF ENGLAND ,WEST SUFFOLK NHS FOUNDATION TRUST,7423,0,669,58,0,0,2959,0,0,0,0,0,475,707,1829,0,0,290,8092,2959,63.43,1
2025-01-01,RK9,NHS ENGLAND SOUTH WEST ,UNIVERSITY HOSPITALS PLYMOUTH NHS TRUST,8603,160,4975,0,0,0,4558,1,93,0,0,0,327,860,2776,0,0,1457,13738,4652,66.14,1
2025-01-01,RL4,NHS ENGLAND MIDLANDS ,THE ROYAL WOLVERHAMPTON NHS TRUST,12006,0,8055,64,0,746,3674,0,136,9,0,2,591,847,5690,0,0,940,20061,3810,81.01,1
2025-01-01,RQW,NHS ENGLAND EAST OF ENGLAND ,THE PRINCESS ALEXANDRA HOSPITAL NHS TRUST,7889,0,1783,0,0,751,4506,0,0,0,0,0,553,190,1692,0,0,224,9672,4506,53.41,1
2025-01-01,RTD,NHS ENGLAND NORTH EAST AND YORKSHIRE ,THE NEWCASTLE UPON TYNE HOSPITALS NHS FOUNDATION TRUST,11656,1642,4848,0,0,992,4559,150,1,0,0,0,749,41,3591,24,0,2909,18146,4710,74.04,1
2025-01-01,RW4,NHS ENGLAND NORTH WEST ,MERSEY CARE NHS FOUNDATION TRUST,0,0,12806,0,0,0,0,0,162,0,0,0,0,0,0,0,0,55,12806,162,98.73,0
2025-01-01,RXL,NHS ENGLAND NORTH WEST ,BLACKPOOL TEACHING HOSPITALS NHS FOUNDATION TRUST,8263,0,9875,336,0,303,4033,0,52,107,0,0,410,774,2749,0,0,1601,18138,4085,77.48,1
2025-01-01,Y03218,NHS ENGLAND LONDON,THE PINN UNREGISTERED WIC,0,0,897,0,0,0,0,0,0,0,0,0,0,0,0,0,0,0,897,0,100.0,0
2025-01-01,AXG,NHS ENGLAND SOUTH WEST ,WILTSHIRE HEALTH & CARE,0,0,2116,0,0,0,0,0,9,0,0,0,0,0,0,0,0,0,2116,9,99.57,0
2025-01-01,NNF09,NHS ENGLAND NORTH EAST AND YORKSHIRE ,BRANSHOLME HEALTH CENTRE,0,0,3572,0,0,0,0,0,339,0,0,0,0,0,0,0,0,0,3572,339,90.51,1
2025-01-01,RA7,NHS ENGLAND SOUTH WEST ,UNIVERSITY HOSPITALS BRISTOL AND WESTON NHS FOUNDATION TRUST,14626,2376,0,0,0,0,5610,177,0,0,0,0,968,909,5092,10,0,1747,17002,5787,65.96,1
2025-01-01,RAJ,NHS ENGLAND EAST OF ENGLAND ,MID AND SOUTH ESSEX NHS FOUNDATION TRUST,28930,0,3880,46,0,25,11052,0,246,18,0,1,3247,451,8794,0,198,1398,32810,11298,65.57,1
2025-01-01,RAT,NHS ENGLAND LONDON,NORTH EAST LONDON NHS FOUNDATION TRUST,0,0,1674,0,0,0,0,0,46,0,0,0,0,0,0,0,0,0,1674,46,97.25,0
2025-01-01,RCF,NHS ENGLAND NORTH EAST AND YORKSHIRE ,AIREDALE NHS FOUNDATION TRUST,5350,250,0,567,0,0,2341,0,0,0,0,0,480,237,1554,0,0,562,5600,2341,58.2,1
2025-01-01,RD8,NHS ENGLAND EAST OF ENGLAND ,MILTON KEYNES UNIVERSITY HOSPITAL NHS FOUNDATION TRUST,7840,0,4790,592,0,171,3214,0,236,246,0,0,1025,0,2167,0,0,464,12630,3450,72.68,1
2025-01-01,REF,NHS ENGLAND SOUTH WEST ,ROYAL CORNWALL HOSPITALS NHS TRUST,5987,0,10682,0,0,0,3231,0,657,0,0,0,778,545,2492,0,48,1211,16669,3888,76.68,1
2025-01-01,RJ2,NHS ENGLAND LONDON,LEWISHAM AND GREENWICH NHS TRUST,14126,0,10954,0,0,0,7503,0,1298,0,0,0,1152,834,5055,0,0,1338,25080,8801,64.91,1
2025-01-01,RJR,NHS ENGLAND NORTH WEST ,COUNTESS OF CHESTER HOSPITAL NHS FOUNDATION TRUST,4792,0,2147,0,0,0,2606,0,220,0,0,0,226,717,1678,0,0,1366,6939,2826,59.27,1
2025-01-01,RMC,NHS ENGLAND NORTH WEST ,BOLTON NHS FOUNDATION TRUST,7790,0,3614,100,0,55,3727,0,157,47,0,3,535,504,2424,0,128,1029,11404,3884,65.94,1
2025-01-01,RNQ,NHS ENGLAND MIDLANDS ,KETTERING GENERAL HOSPITAL NHS FOUNDATION TRUST,9817,0,8542,342,0,0,3720,0,155,0,0,0,1388,0,1899,0,0,327,18359,3875,78.89,1
2025-01-01,RNS,NHS ENGLAND MIDLANDS ,NORTHAMPTON GENERAL HOSPITAL NHS TRUST,8461,575,2081,1380,1,282,3466,14,126,500,0,12,456,938,2282,0,0,906,11117,3606,67.56,1
2025-01-01,RRK,NHS ENGLAND MIDLANDS ,UNIVERSITY HOSPITALS BIRMINGHAM NHS FOUNDATION TRUST,33067,325,1655,0,0,331,13753,0,32,0,0,9,2671,1847,10511,0,0,6876,35047,13785,60.67,1
2025-01-01,RTQ,NHS ENGLAND SOUTH WEST ,GLOUCESTERSHIRE HEALTH AND CARE NHS FOUNDATION TRUST,0,0,7168,0,0,0,0,0,42,0,0,0,0,0,0,0,0,21,7168,42,99.41,0
2025-01-01,RVW,NHS ENGLAND NORTH EAST AND YORKSHIRE ,NORTH TEES AND HARTLEPOOL NHS FOUNDATION TRUST,4804,0,10523,0,0,0,2841,0,22,0,0,0,312,49,1690,0,509,2439,15327,2863,81.32,1
2025-01-01,RWA,NHS ENGLAND NORTH EAST AND YORKSHIRE ,HULL UNIVERSITY TEACHING HOSPITALS NHS TRUST,8707,0,4795,0,0,0,5136,0,441,0,0,0,1076,614,3502,0,0,2373,13502,5577,58.7,1
2025-01-01,RWE,NHS ENGLAND MIDLANDS ,UNIVERSITY HOSPITALS OF LEICESTER NHS TRUST,21070,1977,0,0,0,0,9121,102,0,0,0,0,1513,1178,6395,5,0,3749,23047,9223,59.98,1
2025-01-01,RWF,NHS ENGLAND SOUTH EAST ,MAIDSTONE AND TUNBRIDGE WELLS NHS TRUST,17894,0,2034,875,0,218,3826,0,35,145,0,2,982,274,5178,0,0,983,19928,3861,80.63,1
2025-01-01,RXP,NHS ENGLAND NORTH EAST AND YORKSHIRE ,COUNTY DURHAM AND DARLINGTON NHS FOUNDATION TRUST,12293,0,3784,0,0,7264,5250,0,0,0,0,0,2427,23,4334,0,0,810,16077,5250,67.34,1
2025-01-01,RXQ,NHS ENGLAND SOUTH EAST ,BUCKINGHAMSHIRE HEALTHCARE NHS TRUST,10375,1234,3481,0,0,0,3310,0,218,0,0,0,303,322,4204,851,0,2362,15090,3528,76.62,1
2025-01-01,RXW,NHS ENGLAND MIDLANDS ,THE SHREWSBURY AND TELFORD HOSPITAL NHS TRUST,9443,0,2370,0,0,0,5433,0,202,0,0,0,349,1316,3068,0,178,2217,11813,5635,52.3,1
2025-01-01,RYX,NHS ENGLAND LONDON,CENTRAL LONDON COMMUNITY HEALTHCARE NHS TRUST,0,0,12079,0,0,403,0,0,168,0,0,6,0,0,0,0,0,0,12079,168,98.61,0
2025-01-01,Y02147,NHS ENGLAND LONDON,URGENT CARE CENTRE (QMS),0,0,7684,0,0,544,0,0,177,0,0,2,0,0,0,0,0,0,7684,177,97.7,0
2025-01-01,NNF16,NHS ENGLAND NORTH EAST AND YORKSHIRE ,BRIDLINGTON HOSPITAL,0,0,1306,0,0,0,0,0,26,0,0,0,0,0,0,0,0,0,1306,26,98.01,0
2025-01-01,NNF94,NHS ENGLAND NORTH EAST AND YORKSHIRE ,EAST RIDING COMMUNITY HOSPITAL,0,0,2563,0,0,0,0,0,128,0,0,0,0,0,0,0,0,0,2563,128,95.01,0
2025-01-01,NNFA7,NHS ENGLAND NORTH EAST AND YORKSHIRE ,GOOLE & DISTRICT HOSPITAL,0,0,1387,0,0,0,0,0,6,0,0,0,0,0,0,0,0,0,1387,6,99.57,0
2025-01-01,NNJ07,NHS ENGLAND MIDLANDS ,LOUGHBOROUGH URGENT CARE CENTRE,0,0,6973,0,0,870,0,0,44,0,0,2,0,0,0,0,0,0,6973,44,99.37,0
2025-01-01,NNJ0H,NHS ENGLAND MIDLANDS ,LLR EA - THE MERLYN VAZ HEALTH & SOCIAL CARE CENTRE,0,0,195,0,0,2216,0,0,0,0,0,0,0,0,0,0,0,0,195,0,100.0,0
2025-01-01,NNJ12,NHS ENGLAND MIDLANDS ,MARKET HARBOROUGH,0,0,102,0,0,575,0,0,0,0,0,0,0,0,0,0,0,0,102,0,100.0,0
2025-01-01,NNJ13,NHS ENGLAND MIDLANDS ,MELTON MOWBRAY,0,0,69,0,0,493,0,0,0,0,0,0,0,0,0,0,0,0,69,0,100.0,0
2025-01-01,NNJ14,NHS ENGLAND MIDLANDS ,OADBY,0,0,499,0,0,3391,0,0,0,0,0,0,0,0,0,0,0,0,499,0,100.0,0
2025-01-01,NNJ15,NHS ENGLAND MIDLANDS ,OAKHAM,0,0,59,0,0,371,0,0,0,0,0,0,0,0,0,0,0,0,59,0,100.0,0
2025-01-01,R0A,NHS ENGLAND NORTH WEST ,MANCHESTER UNIVERSITY NHS FOUNDATION TRUST,24310,2966,10858,3436,493,1018,11707,123,638,1502,24,103,4456,749,5458,121,139,444,38134,12468,67.3,1
2025-01-01,R1K,NHS ENGLAND LONDON,LONDON NORTH WEST UNIVERSITY HEALTHCARE NHS TRUST,13728,0,14754,0,0,0,7460,0,162,0,0,0,769,738,6525,0,0,347,28482,7622,73.24,1
2025-01-01,RAL,NHS ENGLAND LONDON,ROYAL FREE LONDON NHS FOUNDATION TRUST,24850,469,15178,250,3,267,9848,5,905,137,0,39,1218,1939,4965,0,55,750,40497,10758,73.44,1
2025-01-01,RAS,NHS ENGLAND LONDON,THE HILLINGDON HOSPITALS NHS FOUNDATION TRUST,5973,0,6578,0,0,0,3503,0,186,0,0,0,731,79,1815,0,0,74,12551,3689,70.61,1
2025-01-01,RBD,NHS ENGLAND SOUTH WEST ,DORSET COUNTY HOSPITAL NHS FOUNDATION TRUST,3841,0,0,347,0,3817,1873,0,0,112,0,4,225,93,1760,0,0,556,3841,1873,51.24,1
2025-01-01,RBN,NHS ENGLAND NORTH WEST ,MERSEY AND WEST LANCASHIRE TEACHING HOSPITALS NHS TRUST,16188,0,6642,415,0,0,6164,0,53,46,0,0,452,482,7454,0,0,762,22830,6217,72.77,1
2025-01-01,RCB,NHS ENGLAND NORTH EAST AND YORKSHIRE ,YORK AND SCARBOROUGH TEACHING HOSPITALS NHS FOUNDATION TRUST,10119,388,5567,0,0,0,5742,0,192,0,0,0,833,949,4477,0,0,1723,16074,5934,63.08,1
2025-01-01,RFR,NHS ENGLAND NORTH EAST AND YORKSHIRE ,THE ROTHERHAM NHS FOUNDATION TRUST,8708,0,0,0,0,0,3595,0,0,0,0,0,947,109,1987,0,0,249,8708,3595,58.72,1
2025-01-01,RJC,NHS ENGLAND MIDLANDS ,SOUTH WARWICKSHIRE UNIVERSITY NHS FOUNDATION TRUST,7498,0,330,1,0,0,2820,0,0,0,0,0,480,122,2241,0,0,914,7828,2820,63.98,1
2025-01-01,RMP,NHS ENGLAND NORTH WEST ,TAMESIDE AND GLOSSOP INTEGRATED CARE NHS FOUNDATION TRUST,8430,0,3154,392,0,93,4007,0,6,0,0,0,231,798,1685,0,0,285,11584,4013,65.36,1
2025-01-01,RN5,NHS ENGLAND SOUTH EAST ,HAMPSHIRE HOSPITALS NHS FOUNDATION TRUST,10341,127,2619,0,0,131,4889,0,83,0,0,0,428,195,4013,14,39,1373,13087,4972,62.01,1
2025-01-01,RN7,NHS ENGLAND SOUTH EAST ,DARTFORD AND GRAVESHAM NHS TRUST,11094,0,3892,0,0,0,3552,0,12,0,0,0,613,449,3295,0,0,438,14986,3564,76.22,1
2025-01-01,RNZ,NHS ENGLAND SOUTH WEST ,SALISBURY NHS FOUNDATION TRUST,4372,326,1715,132,0,0,1699,0,0,53,0,0,470,19,1312,0,0,1026,6413,1699,73.51,1
2025-01-01,RR7,NHS ENGLAND NORTH EAST AND YORKSHIRE ,GATESHEAD HEALTH NHS FOUNDATION TRUST,5878,0,3131,14,0,0,2555,0,37,6,0,0,1033,0,1654,0,0,57,9009,2592,71.23,1
2025-01-01,RTF,NHS ENGLAND NORTH EAST AND YORKSHIRE ,NORTHUMBRIA HEALTHCARE NHS FOUNDATION TRUST,9372,0,10992,0,0,0,2780,0,3,0,0,0,106,7,3876,0,49,395,20364,2783,86.33,1
2025-01-01,RTG,NHS ENGLAND MIDLANDS ,UNIVERSITY HOSPITALS OF DERBY AND BURTON NHS FOUNDATION TRUST,17941,0,9234,1572,0,18,8790,0,6,377,0,0,944,1028,3962,0,2,1957,27175,8796,67.63,1
2025-01-01,RTR,NHS ENGLAND NORTH EAST AND YORKSHIRE ,SOUTH TEES HOSPITALS NHS FOUNDATION TRUST,7207,0,8151,0,0,1583,4011,0,344,0,0,33,521,94,2662,0,108,2405,15358,4355,71.64,1
2025-01-01,RTX,NHS ENGLAND NORTH WEST ,UNIVERSITY HOSPITALS OF MORECAMBE BAY NHS FOUNDATION TRUST,8682,0,2279,84,0,1377,3255,0,32,23,0,61,666,560,3200,0,30,982,10961,3287,70.01,1
2025-01-01,RXC,NHS ENGLAND SOUTH EAST ,EAST SUSSEX HEALTHCARE NHS TRUST,7612,0,1944,2324,0,1852,3990,0,104,0,0,0,256,129,3276,0,0,485,9556,4094,57.16,1
2025-01-01,RY2,NHS ENGLAND NORTH WEST ,BRIDGEWATER COMMUNITY HEALTHCARE NHS FOUNDATION TRUST,0,0,2916,0,0,182,0,0,38,0,0,3,0,0,0,0,0,0,2916,38,98.7,0
2025-01-01,ARN03,NHS ENGLAND NORTH EAST AND YORKSHIRE ,LOCAL CARE DIRECT,0,0,2035,0,0,256,0,0,9,0,0,0,0,0,0,0,0,0,2035,9,99.56,0
2025-01-01,RAX,NHS ENGLAND LONDON,KINGSTON AND RICHMOND NHS FOUNDATION TRUST,7258,0,7797,0,0,0,3722,0,262,0,0,0,341,439,2449,0,177,340,15055,3984,73.54,1
2025-01-01,RBK,NHS ENGLAND MIDLANDS ,WALSALL HEALTHCARE NHS TRUST,9044,0,3905,28,0,150,3512,0,62,5,0,0,1337,324,3896,0,0,807,12949,3574,72.4,1
2025-01-01,RBS,NHS ENGLAND NORTH WEST ,ALDER HEY CHILDREN'S NHS FOUNDATION TRUST,5771,0,0,0,0,0,1222,0,0,0,0,0,1,0,860,0,0,316,5771,1222,78.83,1
2025-01-01,RC9,NHS ENGLAND EAST OF ENGLAND ,BEDFORDSHIRE HOSPITALS NHS FOUNDATION TRUST,15468,0,8652,0,0,1060,7204,0,0,0,0,0,83,22,4816,0,0,2319,24120,7204,70.13,1
2025-01-01,RCU,NHS ENGLAND NORTH EAST AND YORKSHIRE ,SHEFFIELD CHILDREN'S NHS FOUNDATION TRUST,4046,0,424,263,0,32,278,0,0,9,0,0,10,0,1017,0,0,72,4470,278,93.78,1
2025-01-01,RDE,NHS ENGLAND EAST OF ENGLAND ,EAST SUFFOLK AND NORTH ESSEX NHS FOUNDATION TRUST,11834,0,13927,1055,0,650,6231,0,288,0,0,0,980,885,6166,0,413,1107,25761,6519,74.69,1
2025-01-01,RDR,NHS ENGLAND SOUTH EAST ,SUSSEX COMMUNITY NHS FOUNDATION TRUST,0,0,11327,0,0,0,0,0,87,0,0,0,0,0,0,0,0,3,11327,87,99.23,0
2025-01-01,RDU,NHS ENGLAND SOUTH EAST ,FRIMLEY HEALTH NHS FOUNDATION TRUST,22829,927,12305,0,0,0,8728,4,224,0,0,0,1745,633,6324,0,0,102,36061,8956,75.16,1
2025-01-01,RFS,NHS ENGLAND MIDLANDS ,CHESTERFIELD ROYAL HOSPITAL NHS FOUNDATION TRUST,6401,0,5595,355,0,150,3389,0,289,152,0,27,1224,392,2712,0,312,694,11996,3678,69.34,1
2025-01-01,RGN,NHS ENGLAND EAST OF ENGLAND ,NORTH WEST ANGLIA NHS FOUNDATION TRUST,14196,0,3919,356,0,517,6058,0,143,104,0,8,584,883,3744,0,48,1647,18115,6201,65.77,1
2025-01-01,RH5,NHS ENGLAND SOUTH WEST ,SOMERSET NHS FOUNDATION TRUST,11562,0,9286,0,0,1,5403,0,133,0,0,0,830,329,2994,0,0,1761,20848,5536,73.45,1
2025-01-01,RH8,NHS ENGLAND SOUTH WEST ,ROYAL DEVON UNIVERSITY HEALTHCARE NHS FOUNDATION TRUST,11393,0,4152,1181,0,88,5065,0,5,420,0,1,1774,261,3644,0,0,1948,15545,5070,67.39,1
2025-01-01,RHM,NHS ENGLAND SOUTH EAST ,UNIVERSITY HOSPITAL SOUTHAMPTON NHS FOUNDATION TRUST,11405,1085,0,323,0,0,4425,80,0,122,0,0,506,14,4061,8,0,1762,12490,4505,63.93,1
2025-01-01,RJ1,NHS ENGLAND LONDON,GUY'S AND ST THOMAS' NHS FOUNDATION TRUST,9690,724,6461,0,0,0,3843,20,141,0,0,0,174,71,2114,0,0,358,16875,4004,76.27,1
2025-01-01,RJ6,NHS ENGLAND LONDON,CROYDON HEALTH SERVICES NHS TRUST,12997,0,5212,0,0,0,5139,0,0,0,0,0,289,441,1209,0,0,167,18209,5139,71.78,1
2025-01-01,RJE,NHS ENGLAND MIDLANDS ,UNIVERSITY HOSPITALS OF NORTH MIDLANDS NHS TRUST,13301,490,7890,790,0,627,7150,0,236,360,0,20,915,1318,5493,0,0,3127,21681,7386,65.93,1
2025-01-01,RJL,NHS ENGLAND NORTH EAST AND YORKSHIRE ,NORTHERN LINCOLNSHIRE AND GOOLE NHS FOUNDATION TRUST,8659,0,6622,0,0,443,4696,0,47,0,0,7,544,1018,5519,0,0,452,15281,4743,68.96,1
2025-01-01,RJZ,NHS ENGLAND LONDON,KING'S COLLEGE HOSPITAL NHS FOUNDATION TRUST,15093,0,8699,56,0,1335,7166,0,387,20,0,0,1419,1279,3632,0,0,366,23792,7553,68.25,1
2025-01-01,RK5,NHS ENGLAND MIDLANDS ,SHERWOOD FOREST HOSPITALS NHS FOUNDATION TRUST,10068,0,5348,379,0,167,4836,0,479,211,0,9,898,189,3786,0,0,256,15416,5315,65.52,1
2025-01-01,RKB,NHS ENGLAND MIDLANDS ,UNIVERSITY HOSPITALS COVENTRY AND WARWICKSHIRE NHS TRUST,11610,1525,6128,0,0,0,5201,151,184,0,0,0,96,30,1779,40,71,661,19263,5536,71.26,1
2025-01-01,RKE,NHS ENGLAND LONDON,WHITTINGTON HEALTH NHS TRUST,9061,0,0,0,0,0,2865,0,0,0,0,0,131,466,1137,0,0,48,9061,2865,68.38,1
2025-01-01,RLT,NHS ENGLAND MIDLANDS ,GEORGE ELIOT HOSPITAL NHS TRUST,6748,0,1527,0,0,0,2378,0,19,0,0,0,566,224,1130,0,0,0,8275,2397,71.03,1
2025-01-01,RM3,NHS ENGLAND NORTH WEST ,NORTHERN CARE ALLIANCE NHS FOUNDATION TRUST,24521,0,9020,0,0,0,10941,0,424,0,0,0,1164,1488,7213,0,314,2240,33541,11365,66.12,1
2025-01-01,RN3,NHS ENGLAND SOUTH WEST ,GREAT WESTERN HOSPITALS NHS FOUNDATION TRUST,5176,0,5001,0,0,0,2581,0,109,0,0,0,422,498,2350,0,0,1424,10177,2690,73.57,1
2025-01-01,RNA,NHS ENGLAND MIDLANDS ,THE DUDLEY GROUP NHS FOUNDATION TRUST,8787,0,4176,0,0,735,2924,0,120,0,0,0,1921,95,3650,0,0,2582,12963,3044,76.52,1
2025-01-01,RNN,NHS ENGLAND NORTH EAST AND YORKSHIRE ,NORTH CUMBRIA INTEGRATED CARE NHS FOUNDATION TRUST,8129,0,1630,330,0,38,4039,0,30,94,0,3,770,657,2420,0,0,851,9759,4069,58.31,1
2025-01-01,RP5,NHS ENGLAND NORTH EAST AND YORKSHIRE ,DONCASTER AND BASSETLAW TEACHING HOSPITALS NHS FOUNDATION TRUST,13236,0,3840,0,0,0,5143,0,5,0,0,0,1148,255,4208,0,355,1068,17076,5148,69.85,1
2025-01-01,RP6,NHS ENGLAND LONDON,MOORFIELDS EYE HOSPITAL NHS FOUNDATION TRUST,0,5778,0,0,0,0,0,117,0,0,0,0,0,0,0,1,0,220,5778,117,97.98,0
2025-01-01,RPA,NHS ENGLAND SOUTH EAST ,MEDWAY NHS FOUNDATION TRUST,8263,0,6752,274,0,1293,3239,0,692,78,0,0,388,756,1905,0,0,523,15015,3931,73.82,1
2025-01-01,RQM,NHS ENGLAND LONDON,CHELSEA AND WESTMINSTER HOSPITAL NHS FOUNDATION TRUST,19579,0,6169,621,0,0,6626,0,160,0,0,0,1454,56,2841,0,0,433,25748,6786,73.64,1
2025-01-01,RR8,NHS ENGLAND NORTH EAST AND YORKSHIRE ,LEEDS TEACHING HOSPITALS NHS TRUST,16895,684,11171,31,0,79,7386,0,98,13,0,0,1637,679,3763,0,0,1332,28750,7484,73.97,1
2025-01-01,RRF,NHS ENGLAND NORTH WEST ,"WRIGHTINGTON, WIGAN AND LEIGH NHS FOUNDATION TRUST",7069,0,4671,0,0,0,3999,0,70,0,0,0,1163,569,2013,0,0,833,11740,4069,65.34,1
2025-01-01,RRV,NHS ENGLAND LONDON,UNIVERSITY COLLEGE LONDON HOSPITALS NHS FOUNDATION TRUST,12580,0,0,481,0,0,3457,0,0,0,0,0,394,244,1343,0,0,251,12580,3457,72.52,1
2025-01-01,RTE,NHS ENGLAND SOUTH WEST ,GLOUCESTERSHIRE HOSPITALS NHS FOUNDATION TRUST,12179,0,0,199,0,0,4551,0,0,49,0,0,392,569,2635,0,0,2408,12179,4551,62.63,1
2025-01-01,RVJ,NHS ENGLAND SOUTH WEST ,NORTH BRISTOL NHS TRUST,8183,0,0,19,0,0,3292,0,0,5,0,0,477,545,2920,0,0,2321,8183,3292,59.77,1
2025-01-01,RVR,NHS ENGLAND LONDON,EPSOM AND ST HELIER UNIVERSITY HOSPITALS NHS TRUST,10516,351,1443,483,0,46,3149,0,50,43,0,1,251,739,1916,5,0,167,12310,3199,74.01,1
2025-01-01,RVV,NHS ENGLAND SOUTH EAST ,EAST KENT HOSPITALS UNIVERSITY NHS FOUNDATION TRUST,12952,0,12223,0,0,0,6343,0,357,0,0,0,446,1380,3056,0,562,511,25175,6700,73.39,1
2025-01-01,RWD,NHS ENGLAND MIDLANDS ,UNITED LINCOLNSHIRE TEACHING HOSPITALS NHS TRUST,15569,0,3568,0,0,0,6284,0,714,0,0,0,877,1317,4703,0,0,1153,19137,6998,63.43,1
2025-01-01,RWH,NHS ENGLAND EAST OF ENGLAND ,EAST AND NORTH HERTFORDSHIRE NHS TRUST,8687,0,7191,0,0,0,4818,0,28,0,0,0,275,340,2953,0,2,178,15878,4846,69.48,1
2025-01-01,RX1,NHS ENGLAND MIDLANDS ,NOTTINGHAM UNIVERSITY HOSPITALS NHS TRUST,15464,1684,296,0,0,0,7941,70,7,0,0,0,637,779,4567,0,0,4489,17444,8018,54.04,1
2025-01-01,RXN,NHS ENGLAND NORTH WEST ,LANCASHIRE TEACHING HOSPITALS NHS FOUNDATION TRUST,11443,0,3400,250,0,79,4641,0,86,44,0,2,978,511,2938,0,101,1443,14843,4727,68.15,1
2025-01-01,R1F,NHS ENGLAND SOUTH EAST ,ISLE OF WIGHT NHS TRUST,4428,292,1304,18,0,25,1822,0,0,9,0,0,293,169,1275,0,0,102,6024,1822,69.75,1
2025-01-01,R1H,NHS ENGLAND LONDON,BARTS HEALTH NHS TRUST,25012,944,17880,0,0,0,11280,14,1536,0,0,0,1025,1319,4419,2,32,1236,43836,12830,70.73,1
2025-01-01,RD1,NHS ENGLAND SOUTH WEST ,ROYAL UNITED HOSPITALS BATH NHS FOUNDATION TRUST,7900,0,0,0,0,0,3122,0,0,0,0,0,836,204,2539,0,6,1807,7900,3122,60.48,1
2025-01-01,RGT,NHS ENGLAND EAST OF ENGLAND ,CAMBRIDGE UNIVERSITY HOSPITALS NHS FOUNDATION TRUST,9799,0,5526,299,0,320,4602,0,42,60,0,0,520,646,2710,0,33,525,15325,4644,69.7,1
2025-01-01,RHQ,NHS ENGLAND NORTH EAST AND YORKSHIRE ,SHEFFIELD TEACHING HOSPITALS NHS FOUNDATION TRUST,8814,1182,6799,420,1,1272,5022,0,288,211,0,26,1534,22,3721,0,0,3082,16795,5310,68.38,1
2025-01-01,RHU,NHS ENGLAND SOUTH EAST ,PORTSMOUTH HOSPITALS UNIVERSITY NATIONAL HEALTH SERVICE TRUST,9971,965,2740,1554,0,807,4829,16,93,560,0,14,1377,349,3461,0,0,2579,13676,4938,63.89,1
2025-01-01,RM1,NHS ENGLAND EAST OF ENGLAND ,NORFOLK AND NORWICH UNIVERSITY HOSPITALS NHS FOUNDATION TRUST,12018,0,8406,0,0,0,4148,0,6,0,0,0,1037,379,2563,0,0,1680,20424,4154,79.66,1
2025-01-01,RWJ,NHS ENGLAND NORTH WEST ,STOCKPORT NHS FOUNDATION TRUST,7893,0,987,268,0,67,3490,0,56,87,0,1,789,500,2744,0,81,901,8880,3546,60.07,1
2025-01-01,RWX,NHS ENGLAND SOUTH EAST ,BERKSHIRE HEALTHCARE NHS FOUNDATION TRUST,0,0,1264,0,0,0,0,0,16,0,0,0,0,0,0,0,39,0,1264,16,98.73,0
2025-01-01,RYJ,NHS ENGLAND LONDON,IMPERIAL COLLEGE HEALTHCARE NHS TRUST,12227,3650,7192,0,0,480,5362,21,417,0,0,0,656,551,3722,1,0,1219,23069,5800,74.86,1
2025-01-01,RYR,NHS ENGLAND SOUTH EAST ,UNIVERSITY HOSPITALS SUSSEX NHS FOUNDATION TRUST,24951,1364,1239,1866,0,626,9961,63,137,493,0,2,894,1176,8454,30,50,1684,27554,10161,63.12,1
2025-01-01,RQX,NHS ENGLAND LONDON,HOMERTON HEALTHCARE NHS FOUNDATION TRUST,10961,0,0,0,0,0,2378,0,0,0,0,0,351,24,1836,0,0,380,10961,2378,78.3,1
2025-01-01,RJ7,NHS ENGLAND LONDON,ST GEORGE'S UNIVERSITY HOSPITALS NHS FOUNDATION TRUST,8811,0,3322,522,0,0,2673,0,0,72,0,0,574,838,2575,0,0,806,12133,2673,77.97,1
2025-01-01,AD913,NHS ENGLAND LONDON,BECKENHAM BEACON UCC,0,0,3770,0,0,33,0,0,33,0,0,0,0,0,0,0,0,0,3770,33,99.12,0
2025-01-01,RBL,NHS ENGLAND NORTH WEST ,WIRRAL UNIVERSITY TEACHING HOSPITAL NHS FOUNDATION TRUST,7439,0,2746,0,0,209,3996,0,63,0,0,4,393,976,2069,0,0,1704,10185,4059,60.15,1
2025-01-01,RHW,NHS ENGLAND SOUTH EAST ,ROYAL BERKSHIRE NHS FOUNDATION TRUST,10473,2370,2248,820,21,0,4345,18,0,315,0,0,916,37,2479,0,0,482,15091,4363,71.09,1
2025-01-01,RTH,NHS ENGLAND SOUTH EAST ,OXFORD UNIVERSITY HOSPITALS NHS FOUNDATION TRUST,11828,1787,2475,1755,0,138,4444,0,5,465,0,0,1049,0,4627,137,20,4564,16090,4449,72.35,1
2025-01-01,RXF,NHS ENGLAND NORTH EAST AND YORKSHIRE ,MID YORKSHIRE TEACHING NHS TRUST,15436,181,5229,124,0,105,6333,0,266,1,0,0,2437,1191,3382,0,150,827,20846,6599,68.34,1
2025-01-01,RQ3,NHS ENGLAND MIDLANDS ,BIRMINGHAM WOMEN'S AND CHILDREN'S NHS FOUNDATION TRUST,4731,0,0,0,0,0,744,0,0,0,0,0,0,11,967,0,0,161,4731,744,84.27,1
2025-01-01,RWW,NHS ENGLAND NORTH WEST ,WARRINGTON AND HALTON TEACHING HOSPITALS NHS FOUNDATION TRUST,6551,0,2630,259,0,121,3508,0,17,96,0,4,535,1131,1716,0,0,135,9181,3525,61.61,1
2025-01-01,RXR,NHS ENGLAND NORTH WEST ,EAST LANCASHIRE HOSPITALS NHS TRUST,12294,0,9797,0,0,0,4986,0,834,0,0,0,354,1310,3983,0,93,1692,22091,5820,73.65,1
2025-01-01,RY5,NHS ENGLAND MIDLANDS ,LINCOLNSHIRE COMMUNITY HEALTH SERVICES NHS TRUST,0,0,7706,0,0,0,0,0,273,0,0,0,0,0,0,0,0,0,7706,273,96.46,0
2024-07-01,AAH,NHS ENGLAND SOUTH WEST ,TETBURY HOSPITAL TRUST LTD,0,0,656,0,0,0,0,0,0,0,0,0,0,0,0,0,0,0,656,0,100.0,0
2024-07-01,RPC,NHS ENGLAND SOUTH EAST ,QUEEN VICTORIA HOSPITAL NHS FOUNDATION TRUST,0,0,1576,0,0,0,0,0,13,0,0,0,0,0,0,0,1,561,1576,13,99.18,0
2024-07-01,ACH01,NHS ENGLAND SOUTH EAST ,WHITSTABLE MEDICAL PRACTICE,0,0,4629,0,0,0,0,0,0,0,0,0,0,0,0,0,0,0,4629,0,100.0,0
2024-07-01,AQN04,NHS ENGLAND SOUTH EAST ,PHL LYMINGTON UTC,0,0,3193,0,0,9,0,0,0,0,0,0,0,0,0,0,0,0,3193,0,100.0,0
2024-07-01,C82038,NHS ENGLAND MIDLANDS ,LATHAM HOUSE MEDICAL PRACTICE,0,0,380,0,0,0,0,0,0,0,0,0,0,0,0,0,0,0,380,0,100.0,0
2024-07-01,C83023,NHS ENGLAND MIDLANDS ,SLEAFORD MEDICAL GROUP,0,0,505,0,0,0,0,0,0,0,0,0,0,0,0,0,0,2,505,0,100.0,0
2024-07-01,NL7,NHS ENGLAND MIDLANDS ,ASSURA VERTIS URGENT CARE CENTRES (BIRMINGHAM),0,0,3649,0,0,0,0,0,0,0,0,0,0,0,0,0,0,0,3649,0,100.0,0
2024-07-01,NQTE4,NHS ENGLAND MIDLANDS ,SUMMERFIELD URGENT CARE CENTRE,0,0,3274,0,0,0,0,0,0,0,0,0,0,0,0,0,0,0,3274,0,100.0,0
2024-07-01,NTV0B,NHS ENGLAND SOUTH EAST ,ASHFORD WALK-IN-CENTRE,0,0,2247,0,0,0,0,0,17,0,0,0,0,0,0,0,0,0,2247,17,99.24,0
2024-07-01,NTV0W,NHS ENGLAND SOUTH EAST ,WOKING WALK IN CENTRE,0,0,2614,0,0,0,0,0,62,0,0,0,0,0,0,0,0,0,2614,62,97.63,0
2024-07-01,RFF,NHS ENGLAND NORTH EAST AND YORKSHIRE ,BARNSLEY HOSPITAL NHS FOUNDATION TRUST,9089,0,0,101,0,0,2632,0,0,0,0,0,225,0,3029,0,0,525,9089,2632,71.04,1
2024-07-01,RNU,NHS ENGLAND SOUTH EAST ,OXFORD HEALTH NHS FOUNDATION TRUST,0,0,4206,0,0,0,0,0,395,0,0,0,0,0,0,0,0,0,4206,395,90.61,1
2024-07-01,RW1,NHS ENGLAND SOUTH EAST ,SOUTHERN HEALTH NHS FOUNDATION TRUST,0,0,3000,0,0,0,0,0,32,0,0,0,0,0,0,0,0,129,3000,32,98.93,0
2024-07-01,RWY,NHS ENGLAND NORTH EAST AND YORKSHIRE ,CALDERDALE AND HUDDERSFIELD NHS FOUNDATION TRUST,15931,0,0,0,0,0,4726,0,0,0,0,0,1042,3,3108,0,0,342,15931,4726,70.33,1
2024-07-01,RXL,NHS ENGLAND NORTH WEST ,BLACKPOOL TEACHING HOSPITALS NHS FOUNDATION TRUST,9152,0,10024,329,0,247,4204,0,72,127,0,0,582,768,2578,0,0,1400,19176,4276,77.7,1
2024-07-01,RY7,NHS ENGLAND NORTH WEST ,WIRRAL COMMUNITY HEALTH AND CARE NHS FOUNDATION TRUST,0,0,4498,0,0,0,0,0,83,0,0,0,0,0,0,0,0,0,4498,83,98.15,0
2024-07-01,RY8,NHS ENGLAND MIDLANDS ,DERBYSHIRE COMMUNITY HEALTH SERVICES NHS FOUNDATION TRUST,0,0,6229,0,0,1469,0,0,111,0,0,11,0,0,0,0,0,0,6229,111,98.22,0
2024-07-01,RYF,NHS ENGLAND SOUTH WEST ,SOUTH WESTERN AMBULANCE SERVICE NHS FOUNDATION TRUST,0,0,1664,0,0,0,0,0,112,0,0,0,0,0,0,0,0,0,1664,112,93.27,1
2024-07-01,Y02428,NHS ENGLAND EAST OF ENGLAND ,PUTNOE WALK IN CENTRE,0,0,2802,0,0,0,0,0,0,0,0,0,0,0,0,0,0,0,2802,0,100.0,0
2024-07-01,Y02532,NHS ENGLAND NORTH WEST ,MIRIAM MINOR EMERGENCY,0,0,1602,0,0,0,0,0,0,0,0,0,0,0,0,0,0,0,1602,0,100.0,0
2024-07-01,Y02615,NHS ENGLAND MIDLANDS ,SOUTH BIRMINGHAM GP WALK IN CENTRE,0,0,6329,0,0,0,0,0,0,0,0,0,0,0,0,0,0,0,6329,0,100.0,0
2024-07-01,G0Q0L,NHS ENGLAND LONDON,BARKING HOSPITAL UTC,0,0,2893,0,0,0,0,0,25,0,0,0,0,0,0,0,0,0,2893,25,99.14,0
2024-07-01,K6K0R,NHS ENGLAND LONDON,HAROLD WOOD POLYCLINIC UTC,0,0,2921,0,0,0,0,0,24,0,0,0,0,0,0,0,0,0,2921,24,99.18,0
2024-07-01,L83087,NHS ENGLAND SOUTH WEST ,OKEHAMPTON MEDICAL CENTRE,0,0,127,0,0,0,0,0,0,0,0,0,0,0,0,0,0,0,127,0,100.0,0
2024-07-01,NNJ,NHS ENGLAND MIDLANDS ,DHU HEALTH CARE C.I.C,0,0,1916,0,0,0,0,0,0,0,0,0,0,0,0,0,0,0,1916,0,100.0,0
2024-07-01,NV693,NHS ENGLAND NORTH WEST ,ROSSENDALE MIU & OOH,0,0,1238,0,0,0,0,0,0,0,0,0,0,0,0,0,0,0,1238,0,100.0,0
2024-07-01,RGP,NHS ENGLAND EAST OF ENGLAND ,JAMES PAGET UNIVERSITY HOSPITALS NHS FOUNDATION TRUST,7844,0,1338,0,0,0,3059,0,0,0,0,0,603,306,1623,0,0,423,9182,3059,66.68,1
2024-07-01,RJ6,NHS ENGLAND LONDON,CROYDON HEALTH SERVICES NHS TRUST,13230,0,4892,0,0,0,4698,0,0,0,0,0,567,445,1432,0,0,142,18122,4698,74.08,1
2024-07-01,RK9,NHS ENGLAND SOUTH WEST ,UNIVERSITY HOSPITALS PLYMOUTH NHS TRUST,9222,131,5305,0,0,0,5130,0,233,0,0,0,716,561,2984,0,0,1272,14658,5363,63.41,1
2024-07-01,RXF,NHS ENGLAND NORTH EAST AND YORKSHIRE ,MID YORKSHIRE TEACHING NHS TRUST,16592,159,6215,124,0,78,6711,0,507,3,0,1,2357,344,3522,0,167,995,22966,7218,68.57,1
2024-07-01,RXR,NHS ENGLAND NORTH WEST ,EAST LANCASHIRE HOSPITALS NHS TRUST,13481,0,11022,0,0,0,4249,0,434,0,0,0,627,907,4178,0,88,1685,24503,4683,80.89,1
2024-07-01,RY4,NHS ENGLAND EAST OF ENGLAND ,HERTFORDSHIRE COMMUNITY NHS TRUST,0,0,1166,0,0,0,0,0,93,0,0,0,0,0,0,0,0,0,1166,93,92.02,1
2024-07-01,Y02147,NHS ENGLAND LONDON,URGENT CARE CENTRE (QMS),0,0,7648,0,0,523,0,0,227,0,0,10,0,0,0,0,0,0,7648,227,97.03,0
2024-07-01,Y07709,NHS ENGLAND SOUTH EAST ,READING URGENT CARE CENTRE,0,0,2223,0,0,0,0,0,0,0,0,0,0,0,0,0,0,0,2223,0,100.0,0
2024-07-01,RNS,NHS ENGLAND MIDLANDS ,NORTHAMPTON GENERAL HOSPITAL NHS TRUST,10662,594,2249,1283,0,93,3390,14,30,284,0,3,539,702,2075,0,0,1306,13505,3434,74.57,1
2024-07-01,RQ3,NHS ENGLAND MIDLANDS ,BIRMINGHAM WOMEN'S AND CHILDREN'S NHS FOUNDATION TRUST,4997,0,0,0,0,0,647,0,0,0,0,0,0,0,1005,0,0,165,4997,647,87.05,1
2024-07-01,RQX,NHS ENGLAND LONDON,HOMERTON HEALTHCARE NHS FOUNDATION TRUST,11481,0,0,3,0,0,1508,0,0,0,0,0,163,24,1848,0,0,344,11481,1508,86.87,1
2024-07-01,RXK,NHS ENGLAND MIDLANDS ,SANDWELL AND WEST BIRMINGHAM HOSPITALS NHS TRUST,14968,1101,8150,767,0,0,7037,139,178,125,0,0,1529,818,2712,0,0,468,24219,7354,69.64,1
2024-07-01,RXQ,NHS ENGLAND SOUTH EAST ,BUCKINGHAMSHIRE HEALTHCARE NHS TRUST,10262,1255,3659,0,0,0,3936,0,221,0,0,0,329,229,4074,867,0,1844,15176,4157,72.61,1
2024-07-01,RY5,NHS ENGLAND MIDLANDS ,LINCOLNSHIRE COMMUNITY HEALTH SERVICES NHS TRUST,0,0,8966,0,0,0,0,0,334,0,0,0,0,0,0,0,0,0,8966,334,96.27,0
2024-07-01,Y03218,NHS ENGLAND LONDON,THE PINN UNREGISTERED WIC,0,0,970,0,0,0,0,0,0,0,0,0,0,0,0,0,0,0,970,0,100.0,0
2024-07-01,NQT51,NHS ENGLAND SOUTH EAST ,STATION PLAZA HEALTH CENTRE,0,0,1136,0,0,0,0,0,0,0,0,0,0,0,0,0,0,0,1136,0,100.0,0
2024-07-01,NQT5F,NHS ENGLAND NORTH WEST ,SKELMERSDALE WALK IN CENTRE,0,0,1806,0,0,0,0,0,5,0,0,0,0,0,0,0,0,0,1806,5,99.72,0
2024-07-01,NQT5H,NHS ENGLAND SOUTH WEST ,PAULTON MEMORIAL HOSPITAL,0,0,1029,0,0,0,0,0,18,0,0,0,0,0,0,0,0,0,1029,18,98.25,0
2024-07-01,NTP11,NHS ENGLAND SOUTH EAST ,PRACTICE PLUS GROUP HOSPITAL - SOUTHAMPTON,0,0,5291,0,0,0,0,0,307,0,0,0,0,0,0,0,0,0,5291,307,94.2,1
2024-07-01,RA2,NHS ENGLAND SOUTH EAST ,ROYAL SURREY COUNTY HOSPITAL NHS FOUNDATION TRUST,6586,0,1503,629,0,3,1428,0,0,111,0,0,155,0,2470,0,0,1098,8089,1428,82.35,1
2024-07-01,RJN,NHS ENGLAND NORTH WEST ,EAST CHESHIRE NHS TRUST,4422,0,0,68,0,47,2172,0,0,0,0,0,230,253,929,0,0,174,4422,2172,50.88,1
2024-07-01,RW4,NHS ENGLAND NORTH WEST ,MERSEY CARE NHS FOUNDATION TRUST,0,0,13110,0,0,0,0,0,160,0,0,0,0,0,0,0,0,34,13110,160,98.78,0
2024-07-01,RY2,NHS ENGLAND NORTH WEST ,BRIDGEWATER COMMUNITY HEALTHCARE NHS FOUNDATION TRUST,0,0,3217,0,0,166,0,0,45,0,0,3,0,0,0,0,0,0,3217,45,98.6,0
2024-07-01,AJN,NHS ENGLAND NORTH EAST AND YORKSHIRE ,WORKINGTON HEALTH LIMITED,0,0,366,0,0,0,0,0,0,0,0,0,0,0,0,0,0,0,366,0,100.0,0
2024-07-01,NLX,NHS ENGLAND SOUTH WEST ,SIRONA CARE & HEALTH,0,0,8873,0,0,311,0,0,496,0,0,56,0,0,0,0,0,0,8873,496,94.41,1
2024-07-01,RBT,NHS ENGLAND NORTH WEST ,MID CHESHIRE HOSPITALS NHS FOUNDATION TRUST,7259,0,2939,28,0,44,3727,0,21,4,0,2,615,552,2197,0,0,1070,10198,3748,63.25,1
2024-07-01,RDU,NHS ENGLAND SOUTH EAST ,FRIMLEY HEALTH NHS FOUNDATION TRUST,23320,1081,11275,0,0,0,9551,2,169,0,0,0,2267,131,6076,0,0,314,35676,9722,72.75,1
2024-07-01,RHW,NHS ENGLAND SOUTH EAST ,ROYAL BERKSHIRE NHS FOUNDATION TRUST,12182,2527,0,694,25,0,3875,27,0,172,0,0,410,3,2437,0,0,864,14709,3902,73.47,1
2024-07-01,RLQ,NHS ENGLAND MIDLANDS ,WYE VALLEY NHS TRUST,6152,1252,0,134,0,0,2363,0,0,25,0,0,466,331,1952,0,0,744,7404,2363,68.08,1
2024-07-01,RTP,NHS ENGLAND SOUTH EAST ,SURREY AND SUSSEX HEALTHCARE NHS TRUST,10561,0,0,0,0,0,2695,0,0,0,0,0,578,378,3189,0,0,939,10561,2695,74.48,1
2024-07-01,RTQ,NHS ENGLAND SOUTH WEST ,GLOUCESTERSHIRE HEALTH AND CARE NHS FOUNDATION TRUST,0,0,7578,0,0,0,0,0,15,0,0,0,0,0,0,0,0,32,7578,15,99.8,0
2024-07-01,RYY,NHS ENGLAND SOUTH EAST ,KENT COMMUNITY HEALTH NHS FOUNDATION TRUST,0,0,10438,0,0,0,0,0,80,0,0,0,0,0,0,0,0,0,10438,80,99.23,0
2024-07-01,C82009,NHS ENGLAND MIDLANDS ,MARKET HARBOROUGH MED.CTR,0,0,286,0,0,0,0,0,0,0,0,0,0,0,0,0,0,0,286,0,100.0,0
2024-07-01,NDJ,NHS ENGLAND SOUTH EAST ,FIRST COMMUNITY HEALTH AND CARE CIC,0,0,2379,0,0,0,0,0,0,0,0,0,0,0,0,0,0,0,2379,0,100.0,0
2024-07-01,NNF09,NHS ENGLAND NORTH EAST AND YORKSHIRE ,BRANSHOLME HEALTH CENTRE,0,0,3662,0,0,0,0,0,475,0,0,0,0,0,0,0,0,0,3662,475,87.03,1
2024-07-01,NNF94,NHS ENGLAND NORTH EAST AND YORKSHIRE ,EAST RIDING COMMUNITY HOSPITAL,0,0,2809,0,0,0,0,0,263,0,0,0,0,0,0,0,0,0,2809,263,90.64,1
2024-07-01,NNFA7,NHS ENGLAND NORTH EAST AND YORKSHIRE ,GOOLE & DISTRICT HOSPITAL,0,0,1618,0,0,0,0,0,7,0,0,0,0,0,0,0,0,0,1618,7,99.57,0
2024-07-01,R0A,NHS ENGLAND NORTH WEST ,MANCHESTER UNIVERSITY NHS FOUNDATION TRUST,24235,3165,12026,3865,548,1102,10209,95,603,1588,25,116,3786,483,5654,159,160,450,39426,10907,72.34,1
2024-07-01,RA7,NHS ENGLAND SOUTH WEST ,UNIVERSITY HOSPITALS BRISTOL AND WESTON NHS FOUNDATION TRUST,15165,2339,0,0,0,0,5206,133,0,0,0,0,1140,146,5280,8,0,1468,17504,5339,69.5,1
2024-07-01,RA9,NHS ENGLAND SOUTH WEST ,TORBAY AND SOUTH DEVON NHS FOUNDATION TRUST,6774,0,3574,397,0,144,3060,0,15,163,0,1,320,45,2181,0,0,1206,10348,3075,70.28,1
2024-07-01,RAE,NHS ENGLAND NORTH EAST AND YORKSHIRE ,BRADFORD TEACHING HOSPITALS NHS FOUNDATION TRUST,9302,1030,3464,0,0,0,2186,0,0,0,0,0,602,97,2450,0,64,1439,13796,2186,84.15,1
2024-07-01,RAJ,NHS ENGLAND EAST OF ENGLAND ,MID AND SOUTH ESSEX NHS FOUNDATION TRUST,30718,0,5851,15,0,3,9770,0,237,9,0,0,3026,36,8977,0,244,1305,36569,10007,72.64,1
2024-07-01,RBD,NHS ENGLAND SOUTH WEST ,DORSET COUNTY HOSPITAL NHS FOUNDATION TRUST,4605,0,0,304,0,3749,2025,0,0,99,0,4,222,38,1867,0,0,524,4605,2025,56.03,1
2024-07-01,RC9,NHS ENGLAND EAST OF ENGLAND ,BEDFORDSHIRE HOSPITALS NHS FOUNDATION TRUST,16511,0,7919,0,0,959,6091,0,0,0,0,0,82,4,4768,0,0,2017,24430,6091,75.07,1
2024-07-01,RCF,NHS ENGLAND NORTH EAST AND YORKSHIRE ,AIREDALE NHS FOUNDATION TRUST,6135,306,0,462,0,0,2461,0,0,0,0,0,465,112,1530,0,0,609,6441,2461,61.79,1
2024-07-01,RCX,NHS ENGLAND EAST OF ENGLAND ,"THE QUEEN ELIZABETH HOSPITAL, KING'S LYNN, NHS FOUNDATION TRUST",6907,0,1176,0,0,0,2271,0,0,0,0,0,241,73,2056,0,0,305,8083,2271,71.9,1
2024-07-01,REM,NHS ENGLAND NORTH WEST ,LIVERPOOL UNIVERSITY HOSPITALS NHS FOUNDATION TRUST,15532,1877,7848,427,0,0,6837,36,133,71,0,0,1782,754,5231,0,0,2853,25257,7006,72.26,1
2024-07-01,REP,NHS ENGLAND NORTH WEST ,LIVERPOOL WOMEN'S NHS FOUNDATION TRUST,0,1393,0,0,136,0,0,126,0,0,0,0,0,0,0,118,0,19,1393,126,90.95,1
2024-07-01,RJC,NHS ENGLAND MIDLANDS ,SOUTH WARWICKSHIRE UNIVERSITY NHS FOUNDATION TRUST,8408,0,419,1,0,0,2251,0,0,0,0,0,229,3,2238,0,0,784,8827,2251,74.5,1
2024-07-01,RJR,NHS ENGLAND NORTH WEST ,COUNTESS OF CHESTER HOSPITAL NHS FOUNDATION TRUST,5295,0,1998,0,0,0,2908,0,145,0,0,0,296,711,1651,0,0,1336,7293,3053,58.14,1
2024-07-01,RJZ,NHS ENGLAND LONDON,KING'S COLLEGE HOSPITAL NHS FOUNDATION TRUST,15940,0,8713,59,0,1203,6695,0,476,20,0,19,1487,631,2616,0,0,430,24653,7171,70.91,1
2024-07-01,RL4,NHS ENGLAND MIDLANDS ,THE ROYAL WOLVERHAMPTON NHS TRUST,13273,0,7598,71,0,825,4093,0,47,17,0,0,1163,253,6010,0,0,931,20871,4140,80.16,1
2024-07-01,RMC,NHS ENGLAND NORTH WEST ,BOLTON NHS FOUNDATION TRUST,7835,0,3680,56,0,52,3674,0,182,26,0,1,629,542,2242,0,123,738,11515,3856,66.51,1
2024-07-01,RP6,NHS ENGLAND LONDON,MOORFIELDS EYE HOSPITAL NHS FOUNDATION TRUST,0,6081,0,0,0,0,0,171,0,0,0,0,0,0,0,6,0,218,6081,171,97.19,0
2024-07-01,RRF,NHS ENGLAND NORTH WEST ,"WRIGHTINGTON, WIGAN AND LEIGH NHS FOUNDATION TRUST",7301,0,5450,0,0,0,3376,0,23,0,0,0,1236,186,2488,0,0,794,12751,3399,73.34,1
2024-07-01,RWP,NHS ENGLAND MIDLANDS ,WORCESTERSHIRE ACUTE HOSPITALS NHS TRUST,12966,0,6462,181,0,16,6462,0,9,69,0,0,780,270,3409,0,0,1204,19428,6471,66.69,1
2024-07-01,RXW,NHS ENGLAND MIDLANDS ,THE SHREWSBURY AND TELFORD HOSPITAL NHS TRUST,10516,0,2339,0,0,0,5674,0,153,0,0,0,569,560,3202,0,143,2103,12855,5827,54.67,1
2024-07-01,RYR,NHS ENGLAND SOUTH EAST ,UNIVERSITY HOSPITALS SUSSEX NHS FOUNDATION TRUST,22708,1526,5399,1291,0,1046,9555,18,581,467,0,34,1666,1284,7985,38,29,1551,29633,10154,65.73,1
2024-07-01,Y02676,NHS ENGLAND SOUTH EAST ,BRIGHTON STATION HEALTH CENTRE,0,0,2092,0,0,0,0,0,0,0,0,0,0,0,0,0,0,0,2092,0,100.0,0
2024-07-01,AXG,NHS ENGLAND SOUTH WEST ,WILTSHIRE HEALTH & CARE,0,0,2746,0,0,0,0,0,60,0,0,0,0,0,0,0,0,0,2746,60,97.82,0
2024-07-01,NNJ07,NHS ENGLAND MIDLANDS ,LOUGHBOROUGH URGENT CARE CENTRE,0,0,5477,0,0,567,0,0,6,0,0,0,0,0,0,0,0,0,5477,6,99.89,0
2024-07-01,NNJ0H,NHS ENGLAND MIDLANDS ,LLR EA - THE MERLYN VAZ HEALTH & SOCIAL CARE CENTRE,0,0,180,0,0,2024,0,0,1,0,0,0,0,0,0,0,0,0,180,1,99.44,0
2024-07-01,NNJ12,NHS ENGLAND MIDLANDS ,MARKET HARBOROUGH,0,0,87,0,0,346,0,0,0,0,0,0,0,0,0,0,0,0,87,0,100.0,0
2024-07-01,NNJ13,NHS ENGLAND MIDLANDS ,MELTON MOWBRAY,0,0,61,0,0,350,0,0,0,0,0,0,0,0,0,0,0,0,61,0,100.0,0
2024-07-01,NNJ14,NHS ENGLAND MIDLANDS ,OADBY,0,0,802,0,0,1976,0,0,0,0,0,0,0,0,0,0,0,0,802,0,100.0,0
2024-07-01,NNJ15,NHS ENGLAND MIDLANDS ,OAKHAM,0,0,67,0,0,354,0,0,0,0,0,0,0,0,0,0,0,0,67,0,100.0,0
2024-07-01,NTPAD,NHS ENGLAND SOUTH EAST ,PRACTICE PLUS GROUP SURGICAL CENTRE - ST MARYS PORTSMOUTH,0,0,5459,0,0,286,0,0,54,0,0,0,0,0,0,0,0,0,5459,54,99.01,0
2024-07-01,RAX,NHS ENGLAND LONDON,KINGSTON HOSPITAL NHS FOUNDATION TRUST,7078,0,8165,0,0,0,3086,0,265,0,0,0,251,223,2067,0,160,765,15243,3351,78.02,1
2024-07-01,RBS,NHS ENGLAND NORTH WEST ,ALDER HEY CHILDREN'S NHS FOUNDATION TRUST,5165,0,0,0,0,0,626,0,0,0,0,0,0,0,881,0,0,299,5165,626,87.88,1
2024-07-01,RCD,NHS ENGLAND NORTH EAST AND YORKSHIRE ,HARROGATE AND DISTRICT NHS FOUNDATION TRUST,5111,0,1025,303,0,33,1591,0,0,65,0,0,377,39,1130,0,0,312,6136,1591,74.07,1
2024-07-01,RCU,NHS ENGLAND NORTH EAST AND YORKSHIRE ,SHEFFIELD CHILDREN'S NHS FOUNDATION TRUST,4330,0,273,286,0,21,267,0,0,22,0,0,4,1,851,0,0,75,4603,267,94.2,1
2024-07-01,RD8,NHS ENGLAND EAST OF ENGLAND ,MILTON KEYNES UNIVERSITY HOSPITAL NHS FOUNDATION TRUST,8444,0,5142,521,0,153,3225,0,112,209,0,0,371,0,2068,0,0,428,13586,3337,75.44,1
2024-07-01,RDR,NHS ENGLAND SOUTH EAST ,SUSSEX COMMUNITY NHS FOUNDATION TRUST,0,0,12493,0,0,0,0,0,152,0,0,0,0,0,0,0,0,0,12493,152,98.78,0
2024-07-01,RFS,NHS ENGLAND MIDLANDS ,CHESTERFIELD ROYAL HOSPITAL NHS FOUNDATION TRUST,7428,0,1528,221,0,62,3018,0,130,73,0,3,823,112,2841,0,309,632,8956,3148,64.85,1
2024-07-01,RH8,NHS ENGLAND SOUTH WEST ,ROYAL DEVON UNIVERSITY HEALTHCARE NHS FOUNDATION TRUST,12929,0,4287,1160,0,74,4862,0,19,395,0,2,745,15,4140,0,0,2228,17216,4881,71.65,1
2024-07-01,RJ7,NHS ENGLAND LONDON,ST GEORGE'S UNIVERSITY HOSPITALS NHS FOUNDATION TRUST,9127,0,3435,457,0,0,2349,0,0,48,0,0,541,663,2653,0,0,753,12562,2349,81.3,1
2024-07-01,RN7,NHS ENGLAND SOUTH EAST ,DARTFORD AND GRAVESHAM NHS TRUST,11348,0,3690,0,0,0,3745,0,34,0,0,0,816,149,2933,0,0,441,15038,3779,74.87,1
2024-07-01,RR7,NHS ENGLAND NORTH EAST AND YORKSHIRE ,GATESHEAD HEALTH NHS FOUNDATION TRUST,6017,0,3687,59,0,2,2788,0,36,3,0,1,988,3,1763,0,0,50,9704,2824,70.9,1
2024-07-01,RTK,NHS ENGLAND SOUTH EAST ,ASHFORD AND ST PETER'S HOSPITALS NHS FOUNDATION TRUST,10039,0,0,0,0,0,3151,0,0,0,0,0,619,182,2938,0,0,543,10039,3151,68.61,1
2024-07-01,RTX,NHS ENGLAND NORTH WEST ,UNIVERSITY HOSPITALS OF MORECAMBE BAY NHS FOUNDATION TRUST,9254,0,3424,192,0,691,2796,0,95,31,0,44,536,351,3094,0,16,1019,12678,2891,77.2,1
2024-07-01,RVW,NHS ENGLAND NORTH EAST AND YORKSHIRE ,NORTH TEES AND HARTLEPOOL NHS FOUNDATION TRUST,4789,0,11526,0,0,0,2047,0,31,0,0,0,106,0,1710,0,534,2255,16315,2078,87.26,1
2024-07-01,RWA,NHS ENGLAND NORTH EAST AND YORKSHIRE ,HULL UNIVERSITY TEACHING HOSPITALS NHS TRUST,9464,0,4425,0,0,0,4752,0,447,0,0,0,963,214,3747,0,0,2026,13889,5199,62.57,1
2024-07-01,RWW,NHS ENGLAND NORTH WEST ,WARRINGTON AND HALTON TEACHING HOSPITALS NHS FOUNDATION TRUST,6856,0,3106,251,0,98,3351,0,86,83,0,1,849,511,1785,0,0,177,9962,3437,65.5,1
2024-07-01,RXC,NHS ENGLAND SOUTH EAST ,EAST SUSSEX HEALTHCARE NHS TRUST,10715,0,2643,0,0,1241,3027,0,19,0,0,0,274,14,3524,0,0,574,13358,3046,77.2,1
2024-07-01,RXN,NHS ENGLAND NORTH WEST ,LANCASHIRE TEACHING HOSPITALS NHS FOUNDATION TRUST,12244,0,3617,84,0,18,4395,0,180,15,0,3,1058,219,3168,0,109,1257,15861,4575,71.16,1
2024-07-01,RYX,NHS ENGLAND LONDON,CENTRAL LONDON COMMUNITY HEALTHCARE NHS TRUST,0,0,11886,0,0,475,0,0,204,0,0,11,0,0,0,0,0,0,11886,204,98.28,0
2024-07-01,ARN03,NHS ENGLAND NORTH EAST AND YORKSHIRE ,LOCAL CARE DIRECT,0,0,1936,0,0,310,0,0,0,0,0,0,0,0,0,0,0,0,1936,0,100.0,0
2024-07-01,NR3,NHS ENGLAND MIDLANDS ,NOTTINGHAM CITYCARE PARTNERSHIP,0,0,5272,0,0,275,0,0,161,0,0,0,0,0,0,0,0,0,5272,161,96.95,0
2024-07-01,R0B,NHS ENGLAND NORTH EAST AND YORKSHIRE ,SOUTH TYNESIDE AND SUNDERLAND NHS FOUNDATION TRUST,11554,1366,6113,469,0,1409,4850,30,143,190,0,31,439,3,4640,23,0,1156,19033,5023,73.61,1
2024-07-01,R0D,NHS ENGLAND SOUTH WEST ,UNIVERSITY HOSPITALS DORSET NHS FOUNDATION TRUST,13604,0,5037,0,0,0,4948,0,0,0,0,0,897,127,4263,5,0,2403,18641,4948,73.46,1
2024-07-01,R1F,NHS ENGLAND SOUTH EAST ,ISLE OF WIGHT NHS TRUST,4595,0,1502,26,0,22,2063,0,0,18,0,0,246,63,1083,0,0,280,6097,2063,66.16,1
2024-07-01,R1K,NHS ENGLAND LONDON,LONDON NORTH WEST UNIVERSITY HEALTHCARE NHS TRUST,13350,0,15205,0,0,0,5877,0,110,0,0,0,589,315,6909,0,0,420,28555,5987,79.03,1
2024-07-01,RAS,NHS ENGLAND LONDON,THE HILLINGDON HOSPITALS NHS FOUNDATION TRUST,6079,0,6799,0,0,0,3513,0,142,0,0,0,325,17,2778,0,0,228,12878,3655,71.62,1
2024-07-01,RBK,NHS ENGLAND MIDLANDS ,WALSALL HEALTHCARE NHS TRUST,9187,0,4065,15,0,149,2499,0,179,1,0,0,696,30,3998,0,0,704,13252,2678,79.79,1
2024-07-01,RCB,NHS ENGLAND NORTH EAST AND YORKSHIRE ,YORK AND SCARBOROUGH TEACHING HOSPITALS NHS FOUNDATION TRUST,10808,399,7039,0,0,0,6002,0,279,0,0,0,806,583,4493,0,0,1579,18246,6281,65.58,1
2024-07-01,REF,NHS ENGLAND SOUTH WEST ,ROYAL CORNWALL HOSPITALS NHS TRUST,6708,0,13834,0,0,0,3878,0,862,0,0,0,579,510,2287,0,48,1475,20542,4740,76.93,1
2024-07-01,RF4,NHS ENGLAND LONDON,"BARKING, HAVERING AND REDBRIDGE UNIVERSITY HOSPITALS NHS TRUST",12880,2370,13516,0,0,0,5125,365,159,0,0,0,717,633,7649,0,0,449,28766,5649,80.36,1
2024-07-01,RFR,NHS ENGLAND NORTH EAST AND YORKSHIRE ,THE ROTHERHAM NHS FOUNDATION TRUST,8700,0,0,0,0,0,2791,0,0,0,0,0,402,0,3094,0,0,604,8700,2791,67.92,1
2024-07-01,RGN,NHS ENGLAND EAST OF ENGLAND ,NORTH WEST ANGLIA NHS FOUNDATION TRUST,14267,0,4913,282,0,486,5004,0,211,76,0,16,478,709,3669,0,71,1540,19180,5215,72.81,1
2024-07-01,RGR,NHS ENGLAND EAST OF ENGLAND ,WEST SUFFOLK NHS FOUNDATION TRUST,7823,0,733,51,0,0,2344,0,0,0,0,0,440,290,2111,0,0,606,8556,2344,72.6,1
2024-07-01,RGT,NHS ENGLAND EAST OF ENGLAND ,CAMBRIDGE UNIVERSITY HOSPITALS NHS FOUNDATION TRUST,10480,0,6358,279,0,296,5065,0,63,106,0,9,568,534,2791,0,34,426,16838,5128,69.55,1
2024-07-01,RJE,NHS ENGLAND MIDLANDS ,UNIVERSITY HOSPITALS OF NORTH MIDLANDS NHS TRUST,13507,508,8531,595,0,520,6483,0,110,222,0,6,974,903,5207,0,0,3395,22546,6593,70.76,1
2024-07-01,RKB,NHS ENGLAND MIDLANDS ,UNIVERSITY HOSPITALS COVENTRY AND WARWICKSHIRE NHS TRUST,11762,841,6231,0,0,0,5856,207,330,0,0,0,102,15,1771,55,97,561,18834,6393,66.06,1
2024-07-01,RKE,NHS ENGLAND LONDON,WHITTINGTON HEALTH NHS TRUST,9387,0,0,0,0,0,2604,0,0,0,0,0,241,341,1091,0,0,70,9387,2604,72.26,1
2024-07-01,RN3,NHS ENGLAND SOUTH WEST ,GREAT WESTERN HOSPITALS NHS FOUNDATION TRUST,5525,0,5782,0,0,2,2309,0,280,0,0,1,630,0,2454,0,0,1395,11307,2589,77.1,1
2024-07-01,RNA,NHS ENGLAND MIDLANDS ,THE DUDLEY GROUP NHS FOUNDATION TRUST,9105,0,4423,2,0,707,2739,0,120,2,0,0,2094,90,3592,0,0,2169,13528,2859,78.87,1
2024-07-01,RNN,NHS ENGLAND NORTH EAST AND YORKSHIRE ,NORTH CUMBRIA INTEGRATED CARE NHS FOUNDATION TRUST,9375,0,2102,371,0,33,3960,0,44,112,0,2,745,364,2531,0,0,830,11477,4004,65.11,1
2024-07-01,RNQ,NHS ENGLAND MIDLANDS ,KETTERING GENERAL HOSPITAL NHS FOUNDATION TRUST,9884,0,8727,341,0,0,3377,0,56,0,0,0,1428,0,2109,0,0,210,18611,3433,81.55,1
2024-07-01,RNZ,NHS ENGLAND SOUTH WEST ,SALISBURY NHS FOUNDATION TRUST,4932,382,1806,140,0,0,1902,0,0,56,0,0,356,6,1369,0,0,969,7120,1902,73.29,1
2024-07-01,RQW,NHS ENGLAND EAST OF ENGLAND ,THE PRINCESS ALEXANDRA HOSPITAL NHS TRUST,8469,0,1851,0,0,676,4066,0,0,0,0,0,451,121,2151,0,0,469,10320,4066,60.6,1
2024-07-01,RRK,NHS ENGLAND MIDLANDS ,UNIVERSITY HOSPITALS BIRMINGHAM NHS FOUNDATION TRUST,34297,377,1666,18,0,254,13679,0,67,9,0,9,2891,1665,11732,0,0,6270,36340,13746,62.17,1
2024-07-01,RRV,NHS ENGLAND LONDON,UNIVERSITY COLLEGE LONDON HOSPITALS NHS FOUNDATION TRUST,13213,0,0,304,0,0,3515,0,0,0,0,0,349,54,1442,0,0,265,13213,3515,73.4,1
2024-07-01,RTD,NHS ENGLAND NORTH EAST AND YORKSHIRE ,THE NEWCASTLE UPON TYNE HOSPITALS NHS FOUNDATION TRUST,12099,1737,4909,0,0,818,4706,85,0,0,0,0,465,37,3584,20,0,2934,18745,4791,74.44,1
2024-07-01,RTE,NHS ENGLAND SOUTH WEST ,GLOUCESTERSHIRE HOSPITALS NHS FOUNDATION TRUST,12612,0,0,229,0,0,4685,0,0,59,0,0,445,456,2805,0,0,2041,12612,4685,62.85,1
2024-07-01,RTR,NHS ENGLAND NORTH EAST AND YORKSHIRE ,SOUTH TEES HOSPITALS NHS FOUNDATION TRUST,7444,0,9263,0,0,1704,3760,0,435,0,0,54,226,4,2576,0,170,2189,16707,4195,74.89,1
2024-07-01,RV9,NHS ENGLAND NORTH EAST AND YORKSHIRE ,HUMBER TEACHING NHS FOUNDATION TRUST,0,0,1182,0,0,53,0,0,32,0,0,0,0,0,0,0,0,0,1182,32,97.29,0
2024-07-01,RVJ,NHS ENGLAND SOUTH WEST ,NORTH BRISTOL NHS TRUST,8986,0,0,37,0,0,2757,0,0,12,0,0,616,125,2479,0,0,2060,8986,2757,69.32,1
2024-07-01,RVV,NHS ENGLAND SOUTH EAST ,EAST KENT HOSPITALS UNIVERSITY NHS FOUNDATION TRUST,13166,0,12860,0,0,0,5962,0,207,0,0,0,600,1085,3097,0,605,497,26026,6169,76.3,1
2024-07-01,RWG,NHS ENGLAND EAST OF ENGLAND ,WEST HERTFORDSHIRE TEACHING HOSPITALS NHS TRUST,8151,0,7940,0,0,863,2532,0,257,0,0,0,689,18,4106,0,0,667,16091,2789,82.67,1
2024-07-01,RX1,NHS ENGLAND MIDLANDS ,NOTTINGHAM UNIVERSITY HOSPITALS NHS TRUST,15769,2095,340,550,0,0,7080,87,5,249,0,0,782,329,4230,0,0,4085,18204,7172,60.6,1
2024-07-01,RXP,NHS ENGLAND NORTH EAST AND YORKSHIRE ,COUNTY DURHAM AND DARLINGTON NHS FOUNDATION TRUST,12782,0,4462,0,0,7125,5594,0,0,0,0,0,2052,50,4322,0,0,777,17244,5594,67.56,1
2024-07-01,DT301,NHS ENGLAND EAST OF ENGLAND ,HERTS URGENT CARE (ASCOTS LANE),0,0,2464,0,0,0,0,0,135,0,0,0,0,0,0,0,0,0,2464,135,94.52,1
2024-07-01,NNF16,NHS ENGLAND NORTH EAST AND YORKSHIRE ,BRIDLINGTON HOSPITAL,0,0,1767,0,0,0,0,0,54,0,0,0,0,0,0,0,0,0,1767,54,96.94,0
2024-07-01,R1D,NHS ENGLAND MIDLANDS ,SHROPSHIRE COMMUNITY HEALTH NHS TRUST,0,0,3623,0,0,0,0,0,6,0,0,0,0,0,0,0,0,0,3623,6,99.83,0
2024-07-01,R1H,NHS ENGLAND LONDON,BARTS HEALTH NHS TRUST,25172,1078,17776,0,0,0,11241,14,1954,0,0,0,1246,861,4757,0,0,1016,44026,13209,70.0,1
2024-07-01,RAL,NHS ENGLAND LONDON,ROYAL FREE LONDON NHS FOUNDATION TRUST,18231,0,8482,0,0,0,6919,0,157,0,0,0,952,544,3961,0,0,533,26713,7076,73.51,1
2024-07-01,RAP,NHS ENGLAND LONDON,NORTH MIDDLESEX UNIVERSITY HOSPITAL NHS TRUST,7849,584,7323,188,1,253,4280,7,720,85,0,27,313,788,1613,0,0,148,15756,5007,68.22,1
2024-07-01,RD1,NHS ENGLAND SOUTH WEST ,ROYAL UNITED HOSPITALS BATH NHS FOUNDATION TRUST,8656,0,0,0,0,0,3172,0,0,0,0,0,583,5,2608,0,7,1654,8656,3172,63.35,1
2024-07-01,RDE,NHS ENGLAND EAST OF ENGLAND ,EAST SUFFOLK AND NORTH ESSEX NHS FOUNDATION TRUST,15305,0,11976,514,0,296,7198,0,168,0,0,0,1124,259,6243,0,387,1111,27281,7366,73.0,1
2024-07-01,RH5,NHS ENGLAND SOUTH WEST ,SOMERSET NHS FOUNDATION TRUST,13431,0,10214,0,0,0,5448,0,170,0,0,0,357,8,3370,0,0,2047,23645,5618,76.24,1
2024-07-01,RHQ,NHS ENGLAND NORTH EAST AND YORKSHIRE ,SHEFFIELD TEACHING HOSPITALS NHS FOUNDATION TRUST,9397,1226,7165,327,1,971,4689,0,110,143,0,11,1076,16,3669,0,0,3146,17788,4799,73.02,1
2024-07-01,RJ1,NHS ENGLAND LONDON,GUY'S AND ST THOMAS' NHS FOUNDATION TRUST,10650,809,6828,0,0,0,4436,0,338,0,0,0,96,66,2370,0,0,261,18287,4774,73.89,1
2024-07-01,RLT,NHS ENGLAND MIDLANDS ,GEORGE ELIOT HOSPITAL NHS TRUST,6856,0,1837,0,0,0,2191,0,17,0,0,0,522,133,973,0,0,16,8693,2208,74.6,1
2024-07-01,RM3,NHS ENGLAND NORTH WEST ,NORTHERN CARE ALLIANCE NHS FOUNDATION TRUST,25778,0,9312,0,0,0,11400,0,388,0,0,0,1749,791,6952,0,365,1790,35090,11788,66.41,1
2024-07-01,RMP,NHS ENGLAND NORTH WEST ,TAMESIDE AND GLOSSOP INTEGRATED CARE NHS FOUNDATION TRUST,8799,0,2567,436,0,242,4269,0,0,0,0,0,836,126,1832,0,0,366,11366,4269,62.44,1
2024-07-01,RP5,NHS ENGLAND NORTH EAST AND YORKSHIRE ,DONCASTER AND BASSETLAW TEACHING HOSPITALS NHS FOUNDATION TRUST,13840,0,4123,0,0,0,5411,0,10,0,0,0,1036,236,3839,0,392,1063,17963,5421,69.82,1
2024-07-01,RQM,NHS ENGLAND LONDON,CHELSEA AND WESTMINSTER HOSPITAL NHS FOUNDATION TRUST,19890,0,6153,630,0,0,5427,0,149,0,0,0,581,42,2814,0,0,370,26043,5576,78.59,1
2024-07-01,RR8,NHS ENGLAND NORTH EAST AND YORKSHIRE ,LEEDS TEACHING HOSPITALS NHS TRUST,17341,765,11634,31,0,32,6911,0,109,12,0,0,1527,324,3595,0,0,1242,29740,7020,76.4,1
2024-07-01,RTF,NHS ENGLAND NORTH EAST AND YORKSHIRE ,NORTHUMBRIA HEALTHCARE NHS FOUNDATION TRUST,9996,0,12776,0,0,0,2777,0,12,0,0,0,52,0,3962,0,39,420,22772,2789,87.75,1
2024-07-01,RTG,NHS ENGLAND MIDLANDS ,UNIVERSITY HOSPITALS OF DERBY AND BURTON NHS FOUNDATION TRUST,21344,0,10061,408,0,31,9283,0,1,168,0,0,888,993,4145,0,1,2616,31405,9284,70.44,1
2024-07-01,RTH,NHS ENGLAND SOUTH EAST ,OXFORD UNIVERSITY HOSPITALS NHS FOUNDATION TRUST,11911,1955,2104,1488,0,112,3391,0,1,348,0,0,587,0,4416,154,14,4703,15970,3392,78.76,1
2024-07-01,RWD,NHS ENGLAND MIDLANDS ,UNITED LINCOLNSHIRE HOSPITALS NHS TRUST,10123,0,10310,0,0,0,6944,0,1063,0,0,0,1011,993,4191,0,0,1289,20433,8007,60.81,1
2024-07-01,RWE,NHS ENGLAND MIDLANDS ,UNIVERSITY HOSPITALS OF LEICESTER NHS TRUST,21025,2004,0,0,0,0,8652,104,0,0,0,0,1656,895,6068,3,0,3438,23029,8756,61.98,1
2024-07-01,RWF,NHS ENGLAND SOUTH EAST ,MAIDSTONE AND TUNBRIDGE WELLS NHS TRUST,18284,0,2293,719,0,169,3577,0,36,90,0,0,1088,35,5094,0,0,916,20577,3613,82.44,1
2024-07-01,RWH,NHS ENGLAND EAST OF ENGLAND ,EAST AND NORTH HERTFORDSHIRE NHS TRUST,9438,0,7188,0,0,0,4975,0,57,0,0,0,165,10,3255,0,102,301,16626,5032,69.73,1
2024-07-01,RWJ,NHS ENGLAND NORTH WEST ,STOCKPORT NHS FOUNDATION TRUST,8420,0,1103,145,0,31,3579,0,40,63,0,2,828,260,2675,0,78,730,9523,3619,62.0,1
2024-07-01,RBL,NHS ENGLAND NORTH WEST ,WIRRAL UNIVERSITY TEACHING HOSPITAL NHS FOUNDATION TRUST,7920,0,2631,15,0,153,4540,0,4,8,0,0,611,648,2067,0,0,1824,10551,4544,56.93,1
2024-07-01,RBN,NHS ENGLAND NORTH WEST ,MERSEY AND WEST LANCASHIRE TEACHING HOSPITALS NHS TRUST,17086,0,7411,434,0,0,6076,0,213,74,0,0,660,385,7272,0,0,623,24497,6289,74.33,1
2024-07-01,RHM,NHS ENGLAND SOUTH EAST ,UNIVERSITY HOSPITAL SOUTHAMPTON NHS FOUNDATION TRUST,11913,1320,0,138,0,0,3503,98,0,42,0,0,198,7,3782,5,0,1569,13233,3601,72.79,1
2024-07-01,RHU,NHS ENGLAND SOUTH EAST ,PORTSMOUTH HOSPITALS UNIVERSITY NATIONAL HEALTH SERVICE TRUST,10175,800,3179,1276,0,738,4790,8,31,648,0,11,1544,36,3554,0,0,2488,14154,4829,65.88,1
2024-07-01,RJ2,NHS ENGLAND LONDON,LEWISHAM AND GREENWICH NHS TRUST,14381,0,10887,0,0,0,6683,0,1293,0,0,0,1024,522,4045,0,0,1456,25268,7976,68.43,1
2024-07-01,RK5,NHS ENGLAND MIDLANDS ,SHERWOOD FOREST HOSPITALS NHS FOUNDATION TRUST,11291,0,5697,315,0,133,4559,0,224,152,0,3,639,148,3769,0,0,277,16988,4783,71.84,1
2024-07-01,RM1,NHS ENGLAND EAST OF ENGLAND ,NORFOLK AND NORWICH UNIVERSITY HOSPITALS NHS FOUNDATION TRUST,12293,0,8747,2,0,0,3569,0,7,0,0,0,763,118,2599,0,0,1603,21040,3576,83.0,1
2024-07-01,RN5,NHS ENGLAND SOUTH EAST ,HAMPSHIRE HOSPITALS NHS FOUNDATION TRUST,12578,149,625,0,0,92,4915,0,0,0,0,0,460,17,4311,14,29,1220,13352,4915,63.19,1
2024-07-01,RVR,NHS ENGLAND LONDON,EPSOM AND ST HELIER UNIVERSITY HOSPITALS NHS TRUST,11361,338,1519,332,0,14,3150,0,89,49,0,1,340,640,1929,4,0,146,13218,3239,75.5,1
2024-07-01,RWX,NHS ENGLAND SOUTH EAST ,BERKSHIRE HEALTHCARE NHS FOUNDATION TRUST,0,0,1626,0,0,0,0,0,20,0,0,0,0,0,0,0,45,0,1626,20,98.77,0
2024-07-01,RYJ,NHS ENGLAND LONDON,IMPERIAL COLLEGE HEALTHCARE NHS TRUST,11938,3868,7689,0,0,429,4784,33,464,0,0,0,580,130,4198,0,0,1135,23495,5281,77.52,1
2024-07-01,RPA,NHS ENGLAND SOUTH EAST ,MEDWAY NHS FOUNDATION TRUST,9054,0,6977,415,0,1092,2902,0,753,83,0,0,405,661,1808,0,0,589,16031,3655,77.2,1
2024-07-01,AD913,NHS ENGLAND LONDON,BECKENHAM BEACON UCC,0,0,3777,0,0,207,0,0,36,0,0,0,0,0,0,0,0,0,3777,36,99.05,0
2024-07-01,RJL,NHS ENGLAND NORTH EAST AND YORKSHIRE ,NORTHERN LINCOLNSHIRE AND GOOLE NHS FOUNDATION TRUST,9141,0,6548,0,0,446,4715,0,47,0,0,1,667,953,4960,0,0,398,15689,4762,69.65,1
2024-06-01,AJN,NHS ENGLAND NORTH EAST AND YORKSHIRE ,WORKINGTON HEALTH LIMITED,0,0,365,0,0,0,0,0,0,0,0,0,0,0,0,0,0,0,365,0,100.0,0
2024-06-01,C82038,NHS ENGLAND MIDLANDS ,LATHAM HOUSE MEDICAL PRACTICE,0,0,323,0,0,0,0,0,0,0,0,0,0,0,0,0,0,0,323,0,100.0,0
2024-06-01,L83087,NHS ENGLAND SOUTH WEST ,OKEHAMPTON MEDICAL CENTRE,0,0,117,0,0,0,0,0,0,0,0,0,0,0,0,0,0,0,117,0,100.0,0
2024-06-01,NQT5F,NHS ENGLAND NORTH WEST ,SKELMERSDALE WALK IN CENTRE,0,0,1793,0,0,0,0,0,14,0,0,0,0,0,0,0,0,0,1793,14,99.22,0
2024-06-01,NQT5H,NHS ENGLAND SOUTH WEST ,PAULTON MEMORIAL HOSPITAL,0,0,1007,0,0,0,0,0,5,0,0,0,0,0,0,0,0,0,1007,5,99.5,0
2024-06-01,NTV0B,NHS ENGLAND SOUTH EAST ,ASHFORD WALK-IN-CENTRE,0,0,2397,0,0,0,0,0,42,0,0,0,0,0,0,0,0,0,2397,42,98.25,0
2024-06-01,NTV0W,NHS ENGLAND SOUTH EAST ,WOKING WALK IN CENTRE,0,0,2346,0,0,0,0,0,130,0,0,0,0,0,0,0,0,0,2346,130,94.46,1
2024-06-01,RK9,NHS ENGLAND SOUTH WEST ,UNIVERSITY HOSPITALS PLYMOUTH NHS TRUST,9105,140,5370,0,0,0,5050,0,205,0,0,0,661,487,2737,0,0,1161,14615,5255,64.04,1
2024-06-01,RW1,NHS ENGLAND SOUTH EAST ,SOUTHERN HEALTH NHS FOUNDATION TRUST,0,0,2968,0,0,0,0,0,38,0,0,0,0,0,0,0,2,130,2968,38,98.72,0
2024-06-01,RWY,NHS ENGLAND NORTH EAST AND YORKSHIRE ,CALDERDALE AND HUDDERSFIELD NHS FOUNDATION TRUST,15680,0,0,0,0,0,5159,0,0,0,0,0,1085,1,2879,0,0,283,15680,5159,67.1,1
2024-06-01,Y02615,NHS ENGLAND MIDLANDS ,SOUTH BIRMINGHAM GP WALK IN CENTRE,0,0,6500,0,0,0,0,0,0,0,0,0,0,0,0,0,0,0,6500,0,100.0,0
2024-06-01,Y02676,NHS ENGLAND SOUTH EAST ,BRIGHTON STATION HEALTH CENTRE,0,0,1745,0,0,0,0,0,0,0,0,0,0,0,0,0,0,0,1745,0,100.0,0
2024-06-01,Y07709,NHS ENGLAND SOUTH EAST ,READING URGENT CARE CENTRE,0,0,2150,0,0,0,0,0,0,0,0,0,0,0,0,0,0,0,2150,0,100.0,0
2024-06-01,AAH,NHS ENGLAND SOUTH WEST ,TETBURY HOSPITAL TRUST LTD,0,0,574,0,0,0,0,0,0,0,0,0,0,0,0,0,0,0,574,0,100.0,0
2024-06-01,AQN04,NHS ENGLAND SOUTH EAST ,PHL LYMINGTON UTC,0,0,2997,0,0,9,0,0,29,0,0,0,0,0,0,0,0,0,2997,29,99.03,0
2024-06-01,NL7,NHS ENGLAND MIDLANDS ,ASSURA VERTIS URGENT CARE CENTRES (BIRMINGHAM),0,0,3791,0,0,0,0,0,0,0,0,0,0,0,0,0,0,0,3791,0,100.0,0
2024-06-01,NQTE4,NHS ENGLAND MIDLANDS ,SUMMERFIELD URGENT CARE CENTRE,0,0,3303,0,0,0,0,0,0,0,0,0,0,0,0,0,0,0,3303,0,100.0,0
2024-06-01,RA9,NHS ENGLAND SOUTH WEST ,TORBAY AND SOUTH DEVON NHS FOUNDATION TRUST,6512,0,3501,391,0,156,2938,0,14,159,0,0,361,76,2037,0,0,1054,10013,2952,70.52,1
2024-06-01,RNU,NHS ENGLAND SOUTH EAST ,OXFORD HEALTH NHS FOUNDATION TRUST,0,0,4266,0,0,0,0,0,463,0,0,0,0,0,0,0,0,0,4266,463,89.15,1
2024-06-01,RPC,NHS ENGLAND SOUTH EAST ,QUEEN VICTORIA HOSPITAL NHS FOUNDATION TRUST,0,0,1480,0,0,0,0,0,18,0,0,0,0,0,0,0,7,607,1480,18,98.78,0
2024-06-01,RTP,NHS ENGLAND SOUTH EAST ,SURREY AND SUSSEX HEALTHCARE NHS TRUST,10487,0,0,0,0,0,3114,0,0,0,0,0,640,445,3275,0,0,877,10487,3114,70.31,1
2024-06-01,RXQ,NHS ENGLAND SOUTH EAST ,BUCKINGHAMSHIRE HEALTHCARE NHS TRUST,10035,1168,3671,0,0,0,3629,0,165,0,0,0,303,231,3859,833,0,1659,14874,3794,74.49,1
2024-06-01,RY7,NHS ENGLAND NORTH WEST ,WIRRAL COMMUNITY HEALTH AND CARE NHS FOUNDATION TRUST,0,0,4533,0,0,0,0,0,124,0,0,0,0,0,0,0,0,0,4533,124,97.26,0
2024-06-01,Y02147,NHS ENGLAND LONDON,URGENT CARE CENTRE (QMS),0,0,7619,0,0,599,0,0,209,0,0,7,0,0,0,0,0,0,7619,209,97.26,0
2024-06-01,ARN03,NHS ENGLAND NORTH EAST AND YORKSHIRE ,LOCAL CARE DIRECT,0,0,2220,0,0,263,0,0,0,0,0,0,0,0,0,0,0,0,2220,0,100.0,0
2024-06-01,DT301,NHS ENGLAND EAST OF ENGLAND ,HERTS URGENT CARE (ASCOTS LANE),0,0,2222,0,0,0,0,0,195,0,0,0,0,0,0,0,0,0,2222,195,91.22,1
2024-06-01,G0Q0L,NHS ENGLAND LONDON,BARKING HOSPITAL UTC,0,0,2918,0,0,0,0,0,28,0,0,0,0,0,0,0,0,0,2918,28,99.04,0
2024-06-01,K6K0R,NHS ENGLAND LONDON,HAROLD WOOD POLYCLINIC UTC,0,0,2927,0,0,0,0,0,44,0,0,0,0,0,0,0,0,0,2927,44,98.5,0
2024-06-01,NQT51,NHS ENGLAND SOUTH EAST ,STATION PLAZA HEALTH CENTRE,0,0,991,0,0,0,0,0,0,0,0,0,0,0,0,0,0,0,991,0,100.0,0
2024-06-01,RFF,NHS ENGLAND NORTH EAST AND YORKSHIRE ,BARNSLEY HOSPITAL NHS FOUNDATION TRUST,8780,0,0,397,0,0,2458,0,0,0,0,0,357,0,2880,0,0,484,8780,2458,72.0,1
2024-06-01,RGP,NHS ENGLAND EAST OF ENGLAND ,JAMES PAGET UNIVERSITY HOSPITALS NHS FOUNDATION TRUST,7323,0,1255,92,0,0,2945,0,0,35,0,0,561,226,1619,0,0,397,8578,2945,65.67,1
2024-06-01,RR7,NHS ENGLAND NORTH EAST AND YORKSHIRE ,GATESHEAD HEALTH NHS FOUNDATION TRUST,5684,0,3834,75,0,1,2224,0,47,5,0,0,752,0,1611,0,0,46,9518,2271,76.14,1
2024-06-01,Y03218,NHS ENGLAND LONDON,THE PINN UNREGISTERED WIC,0,0,747,0,0,0,0,0,0,0,0,0,0,0,0,0,0,0,747,0,100.0,0
2024-06-01,C83023,NHS ENGLAND MIDLANDS ,SLEAFORD MEDICAL GROUP,0,0,491,0,0,0,0,0,0,0,0,0,0,0,0,0,0,4,491,0,100.0,0
2024-06-01,NTP11,NHS ENGLAND SOUTH EAST ,PRACTICE PLUS GROUP HOSPITAL - SOUTHAMPTON,0,0,5196,0,0,0,0,0,278,0,0,0,0,0,0,0,0,0,5196,278,94.65,1
2024-06-01,RQX,NHS ENGLAND LONDON,HOMERTON HEALTHCARE NHS FOUNDATION TRUST,11192,0,0,14,0,0,2007,0,0,0,0,0,151,20,1734,0,0,315,11192,2007,82.07,1
2024-06-01,RW4,NHS ENGLAND NORTH WEST ,MERSEY CARE NHS FOUNDATION TRUST,0,0,10278,0,0,0,0,0,477,0,0,0,0,0,0,0,0,60,10278,477,95.36,0
2024-06-01,RXK,NHS ENGLAND MIDLANDS ,SANDWELL AND WEST BIRMINGHAM HOSPITALS NHS TRUST,14968,1238,8923,938,0,0,7256,149,157,208,0,0,1523,719,2677,0,0,417,25129,7562,69.91,1
2024-06-01,RYF,NHS ENGLAND SOUTH WEST ,SOUTH WESTERN AMBULANCE SERVICE NHS FOUNDATION TRUST,0,0,1737,0,0,6,0,0,155,0,0,0,0,0,0,0,0,0,1737,155,91.08,1
2024-06-01,AD913,NHS ENGLAND LONDON,BECKENHAM BEACON UCC,0,0,3751,0,0,232,0,0,28,0,0,0,0,0,0,0,0,0,3751,28,99.25,0
2024-06-01,NDJ,NHS ENGLAND SOUTH EAST ,FIRST COMMUNITY HEALTH AND CARE CIC,0,0,2514,0,0,0,0,0,0,0,0,0,0,0,0,0,0,0,2514,0,100.0,0
2024-06-01,RA2,NHS ENGLAND SOUTH EAST ,ROYAL SURREY COUNTY HOSPITAL NHS FOUNDATION TRUST,6655,0,1472,643,0,13,1706,0,0,140,0,0,231,4,2484,0,0,1026,8127,1706,79.01,1
2024-06-01,RBT,NHS ENGLAND NORTH WEST ,MID CHESHIRE HOSPITALS NHS FOUNDATION TRUST,7298,0,2896,89,0,60,4157,0,34,26,0,1,708,520,2234,0,0,1055,10194,4191,58.89,1
2024-06-01,RCF,NHS ENGLAND NORTH EAST AND YORKSHIRE ,AIREDALE NHS FOUNDATION TRUST,6052,225,0,507,0,0,2440,0,0,0,0,0,489,178,1496,0,0,515,6277,2440,61.13,1
2024-06-01,RHW,NHS ENGLAND SOUTH EAST ,ROYAL BERKSHIRE NHS FOUNDATION TRUST,12057,2187,0,603,43,0,3863,16,0,154,0,0,383,0,2475,1,0,826,14244,3879,72.77,1
2024-06-01,RNQ,NHS ENGLAND MIDLANDS ,KETTERING GENERAL HOSPITAL NHS FOUNDATION TRUST,9604,0,8717,443,0,0,3279,0,101,0,0,0,1342,0,2007,0,0,197,18321,3380,81.55,1
2024-06-01,RWP,NHS ENGLAND MIDLANDS ,WORCESTERSHIRE ACUTE HOSPITALS NHS TRUST,12929,0,6187,173,0,4,6285,0,16,78,0,0,815,307,3462,0,0,1174,19116,6301,67.04,1
2024-06-01,RY5,NHS ENGLAND MIDLANDS ,LINCOLNSHIRE COMMUNITY HEALTH SERVICES NHS TRUST,0,0,8619,0,0,0,0,0,186,0,0,0,0,0,0,0,0,0,8619,186,97.84,0
2024-06-01,Y02428,NHS ENGLAND EAST OF ENGLAND ,PUTNOE WALK IN CENTRE,0,0,2903,0,0,0,0,0,0,0,0,0,0,0,0,0,0,0,2903,0,100.0,0
2024-06-01,NLX,NHS ENGLAND SOUTH WEST ,SIRONA CARE & HEALTH,0,0,8844,0,0,254,0,0,533,0,0,50,0,0,0,0,0,0,8844,533,93.97,1
2024-06-01,NNJ,NHS ENGLAND MIDLANDS ,DHU HEALTH CARE C.I.C,0,0,2109,0,0,0,0,0,1,0,0,0,0,0,0,0,0,0,2109,1,99.95,0
2024-06-01,NTPAD,NHS ENGLAND SOUTH EAST ,PRACTICE PLUS GROUP SURGICAL CENTRE - ST MARYS PORTSMOUTH,0,0,5309,0,0,306,0,0,31,0,0,3,0,0,0,0,0,0,5309,31,99.42,0
2024-06-01,R1F,NHS ENGLAND SOUTH EAST ,ISLE OF WIGHT NHS TRUST,4026,0,2004,20,0,15,1791,0,3,6,0,0,214,35,1105,0,0,251,6030,1794,70.25,1
2024-06-01,RAX,NHS ENGLAND LONDON,KINGSTON HOSPITAL NHS FOUNDATION TRUST,7002,0,8294,0,0,0,3269,0,316,0,0,0,265,290,2080,0,143,625,15296,3585,76.56,1
2024-06-01,RCX,NHS ENGLAND EAST OF ENGLAND ,"THE QUEEN ELIZABETH HOSPITAL, KING'S LYNN, NHS FOUNDATION TRUST",6764,0,1129,16,0,0,2228,0,0,1,0,0,342,155,2281,0,0,612,7893,2228,71.77,1
2024-06-01,REP,NHS ENGLAND NORTH WEST ,LIVERPOOL WOMEN'S NHS FOUNDATION TRUST,0,1368,0,0,140,0,0,137,0,0,0,0,0,0,0,106,0,7,1368,137,89.99,1
2024-06-01,RL4,NHS ENGLAND MIDLANDS ,THE ROYAL WOLVERHAMPTON NHS TRUST,12890,0,7593,144,0,877,3915,0,133,28,0,0,1188,212,5864,0,0,864,20483,4048,80.24,1
2024-06-01,RLQ,NHS ENGLAND MIDLANDS ,WYE VALLEY NHS TRUST,6051,1153,0,124,0,0,2435,0,0,25,0,0,422,293,2023,0,0,624,7204,2435,66.2,1
2024-06-01,RLT,NHS ENGLAND MIDLANDS ,GEORGE ELIOT HOSPITAL NHS TRUST,7038,0,1835,0,0,0,2089,0,33,0,0,0,607,51,1078,0,0,37,8873,2122,76.08,1
2024-06-01,RP6,NHS ENGLAND LONDON,MOORFIELDS EYE HOSPITAL NHS FOUNDATION TRUST,0,5779,0,0,0,0,0,197,0,0,0,0,0,0,0,6,0,199,5779,197,96.59,0
2024-06-01,RQW,NHS ENGLAND EAST OF ENGLAND ,THE PRINCESS ALEXANDRA HOSPITAL NHS TRUST,8277,0,1781,0,0,687,4145,0,0,0,0,0,412,124,2132,0,0,310,10058,4145,58.79,1
2024-06-01,RVW,NHS ENGLAND NORTH EAST AND YORKSHIRE ,NORTH TEES AND HARTLEPOOL NHS FOUNDATION TRUST,4588,0,11335,0,0,0,1561,0,38,0,0,0,54,0,1599,0,534,2096,15923,1599,89.96,1
2024-06-01,RWF,NHS ENGLAND SOUTH EAST ,MAIDSTONE AND TUNBRIDGE WELLS NHS TRUST,17973,0,2153,757,0,171,3312,0,51,87,0,4,914,29,4793,0,0,987,20126,3363,83.29,1
2024-06-01,RXC,NHS ENGLAND SOUTH EAST ,EAST SUSSEX HEALTHCARE NHS TRUST,10391,0,2483,0,0,1294,2950,0,14,0,0,0,286,11,3475,0,0,595,12874,2964,76.98,1
2024-06-01,RY8,NHS ENGLAND MIDLANDS ,DERBYSHIRE COMMUNITY HEALTH SERVICES NHS FOUNDATION TRUST,0,0,5816,0,0,1083,0,0,118,0,0,8,0,0,0,0,0,0,5816,118,97.97,0
2024-06-01,RYR,NHS ENGLAND SOUTH EAST ,UNIVERSITY HOSPITALS SUSSEX NHS FOUNDATION TRUST,21846,1529,5164,1298,0,1284,9494,50,640,461,0,25,1727,1011,7726,32,33,1456,28539,10184,64.32,1
2024-06-01,RYY,NHS ENGLAND SOUTH EAST ,KENT COMMUNITY HEALTH NHS FOUNDATION TRUST,0,0,10400,0,0,0,0,0,34,0,0,0,0,0,0,0,0,0,10400,34,99.67,0
2024-06-01,ACH01,NHS ENGLAND SOUTH EAST ,WHITSTABLE MEDICAL PRACTICE,0,0,4528,0,0,0,0,0,0,0,0,0,0,0,0,0,0,0,4528,0,100.0,0
2024-06-01,NV693,NHS ENGLAND NORTH WEST ,ROSSENDALE MIU & OOH,0,0,1214,0,0,0,0,0,1,0,0,0,0,0,0,0,0,0,1214,1,99.92,0
2024-06-01,R0B,NHS ENGLAND NORTH EAST AND YORKSHIRE ,SOUTH TYNESIDE AND SUNDERLAND NHS FOUNDATION TRUST,11270,1352,6033,443,0,1419,4755,25,154,181,0,40,538,2,4313,18,0,1162,18655,4934,73.55,1
2024-06-01,RAS,NHS ENGLAND LONDON,THE HILLINGDON HOSPITALS NHS FOUNDATION TRUST,5946,0,6579,0,0,0,3447,0,181,0,0,0,410,10,2770,0,0,163,12525,3628,71.03,1
2024-06-01,RCD,NHS ENGLAND NORTH EAST AND YORKSHIRE ,HARROGATE AND DISTRICT NHS FOUNDATION TRUST,5113,0,973,355,0,37,1665,0,0,89,0,0,313,31,1181,0,0,280,6086,1665,72.64,1
2024-06-01,RD8,NHS ENGLAND EAST OF ENGLAND ,MILTON KEYNES UNIVERSITY HOSPITAL NHS FOUNDATION TRUST,8360,0,5357,670,0,136,3726,0,209,292,0,0,662,0,2046,0,0,431,13717,3935,71.31,1
2024-06-01,REF,NHS ENGLAND SOUTH WEST ,ROYAL CORNWALL HOSPITALS NHS TRUST,6521,0,12649,0,0,0,3778,0,882,0,0,0,529,523,2194,0,45,1247,19170,4660,75.69,1
2024-06-01,REM,NHS ENGLAND NORTH WEST ,LIVERPOOL UNIVERSITY HOSPITALS NHS FOUNDATION TRUST,15168,1833,7559,393,0,0,6559,124,104,63,0,0,1890,942,4996,0,0,2379,24560,6787,72.37,1
2024-06-01,RH8,NHS ENGLAND SOUTH WEST ,ROYAL DEVON UNIVERSITY HEALTHCARE NHS FOUNDATION TRUST,12641,0,4054,1223,0,53,4812,0,43,394,0,3,1042,78,4029,0,0,2220,16695,4855,70.92,1
2024-06-01,RJ7,NHS ENGLAND LONDON,ST GEORGE'S UNIVERSITY HOSPITALS NHS FOUNDATION TRUST,8735,0,3349,866,0,0,2270,0,0,87,0,0,389,464,2539,0,0,737,12084,2270,81.21,1
2024-06-01,RJC,NHS ENGLAND MIDLANDS ,SOUTH WARWICKSHIRE UNIVERSITY NHS FOUNDATION TRUST,8443,0,397,5,0,0,2539,0,0,0,0,0,394,9,2321,0,0,719,8840,2539,71.28,1
2024-06-01,RJN,NHS ENGLAND NORTH WEST ,EAST CHESHIRE NHS TRUST,4360,0,0,71,0,29,2089,0,0,0,0,0,218,269,884,0,0,186,4360,2089,52.09,1
2024-06-01,RKB,NHS ENGLAND MIDLANDS ,UNIVERSITY HOSPITALS COVENTRY AND WARWICKSHIRE NHS TRUST,11658,1282,6828,15,0,43,6480,213,635,6,0,2,197,75,2193,87,58,902,19768,7328,62.93,1
2024-06-01,RNS,NHS ENGLAND MIDLANDS ,NORTHAMPTON GENERAL HOSPITAL NHS TRUST,10551,575,1980,1269,0,46,3527,3,24,349,0,0,447,737,1937,0,0,1287,13106,3554,72.88,1
2024-06-01,RRF,NHS ENGLAND NORTH WEST ,"WRIGHTINGTON, WIGAN AND LEIGH NHS FOUNDATION TRUST",6925,0,5397,0,0,0,3165,0,38,0,0,0,962,258,2280,0,0,759,12322,3203,74.01,1
2024-06-01,RRV,NHS ENGLAND LONDON,UNIVERSITY COLLEGE LONDON HOSPITALS NHS FOUNDATION TRUST,12631,0,0,492,0,0,3825,0,0,0,0,0,455,115,1439,0,0,298,12631,3825,69.72,1
2024-06-01,RTD,NHS ENGLAND NORTH EAST AND YORKSHIRE ,THE NEWCASTLE UPON TYNE HOSPITALS NHS FOUNDATION TRUST,11911,1453,5085,0,0,826,4989,48,0,0,0,0,465,37,3347,14,0,2715,18449,5037,72.7,1
2024-06-01,RWE,NHS ENGLAND MIDLANDS ,UNIVERSITY HOSPITALS OF LEICESTER NHS TRUST,22235,1959,0,0,0,0,9660,73,0,0,0,0,1609,647,6337,0,0,3222,24194,9733,59.77,1
2024-06-01,RXL,NHS ENGLAND NORTH WEST ,BLACKPOOL TEACHING HOSPITALS NHS FOUNDATION TRUST,8724,0,10098,262,0,256,3972,0,56,80,0,0,452,656,2452,0,0,1287,18822,4028,78.6,1
2024-06-01,RXR,NHS ENGLAND NORTH WEST ,EAST LANCASHIRE HOSPITALS NHS TRUST,12826,0,10971,0,0,0,4246,0,444,0,0,0,521,1077,4077,0,79,1639,23797,4690,80.29,1
2024-06-01,RXW,NHS ENGLAND MIDLANDS ,THE SHREWSBURY AND TELFORD HOSPITAL NHS TRUST,10501,0,2425,0,0,0,5966,0,243,0,0,0,439,647,2908,0,146,1960,12926,6209,51.97,1
2024-06-01,RY4,NHS ENGLAND EAST OF ENGLAND ,HERTFORDSHIRE COMMUNITY NHS TRUST,0,0,1038,0,0,0,0,0,24,0,0,0,0,0,0,0,0,0,1038,24,97.69,0
2024-06-01,AXG,NHS ENGLAND SOUTH WEST ,WILTSHIRE HEALTH & CARE,0,0,2759,0,0,0,0,0,100,0,0,0,0,0,0,0,0,0,2759,100,96.38,0
2024-06-01,C82009,NHS ENGLAND MIDLANDS ,MARKET HARBOROUGH MED.CTR,0,0,351,0,0,0,0,0,0,0,0,0,0,0,0,0,0,0,351,0,100.0,0
2024-06-01,NNF09,NHS ENGLAND NORTH EAST AND YORKSHIRE ,BRANSHOLME HEALTH CENTRE,0,0,3630,0,0,0,0,0,596,0,0,0,0,0,0,0,0,0,3630,596,83.58,1
2024-06-01,NNF94,NHS ENGLAND NORTH EAST AND YORKSHIRE ,EAST RIDING COMMUNITY HOSPITAL,0,0,2879,0,0,0,0,0,450,0,0,0,0,0,0,0,0,0,2879,450,84.37,1
2024-06-01,NNFA7,NHS ENGLAND NORTH EAST AND YORKSHIRE ,GOOLE & DISTRICT HOSPITAL,0,0,1560,0,0,0,0,0,32,0,0,0,0,0,0,0,0,0,1560,32,97.95,0
2024-06-01,NNJ07,NHS ENGLAND MIDLANDS ,LOUGHBOROUGH URGENT CARE CENTRE,0,0,5953,0,0,539,0,0,17,0,0,4,0,0,0,0,0,0,5953,17,99.71,0
2024-06-01,NNJ0H,NHS ENGLAND MIDLANDS ,LLR EA - THE MERLYN VAZ HEALTH & SOCIAL CARE CENTRE,0,0,196,0,0,1968,0,0,1,0,0,0,0,0,0,0,0,0,196,1,99.49,0
2024-06-01,NNJ12,NHS ENGLAND MIDLANDS ,MARKET HARBOROUGH,0,0,109,0,0,380,0,0,0,0,0,0,0,0,0,0,0,0,109,0,100.0,0
2024-06-01,NNJ13,NHS ENGLAND MIDLANDS ,MELTON MOWBRAY,0,0,74,0,0,365,0,0,0,0,0,0,0,0,0,0,0,0,74,0,100.0,0
2024-06-01,NNJ14,NHS ENGLAND MIDLANDS ,OADBY,0,0,500,0,0,2143,0,0,1,0,0,0,0,0,0,0,0,0,500,1,99.8,0
2024-06-01,NNJ15,NHS ENGLAND MIDLANDS ,OAKHAM,0,0,89,0,0,378,0,0,0,0,0,0,0,0,0,0,0,0,89,0,100.0,0
2024-06-01,NR3,NHS ENGLAND MIDLANDS ,NOTTINGHAM CITYCARE PARTNERSHIP,0,0,5115,0,0,252,0,0,158,0,0,0,0,0,0,0,0,0,5115,158,96.91,0
2024-06-01,R0A,NHS ENGLAND NORTH WEST ,MANCHESTER UNIVERSITY NHS FOUNDATION TRUST,24223,3076,11452,3430,491,918,10837,74,630,1478,13,97,3996,364,5517,140,141,408,38751,11541,70.22,1
2024-06-01,RA7,NHS ENGLAND SOUTH WEST ,UNIVERSITY HOSPITALS BRISTOL AND WESTON NHS FOUNDATION TRUST,15122,2174,0,0,0,0,5215,88,0,0,0,0,1156,230,5180,8,0,1337,17296,5303,69.34,1
2024-06-01,RAE,NHS ENGLAND NORTH EAST AND YORKSHIRE ,BRADFORD TEACHING HOSPITALS NHS FOUNDATION TRUST,9289,947,3306,0,0,0,2260,0,0,0,0,0,587,43,2539,0,57,1499,13542,2260,83.31,1
2024-06-01,RAJ,NHS ENGLAND EAST OF ENGLAND ,MID AND SOUTH ESSEX NHS FOUNDATION TRUST,29579,0,6128,392,0,103,9148,0,156,84,0,0,3321,41,8811,0,209,1175,35707,9304,73.94,1
2024-06-01,RBK,NHS ENGLAND MIDLANDS ,WALSALL HEALTHCARE NHS TRUST,8677,0,3899,439,0,147,2729,0,129,73,0,0,749,72,3614,0,0,715,12576,2858,77.27,1
2024-06-01,RC9,NHS ENGLAND EAST OF ENGLAND ,BEDFORDSHIRE HOSPITALS NHS FOUNDATION TRUST,16576,0,8001,0,0,975,6129,0,0,0,0,0,80,6,4767,0,0,2021,24577,6129,75.06,1
2024-06-01,RFR,NHS ENGLAND NORTH EAST AND YORKSHIRE ,THE ROTHERHAM NHS FOUNDATION TRUST,8704,0,0,0,0,0,2724,0,0,0,0,0,327,0,3156,0,0,525,8704,2724,68.7,1
2024-06-01,RGN,NHS ENGLAND EAST OF ENGLAND ,NORTH WEST ANGLIA NHS FOUNDATION TRUST,13873,0,5048,215,0,570,5013,0,408,64,0,36,413,694,3373,0,95,1562,18921,5421,71.35,1
2024-06-01,RJZ,NHS ENGLAND LONDON,KING'S COLLEGE HOSPITAL NHS FOUNDATION TRUST,15505,0,8926,91,0,1201,6941,0,739,22,0,34,1296,793,2592,0,0,471,24431,7680,68.56,1
2024-06-01,RNA,NHS ENGLAND MIDLANDS ,THE DUDLEY GROUP NHS FOUNDATION TRUST,9071,0,4549,124,0,707,2461,0,185,10,0,0,1860,266,3264,0,0,1979,13620,2646,80.57,1
2024-06-01,RNN,NHS ENGLAND NORTH EAST AND YORKSHIRE ,NORTH CUMBRIA INTEGRATED CARE NHS FOUNDATION TRUST,9054,0,2036,401,0,35,3789,0,37,93,0,0,727,407,2310,0,0,740,11090,3826,65.5,1
2024-06-01,RNZ,NHS ENGLAND SOUTH WEST ,SALISBURY NHS FOUNDATION TRUST,4628,319,1911,308,0,0,2116,0,0,140,0,0,464,0,1321,0,0,806,6858,2116,69.15,1
2024-06-01,RR8,NHS ENGLAND NORTH EAST AND YORKSHIRE ,LEEDS TEACHING HOSPITALS NHS TRUST,17347,684,11668,61,0,53,6991,0,146,9,0,0,1753,218,3631,0,0,1192,29699,7137,75.97,1
2024-06-01,RRK,NHS ENGLAND MIDLANDS ,UNIVERSITY HOSPITALS BIRMINGHAM NHS FOUNDATION TRUST,33686,305,1651,16,0,240,14020,0,44,6,0,2,2419,1775,10252,0,0,5916,35642,14064,60.54,1
2024-06-01,RTG,NHS ENGLAND MIDLANDS ,UNIVERSITY HOSPITALS OF DERBY AND BURTON NHS FOUNDATION TRUST,21447,0,9589,416,0,33,9247,0,35,175,0,0,927,916,4147,0,0,2599,31036,9282,70.09,1
2024-06-01,RTQ,NHS ENGLAND SOUTH WEST ,GLOUCESTERSHIRE HEALTH AND CARE NHS FOUNDATION TRUST,0,0,7479,0,0,0,0,0,47,0,0,0,0,0,0,0,0,25,7479,47,99.37,0
2024-06-01,RTX,NHS ENGLAND NORTH WEST ,UNIVERSITY HOSPITALS OF MORECAMBE BAY NHS FOUNDATION TRUST,9084,0,3268,198,0,629,2701,0,65,30,0,28,550,348,2967,0,22,913,12352,2766,77.61,1
2024-06-01,RV9,NHS ENGLAND NORTH EAST AND YORKSHIRE ,HUMBER TEACHING NHS FOUNDATION TRUST,0,0,1181,0,0,51,0,0,4,0,0,0,0,0,0,0,0,0,1181,4,99.66,0
2024-06-01,RVJ,NHS ENGLAND SOUTH WEST ,NORTH BRISTOL NHS TRUST,9090,0,0,19,0,0,3342,0,0,8,0,0,637,252,2789,0,0,1744,9090,3342,63.23,1
2024-06-01,RVV,NHS ENGLAND SOUTH EAST ,EAST KENT HOSPITALS UNIVERSITY NHS FOUNDATION TRUST,12539,0,12576,0,0,0,6018,0,221,0,0,0,537,1189,3324,0,599,826,25115,6239,75.16,1
2024-06-01,RWD,NHS ENGLAND MIDLANDS ,UNITED LINCOLNSHIRE HOSPITALS NHS TRUST,9852,0,10279,5,0,0,6692,0,1102,2,0,0,985,1059,4053,0,0,1162,20131,7794,61.28,1
2024-06-01,RX1,NHS ENGLAND MIDLANDS ,NOTTINGHAM UNIVERSITY HOSPITALS NHS TRUST,15585,2178,323,586,0,0,7096,111,9,264,0,0,807,445,4247,0,0,3690,18086,7216,60.1,1
2024-06-01,RXN,NHS ENGLAND NORTH WEST ,LANCASHIRE TEACHING HOSPITALS NHS FOUNDATION TRUST,11893,0,3528,206,0,62,4378,0,134,33,0,3,1027,244,2901,0,128,1103,15421,4512,70.74,1
2024-06-01,R0D,NHS ENGLAND SOUTH WEST ,UNIVERSITY HOSPITALS DORSET NHS FOUNDATION TRUST,13603,0,5004,0,0,0,5175,0,0,0,0,0,770,157,4090,3,0,2234,18607,5175,72.19,1
2024-06-01,R1D,NHS ENGLAND MIDLANDS ,SHROPSHIRE COMMUNITY HEALTH NHS TRUST,0,0,3341,0,0,3,0,0,8,0,0,0,0,0,0,0,0,0,3341,8,99.76,0
2024-06-01,R1H,NHS ENGLAND LONDON,BARTS HEALTH NHS TRUST,23982,958,17725,0,0,0,11574,15,1479,0,0,0,1134,823,4761,0,0,1302,42665,13068,69.37,1
2024-06-01,R1K,NHS ENGLAND LONDON,LONDON NORTH WEST UNIVERSITY HEALTHCARE NHS TRUST,13085,0,15312,0,0,0,6928,0,167,0,0,0,811,498,6526,0,0,345,28397,7095,75.01,1
2024-06-01,RAP,NHS ENGLAND LONDON,NORTH MIDDLESEX UNIVERSITY HOSPITAL NHS TRUST,7867,515,7762,172,1,296,4611,5,1103,84,0,47,307,817,1597,0,0,142,16144,5719,64.58,1
2024-06-01,RBS,NHS ENGLAND NORTH WEST ,ALDER HEY CHILDREN'S NHS FOUNDATION TRUST,5739,0,0,0,0,0,942,0,0,0,0,0,0,0,1002,0,0,307,5739,942,83.59,1
2024-06-01,RCB,NHS ENGLAND NORTH EAST AND YORKSHIRE ,YORK AND SCARBOROUGH TEACHING HOSPITALS NHS FOUNDATION TRUST,11392,340,8348,0,0,0,6141,0,426,0,0,0,915,557,4529,4,0,1603,20080,6567,67.3,1
2024-06-01,RCU,NHS ENGLAND NORTH EAST AND YORKSHIRE ,SHEFFIELD CHILDREN'S NHS FOUNDATION TRUST,4810,0,319,273,0,32,408,0,0,24,0,0,9,0,896,0,0,94,5129,408,92.05,1
2024-06-01,RD1,NHS ENGLAND SOUTH WEST ,ROYAL UNITED HOSPITALS BATH NHS FOUNDATION TRUST,8500,0,0,0,0,0,3106,0,0,0,0,0,731,19,2515,0,6,1522,8500,3106,63.46,1
2024-06-01,RDE,NHS ENGLAND EAST OF ENGLAND ,EAST SUFFOLK AND NORTH ESSEX NHS FOUNDATION TRUST,14872,0,12095,783,0,257,7055,0,165,0,0,0,1204,333,6198,0,362,940,26967,7220,73.23,1
2024-06-01,RF4,NHS ENGLAND LONDON,"BARKING, HAVERING AND REDBRIDGE UNIVERSITY HOSPITALS NHS TRUST",13032,2325,13414,0,0,0,5452,321,162,0,0,0,708,484,7671,0,0,369,28771,5935,79.37,1
2024-06-01,RFS,NHS ENGLAND MIDLANDS ,CHESTERFIELD ROYAL HOSPITAL NHS FOUNDATION TRUST,7027,0,1501,214,0,94,2637,0,145,79,0,8,618,57,2670,0,291,555,8528,2782,67.38,1
2024-06-01,RGR,NHS ENGLAND EAST OF ENGLAND ,WEST SUFFOLK NHS FOUNDATION TRUST,7562,0,740,38,0,0,2837,0,0,0,0,0,523,510,2044,0,0,582,8302,2837,65.83,1
2024-06-01,RH5,NHS ENGLAND SOUTH WEST ,SOMERSET NHS FOUNDATION TRUST,13146,0,10256,0,0,0,5491,0,194,0,0,0,262,8,3180,0,0,2064,23402,5685,75.71,1
2024-06-01,RHQ,NHS ENGLAND NORTH EAST AND YORKSHIRE ,SHEFFIELD TEACHING HOSPITALS NHS FOUNDATION TRUST,8962,1122,7183,455,0,1093,4245,0,165,183,0,17,1016,7,3728,0,0,2831,17267,4410,74.46,1
2024-06-01,RJ2,NHS ENGLAND LONDON,LEWISHAM AND GREENWICH NHS TRUST,13920,0,11086,29,0,0,6851,0,1360,6,0,0,1025,465,3874,0,0,1325,25006,8211,67.16,1
2024-06-01,RJE,NHS ENGLAND MIDLANDS ,UNIVERSITY HOSPITALS OF NORTH MIDLANDS NHS TRUST,13371,454,8862,720,0,517,6498,0,121,311,0,5,998,875,5233,0,0,3383,22687,6619,70.82,1
2024-06-01,RJL,NHS ENGLAND NORTH EAST AND YORKSHIRE ,NORTHERN LINCOLNSHIRE AND GOOLE NHS FOUNDATION TRUST,8775,0,6847,0,0,402,4764,0,50,0,0,2,592,923,4831,0,0,417,15622,4814,69.18,1
2024-06-01,RK5,NHS ENGLAND MIDLANDS ,SHERWOOD FOREST HOSPITALS NHS FOUNDATION TRUST,11024,0,5498,360,0,109,4552,0,213,178,0,2,605,84,3714,0,0,352,16522,4765,71.16,1
2024-06-01,RKE,NHS ENGLAND LONDON,WHITTINGTON HEALTH NHS TRUST,9125,0,0,0,0,0,2598,0,0,0,0,0,208,339,1043,0,0,46,9125,2598,71.53,1
2024-06-01,RMP,NHS ENGLAND NORTH WEST ,TAMESIDE AND GLOSSOP INTEGRATED CARE NHS FOUNDATION TRUST,8285,0,2466,386,0,213,4231,0,0,0,0,0,535,31,2469,0,0,581,10751,4231,60.65,1
2024-06-01,RN3,NHS ENGLAND SOUTH WEST ,GREAT WESTERN HOSPITALS NHS FOUNDATION TRUST,5418,0,5537,0,0,181,2480,0,301,0,0,3,501,84,2308,0,0,1460,10955,2781,74.61,1
2024-06-01,RN5,NHS ENGLAND SOUTH EAST ,HAMPSHIRE HOSPITALS NHS FOUNDATION TRUST,12260,124,530,0,0,164,4225,0,0,0,0,0,529,7,4200,8,1,1069,12914,4225,67.28,1
2024-06-01,RN7,NHS ENGLAND SOUTH EAST ,DARTFORD AND GRAVESHAM NHS TRUST,11218,0,3758,0,0,0,3886,0,34,0,0,0,748,104,2921,0,0,464,14976,3920,73.82,1
2024-06-01,RP5,NHS ENGLAND NORTH EAST AND YORKSHIRE ,DONCASTER AND BASSETLAW TEACHING HOSPITALS NHS FOUNDATION TRUST,13676,0,3799,0,0,0,4626,0,23,0,0,0,852,108,4062,0,477,1103,17475,4649,73.4,1
2024-06-01,RPA,NHS ENGLAND SOUTH EAST ,MEDWAY NHS FOUNDATION TRUST,9024,0,6884,323,0,972,2860,0,697,57,0,0,355,616,1957,0,0,781,15908,3557,77.64,1
2024-06-01,RQ3,NHS ENGLAND MIDLANDS ,BIRMINGHAM WOMEN'S AND CHILDREN'S NHS FOUNDATION TRUST,5243,0,0,0,0,0,1046,0,0,0,0,0,0,0,1027,0,0,204,5243,1046,80.05,1
2024-06-01,RQM,NHS ENGLAND LONDON,CHELSEA AND WESTMINSTER HOSPITAL NHS FOUNDATION TRUST,19566,0,6243,855,0,0,5077,0,116,0,0,0,827,63,2657,0,0,342,25809,5193,79.88,1
2024-06-01,RTF,NHS ENGLAND NORTH EAST AND YORKSHIRE ,NORTHUMBRIA HEALTHCARE NHS FOUNDATION TRUST,9433,0,12936,0,0,0,2536,0,9,0,0,0,28,1,4486,0,55,1193,22369,2545,88.62,1
2024-06-01,RTK,NHS ENGLAND SOUTH EAST ,ASHFORD AND ST PETER'S HOSPITALS NHS FOUNDATION TRUST,10146,0,0,0,0,0,3211,0,0,0,0,0,582,142,2939,0,0,556,10146,3211,68.35,1
2024-06-01,RTR,NHS ENGLAND NORTH EAST AND YORKSHIRE ,SOUTH TEES HOSPITALS NHS FOUNDATION TRUST,7245,0,9317,0,0,1633,3748,0,787,0,0,137,353,24,2498,0,107,2149,16562,4535,72.62,1
2024-06-01,RWA,NHS ENGLAND NORTH EAST AND YORKSHIRE ,HULL UNIVERSITY TEACHING HOSPITALS NHS TRUST,9116,0,4454,0,0,0,4836,0,450,0,0,0,862,463,3445,0,0,1762,13570,5286,61.05,1
2024-06-01,RWW,NHS ENGLAND NORTH WEST ,WARRINGTON AND HALTON TEACHING HOSPITALS NHS FOUNDATION TRUST,6731,0,3001,267,0,109,3210,0,92,94,0,4,641,633,1794,0,0,206,9732,3302,66.07,1
2024-06-01,RXF,NHS ENGLAND NORTH EAST AND YORKSHIRE ,MID YORKSHIRE TEACHING NHS TRUST,16962,142,6191,120,0,106,6404,0,333,11,0,1,2311,89,3532,0,180,925,23295,6737,71.08,1
2024-06-01,RYJ,NHS ENGLAND LONDON,IMPERIAL COLLEGE HEALTHCARE NHS TRUST,11912,3960,7425,0,0,385,4742,112,357,0,0,0,614,109,3927,1,0,1079,23297,5211,77.63,1
2024-06-01,RDR,NHS ENGLAND SOUTH EAST ,SUSSEX COMMUNITY NHS FOUNDATION TRUST,0,0,12076,0,0,0,0,0,85,0,0,0,0,0,0,0,0,0,12076,85,99.3,0
2024-06-01,RGT,NHS ENGLAND EAST OF ENGLAND ,CAMBRIDGE UNIVERSITY HOSPITALS NHS FOUNDATION TRUST,10072,0,6096,592,0,429,4963,0,83,244,0,6,449,648,2535,0,31,432,16168,5046,68.79,1
2024-06-01,RHM,NHS ENGLAND SOUTH EAST ,UNIVERSITY HOSPITAL SOUTHAMPTON NHS FOUNDATION TRUST,11461,1297,0,166,0,0,3783,77,0,55,0,0,305,9,3645,11,0,1430,12758,3860,69.74,1
2024-06-01,RM1,NHS ENGLAND EAST OF ENGLAND ,NORFOLK AND NORWICH UNIVERSITY HOSPITALS NHS FOUNDATION TRUST,12047,0,8517,315,0,1,3626,0,10,54,0,0,691,112,2591,0,0,1526,20564,3636,82.32,1
2024-06-01,RMC,NHS ENGLAND NORTH WEST ,BOLTON NHS FOUNDATION TRUST,7628,0,3462,78,0,83,3952,0,295,40,0,7,497,607,2120,0,47,712,11090,4247,61.7,1
2024-06-01,RTE,NHS ENGLAND SOUTH WEST ,GLOUCESTERSHIRE HOSPITALS NHS FOUNDATION TRUST,12603,0,0,252,0,0,5233,0,0,92,0,0,276,676,2500,0,0,1880,12603,5233,58.48,1
2024-06-01,RWG,NHS ENGLAND EAST OF ENGLAND ,WEST HERTFORDSHIRE TEACHING HOSPITALS NHS TRUST,8128,0,8198,0,0,822,2609,0,371,0,0,0,486,4,4027,0,0,629,16326,2980,81.75,1
2024-06-01,RWJ,NHS ENGLAND NORTH WEST ,STOCKPORT NHS FOUNDATION TRUST,7762,0,1012,449,0,100,3031,0,22,150,0,2,716,270,2492,0,77,678,8774,3053,65.2,1
2024-06-01,RWX,NHS ENGLAND SOUTH EAST ,BERKSHIRE HEALTHCARE NHS FOUNDATION TRUST,0,0,1629,0,0,0,0,0,19,0,0,0,0,0,0,0,35,0,1629,19,98.83,0
2024-06-01,RY2,NHS ENGLAND NORTH WEST ,BRIDGEWATER COMMUNITY HEALTHCARE NHS FOUNDATION TRUST,0,0,3173,0,0,161,0,0,19,0,0,0,0,0,0,0,0,0,3173,19,99.4,0
2024-06-01,RBD,NHS ENGLAND SOUTH WEST ,DORSET COUNTY HOSPITAL NHS FOUNDATION TRUST,4311,0,0,344,0,4200,1826,0,0,106,0,6,234,71,1727,0,0,549,4311,1826,57.64,1
2024-06-01,RDU,NHS ENGLAND SOUTH EAST ,FRIMLEY HEALTH NHS FOUNDATION TRUST,22963,941,11866,0,0,0,9744,0,156,0,0,0,2059,376,5823,0,0,314,35770,9900,72.32,1
2024-06-01,RM3,NHS ENGLAND NORTH WEST ,NORTHERN CARE ALLIANCE NHS FOUNDATION TRUST,25044,0,8709,0,0,0,10980,0,305,0,0,0,1265,1066,6873,0,363,1567,33753,11285,66.57,1
2024-06-01,RVR,NHS ENGLAND LONDON,EPSOM AND ST HELIER UNIVERSITY HOSPITALS NHS TRUST,11286,305,1565,350,0,21,2902,0,51,38,0,1,241,668,1848,1,0,134,13156,2953,77.55,1
2024-06-01,RJR,NHS ENGLAND NORTH WEST ,COUNTESS OF CHESTER HOSPITAL NHS FOUNDATION TRUST,5098,0,1971,0,0,0,2763,0,180,0,0,0,300,597,1470,0,0,1202,7069,2943,58.37,1
2024-06-01,RXP,NHS ENGLAND NORTH EAST AND YORKSHIRE ,COUNTY DURHAM AND DARLINGTON NHS FOUNDATION TRUST,12780,0,4447,0,0,7151,5547,0,0,0,0,0,1936,26,4262,0,0,742,17227,5547,67.8,1
2024-06-01,RYX,NHS ENGLAND LONDON,CENTRAL LONDON COMMUNITY HEALTHCARE NHS TRUST,0,0,11180,0,0,391,0,0,261,0,0,29,0,0,0,0,0,0,11180,261,97.67,0
2024-06-01,RAL,NHS ENGLAND LONDON,ROYAL FREE LONDON NHS FOUNDATION TRUST,17990,0,8392,0,0,0,6667,0,188,0,0,0,1040,560,3834,0,0,567,26382,6855,74.02,1
2024-06-01,RBL,NHS ENGLAND NORTH WEST ,WIRRAL UNIVERSITY TEACHING HOSPITAL NHS FOUNDATION TRUST,7780,0,2781,185,0,166,4534,0,20,68,0,1,751,534,2143,0,0,1584,10561,4554,56.88,1
2024-06-01,RTH,NHS ENGLAND SOUTH EAST ,OXFORD UNIVERSITY HOSPITALS NHS FOUNDATION TRUST,12092,1819,1922,1529,0,111,4110,0,2,435,0,1,635,0,4127,133,19,4523,15833,4112,74.03,1
2024-06-01,RWH,NHS ENGLAND EAST OF ENGLAND ,EAST AND NORTH HERTFORDSHIRE NHS TRUST,9180,0,7282,5,0,15,4559,0,267,2,0,0,141,23,3469,0,79,267,16462,4826,70.68,1
2024-06-01,RJ6,NHS ENGLAND LONDON,CROYDON HEALTH SERVICES NHS TRUST,13337,0,4958,1,0,0,4748,0,0,0,0,0,404,649,1335,0,0,116,18295,4748,74.05,1
2024-06-01,Y02532,NHS ENGLAND NORTH WEST ,MIRIAM MINOR EMERGENCY,0,0,1627,0,0,0,0,0,4,0,0,0,0,0,0,0,0,0,1627,4,99.75,0
2024-06-01,RHU,NHS ENGLAND SOUTH EAST ,PORTSMOUTH HOSPITALS UNIVERSITY NATIONAL HEALTH SERVICE TRUST,9788,742,3055,1398,0,725,5307,3,27,0,0,0,1380,33,3525,0,0,2461,13585,5337,60.71,1
2024-06-01,RBN,NHS ENGLAND NORTH WEST ,MERSEY AND WEST LANCASHIRE TEACHING HOSPITALS NHS TRUST,16606,0,7186,387,0,0,6364,0,206,47,0,0,589,311,6800,0,0,632,23792,6570,72.39,1
2024-06-01,RJ1,NHS ENGLAND LONDON,GUY'S AND ST THOMAS' NHS FOUNDATION TRUST,10382,739,6688,0,0,0,4003,0,264,0,0,0,96,72,2114,0,0,194,17809,4267,76.04,1
2025-03-01,RYY,NHS ENGLAND SOUTH EAST ,KENT COMMUNITY HEALTH NHS FOUNDATION TRUST,0,0,9690,0,0,0,0,0,32,0,0,0,0,0,0,0,0,0,9690,32,99.67,0
2025-03-01,Y02676,NHS ENGLAND SOUTH EAST ,BRIGHTON STATION HEALTH CENTRE,0,0,2040,0,0,0,0,0,0,0,0,0,0,0,0,0,0,0,2040,0,100.0,0
2025-03-01,C82009,NHS ENGLAND MIDLANDS ,MARKET HARBOROUGH MED.CTR,0,0,315,0,0,0,0,0,0,0,0,0,0,0,0,0,0,0,315,0,100.0,0
2025-03-01,C82038,NHS ENGLAND MIDLANDS ,LATHAM HOUSE MEDICAL PRACTICE,0,0,350,0,0,0,0,0,0,0,0,0,0,0,0,0,0,0,350,0,100.0,0
2025-03-01,NDJ,NHS ENGLAND SOUTH EAST ,FIRST COMMUNITY HEALTH AND CARE CIC,0,0,2464,0,0,0,0,0,0,0,0,0,0,0,0,0,0,0,2464,0,100.0,0
2025-03-01,NL7,NHS ENGLAND MIDLANDS ,ASSURA VERTIS URGENT CARE CENTRES (BIRMINGHAM),0,0,3164,0,0,0,0,0,0,0,0,0,0,0,0,0,0,0,3164,0,100.0,0
2025-03-01,NQT51,NHS ENGLAND SOUTH EAST ,STATION PLAZA HEALTH CENTRE,0,0,1024,0,0,0,0,0,0,0,0,0,0,0,0,0,0,0,1024,0,100.0,0
2025-03-01,NQTE4,NHS ENGLAND MIDLANDS ,SUMMERFIELD URGENT CARE CENTRE,0,0,3151,0,0,0,0,0,0,0,0,0,0,0,0,0,0,0,3151,0,100.0,0
2025-03-01,NTV0B,NHS ENGLAND SOUTH EAST ,ASHFORD WALK-IN-CENTRE,0,0,2374,0,0,0,0,0,23,0,0,0,0,0,0,0,0,0,2374,23,99.03,0
2025-03-01,NTV0W,NHS ENGLAND SOUTH EAST ,WOKING WALK IN CENTRE,0,0,2683,0,0,0,0,0,12,0,0,0,0,0,0,0,0,0,2683,12,99.55,0
2025-03-01,RA9,NHS ENGLAND SOUTH WEST ,TORBAY AND SOUTH DEVON NHS FOUNDATION TRUST,6650,0,3358,405,0,154,2977,0,47,160,0,3,285,45,2305,0,0,1183,10008,3024,69.78,1
2025-03-01,RFF,NHS ENGLAND NORTH EAST AND YORKSHIRE ,BARNSLEY HOSPITAL NHS FOUNDATION TRUST,9281,0,0,12,0,0,1838,0,0,0,0,0,229,0,3249,0,0,530,9281,1838,80.2,1
2025-03-01,RNU,NHS ENGLAND SOUTH EAST ,OXFORD HEALTH NHS FOUNDATION TRUST,0,0,3656,0,0,0,0,0,419,0,0,0,0,0,0,0,0,0,3656,419,88.54,1
2025-03-01,RWY,NHS ENGLAND NORTH EAST AND YORKSHIRE ,CALDERDALE AND HUDDERSFIELD NHS FOUNDATION TRUST,16307,0,0,0,0,0,2976,0,0,0,0,0,885,20,2750,0,0,209,16307,2976,81.75,1
2025-03-01,Y02147,NHS ENGLAND LONDON,URGENT CARE CENTRE (QMS),0,0,8224,0,0,419,0,0,184,0,0,0,0,0,0,0,0,0,8224,184,97.76,0
2025-03-01,Y02532,NHS ENGLAND NORTH WEST ,MIRIAM MINOR EMERGENCY,0,0,1709,0,0,0,0,0,0,0,0,0,0,0,0,0,0,0,1709,0,100.0,0
2025-03-01,Y02615,NHS ENGLAND MIDLANDS ,SOUTH BIRMINGHAM GP WALK IN CENTRE,0,0,7113,0,0,0,0,0,0,0,0,0,0,0,0,0,0,0,7113,0,100.0,0
2025-03-01,AAH,NHS ENGLAND SOUTH WEST ,TETBURY HOSPITAL TRUST LTD,0,0,707,0,0,0,0,0,0,0,0,0,0,0,0,0,0,0,707,0,100.0,0
2025-03-01,NV693,NHS ENGLAND NORTH WEST ,ROSSENDALE MIU & OOH,0,0,1122,0,0,0,0,0,1,0,0,0,0,0,0,0,0,0,1122,1,99.91,0
2025-03-01,RCD,NHS ENGLAND NORTH EAST AND YORKSHIRE ,HARROGATE AND DISTRICT NHS FOUNDATION TRUST,5137,0,993,354,0,21,1314,0,1,57,0,0,386,23,1150,0,0,315,6130,1315,78.55,1
2025-03-01,RTP,NHS ENGLAND SOUTH EAST ,SURREY AND SUSSEX HEALTHCARE NHS TRUST,10472,0,0,0,0,0,3739,0,0,0,0,0,487,688,3223,0,0,923,10472,3739,64.3,1
2025-03-01,RV9,NHS ENGLAND NORTH EAST AND YORKSHIRE ,HUMBER TEACHING NHS FOUNDATION TRUST,0,0,1048,0,0,28,0,0,10,0,0,0,0,0,0,0,0,0,1048,10,99.05,0
2025-03-01,RXR,NHS ENGLAND NORTH WEST ,EAST LANCASHIRE HOSPITALS NHS TRUST,13340,0,11173,0,0,0,4452,0,527,0,0,0,524,1105,3876,0,101,1664,24513,4979,79.69,1
2025-03-01,RY7,NHS ENGLAND NORTH WEST ,WIRRAL COMMUNITY HEALTH AND CARE NHS FOUNDATION TRUST,0,0,4551,0,0,0,0,0,402,0,0,0,0,0,0,0,0,0,4551,402,91.17,1
2025-03-01,Y02428,NHS ENGLAND EAST OF ENGLAND ,PUTNOE WALK IN CENTRE,0,0,3139,0,0,0,0,0,0,0,0,0,0,0,0,0,0,0,3139,0,100.0,0
2025-03-01,AQN04,NHS ENGLAND SOUTH EAST ,PHL LYMINGTON UTC,0,0,3105,0,0,24,0,0,16,0,0,0,0,0,0,0,0,0,3105,16,99.48,0
2025-03-01,DT301,NHS ENGLAND EAST OF ENGLAND ,HERTS URGENT CARE (ASCOTS LANE),0,0,2413,0,0,0,0,0,124,0,0,0,0,0,0,0,0,0,2413,124,94.86,1
2025-03-01,R0B,NHS ENGLAND NORTH EAST AND YORKSHIRE ,SOUTH TYNESIDE AND SUNDERLAND NHS FOUNDATION TRUST,11463,1338,6275,786,0,1488,4812,25,239,347,0,64,316,2,4487,12,0,1547,19076,5076,73.39,1
2025-03-01,RDE,NHS ENGLAND EAST OF ENGLAND ,EAST SUFFOLK AND NORTH ESSEX NHS FOUNDATION TRUST,11802,0,14870,1315,0,693,5648,0,555,0,0,0,976,733,6306,0,386,1212,26672,6203,76.74,1
2025-03-01,RQX,NHS ENGLAND LONDON,HOMERTON HEALTHCARE NHS FOUNDATION TRUST,11231,0,0,0,0,0,1927,0,0,0,0,0,206,22,1842,0,0,349,11231,1927,82.84,1
2025-03-01,RTK,NHS ENGLAND SOUTH EAST ,ASHFORD AND ST PETER'S HOSPITALS NHS FOUNDATION TRUST,10757,0,0,0,0,0,3695,0,0,0,0,0,528,231,2884,0,0,678,10757,3695,65.65,1
2025-03-01,RY5,NHS ENGLAND MIDLANDS ,LINCOLNSHIRE COMMUNITY HEALTH SERVICES NHS TRUST,0,0,8775,0,0,0,0,0,250,0,0,0,0,0,0,0,0,0,8775,250,97.15,0
2025-03-01,G0Q0L,NHS ENGLAND LONDON,BARKING HOSPITAL UTC,0,0,2910,0,0,0,0,0,30,0,0,0,0,0,0,0,0,0,2910,30,98.97,0
2025-03-01,K6K0R,NHS ENGLAND LONDON,HAROLD WOOD POLYCLINIC UTC,0,0,2364,0,0,0,0,0,5,0,0,0,0,0,0,0,0,0,2364,5,99.79,0
2025-03-01,NTP11,NHS ENGLAND SOUTH EAST ,PRACTICE PLUS GROUP HOSPITAL - SOUTHAMPTON,0,0,5772,0,0,0,0,0,350,0,0,0,0,0,0,0,0,0,5772,350,93.94,1
2025-03-01,RY8,NHS ENGLAND MIDLANDS ,DERBYSHIRE COMMUNITY HEALTH SERVICES NHS FOUNDATION TRUST,0,0,7172,0,0,2435,0,0,122,0,0,7,0,0,0,0,0,0,7172,122,98.3,0
2025-03-01,Y07709,NHS ENGLAND SOUTH EAST ,READING URGENT CARE CENTRE,0,0,2020,0,0,0,0,0,0,0,0,0,0,0,0,0,0,0,2020,0,100.0,0
2025-03-01,AJN,NHS ENGLAND NORTH EAST AND YORKSHIRE ,WORKINGTON HEALTH LIMITED,0,0,336,0,0,0,0,0,0,0,0,0,0,0,0,0,0,0,336,0,100.0,0
2025-03-01,NQT5F,NHS ENGLAND NORTH WEST ,SKELMERSDALE WALK IN CENTRE,0,0,1730,0,0,0,0,0,6,0,0,0,0,0,0,0,0,0,1730,6,99.65,0
2025-03-01,NQT5H,NHS ENGLAND SOUTH WEST ,PAULTON MEMORIAL HOSPITAL,0,0,913,0,0,0,0,0,5,0,0,0,0,0,0,0,0,0,913,5,99.45,0
2025-03-01,RAX,NHS ENGLAND LONDON,KINGSTON AND RICHMOND NHS FOUNDATION TRUST,7332,0,8910,0,0,0,3271,0,273,0,0,0,273,406,2435,0,278,322,16242,3544,78.18,1
2025-03-01,RBT,NHS ENGLAND NORTH WEST ,MID CHESHIRE HOSPITALS NHS FOUNDATION TRUST,7136,0,3238,0,0,93,4139,0,64,0,0,5,604,541,2236,0,0,1348,10374,4203,59.49,1
2025-03-01,RJZ,NHS ENGLAND LONDON,KING'S COLLEGE HOSPITAL NHS FOUNDATION TRUST,15710,0,9620,60,0,1100,6788,0,563,15,0,0,1441,926,3585,0,0,366,25330,7351,70.98,1
2025-03-01,RLQ,NHS ENGLAND MIDLANDS ,WYE VALLEY NHS TRUST,6143,1157,158,165,0,0,2759,0,0,44,0,0,415,293,1461,0,0,151,7458,2759,63.01,1
2025-03-01,RQW,NHS ENGLAND EAST OF ENGLAND ,THE PRINCESS ALEXANDRA HOSPITAL NHS TRUST,8544,0,2131,0,0,665,3474,0,0,0,0,0,401,89,1795,0,0,277,10675,3474,67.46,1
2025-03-01,RWP,NHS ENGLAND MIDLANDS ,WORCESTERSHIRE ACUTE HOSPITALS NHS TRUST,13805,0,6203,0,0,0,6738,0,71,0,0,0,925,731,2693,0,0,861,20008,6809,65.97,1
2025-03-01,RXL,NHS ENGLAND NORTH WEST ,BLACKPOOL TEACHING HOSPITALS NHS FOUNDATION TRUST,8950,0,11021,432,0,363,4016,0,71,148,0,0,499,549,2743,0,0,1747,19971,4087,79.54,1
2025-03-01,Y03218,NHS ENGLAND LONDON,THE PINN UNREGISTERED WIC,0,0,603,0,0,0,0,0,0,0,0,0,0,0,0,0,0,0,603,0,100.0,0
2025-03-01,NLX,NHS ENGLAND SOUTH WEST ,SIRONA CARE & HEALTH,0,0,9372,0,0,357,0,0,393,0,0,41,0,0,0,0,0,0,9372,393,95.81,0
2025-03-01,NR3,NHS ENGLAND MIDLANDS ,NOTTINGHAM CITYCARE PARTNERSHIP,0,0,5780,0,0,287,0,0,721,0,0,0,0,0,0,0,0,0,5780,721,87.53,1
2025-03-01,NTPAD,NHS ENGLAND SOUTH EAST ,PRACTICE PLUS GROUP SURGICAL CENTRE - ST MARYS PORTSMOUTH,0,0,5679,0,0,271,0,0,146,0,0,1,0,0,0,0,0,0,5679,146,97.43,0
2025-03-01,REF,NHS ENGLAND SOUTH WEST ,ROYAL CORNWALL HOSPITALS NHS TRUST,6629,0,12512,0,0,0,3494,0,709,0,0,0,754,423,2613,0,51,1130,19141,4203,78.04,1
2025-03-01,RGP,NHS ENGLAND EAST OF ENGLAND ,JAMES PAGET UNIVERSITY HOSPITALS NHS FOUNDATION TRUST,7416,0,1608,0,0,0,3330,0,0,0,0,0,582,457,1676,0,0,504,9024,3330,63.1,1
2025-03-01,RGR,NHS ENGLAND EAST OF ENGLAND ,WEST SUFFOLK NHS FOUNDATION TRUST,8165,0,798,127,0,0,1055,0,0,0,0,0,215,69,2117,0,0,300,8963,1055,88.23,1
2025-03-01,RJ6,NHS ENGLAND LONDON,CROYDON HEALTH SERVICES NHS TRUST,13255,0,5119,0,0,0,3289,0,0,0,0,0,304,701,1214,0,0,118,18374,3289,82.1,1
2025-03-01,RL4,NHS ENGLAND MIDLANDS ,THE ROYAL WOLVERHAMPTON NHS TRUST,12866,0,8567,189,0,914,3895,0,213,38,0,1,982,472,5766,0,0,1046,21433,4108,80.83,1
2025-03-01,RRV,NHS ENGLAND LONDON,UNIVERSITY COLLEGE LONDON HOSPITALS NHS FOUNDATION TRUST,13584,0,0,364,0,0,3789,0,0,0,0,0,385,80,1443,0,0,276,13584,3789,72.11,1
2025-03-01,RTR,NHS ENGLAND NORTH EAST AND YORKSHIRE ,SOUTH TEES HOSPITALS NHS FOUNDATION TRUST,7561,0,9440,0,0,1728,3994,0,509,0,0,71,276,7,2678,0,127,2448,17001,4503,73.51,1
2025-03-01,RVV,NHS ENGLAND SOUTH EAST ,EAST KENT HOSPITALS UNIVERSITY NHS FOUNDATION TRUST,12820,0,13288,0,0,0,6228,0,414,0,0,0,340,1326,2819,0,528,549,26108,6642,74.56,1
2025-03-01,RW1,NHS ENGLAND SOUTH EAST ,HAMPSHIRE AND ISLE OF WIGHT HEALTHCARE NHS FOUNDATION TRUST,0,0,3122,0,0,0,0,0,64,0,0,0,0,0,0,0,0,140,3122,64,97.95,0
2025-03-01,RW4,NHS ENGLAND NORTH WEST ,MERSEY CARE NHS FOUNDATION TRUST,0,0,14217,0,0,0,0,0,405,0,0,0,0,0,0,0,0,44,14217,405,97.15,0
2025-03-01,RWF,NHS ENGLAND SOUTH EAST ,MAIDSTONE AND TUNBRIDGE WELLS NHS TRUST,18303,0,2372,824,0,219,3116,0,26,91,0,0,793,25,5241,0,0,979,20675,3142,84.8,1
2025-03-01,RY2,NHS ENGLAND NORTH WEST ,BRIDGEWATER COMMUNITY HEALTHCARE NHS FOUNDATION TRUST,0,0,3040,0,0,170,0,0,100,0,0,6,0,0,0,0,0,0,3040,100,96.71,0
2025-03-01,RYF,NHS ENGLAND SOUTH WEST ,SOUTH WESTERN AMBULANCE SERVICE NHS FOUNDATION TRUST,0,0,1927,0,0,12,0,0,16,0,0,0,0,0,0,0,0,0,1927,16,99.17,0
2025-03-01,ACH01,NHS ENGLAND SOUTH EAST ,WHITSTABLE MEDICAL PRACTICE,0,0,5414,0,0,0,0,0,0,0,0,0,0,0,0,0,0,0,5414,0,100.0,0
2025-03-01,C83023,NHS ENGLAND MIDLANDS ,SLEAFORD MEDICAL GROUP,0,0,540,0,0,0,0,0,0,0,0,0,0,0,0,0,0,0,540,0,100.0,0
2025-03-01,L83087,NHS ENGLAND SOUTH WEST ,OKEHAMPTON MEDICAL CENTRE,0,0,87,0,0,0,0,0,0,0,0,0,0,0,0,0,0,0,87,0,100.0,0
2025-03-01,RA7,NHS ENGLAND SOUTH WEST ,UNIVERSITY HOSPITALS BRISTOL AND WESTON NHS FOUNDATION TRUST,16099,2536,0,0,0,0,5748,207,0,0,0,0,1161,534,5388,5,0,1558,18635,5955,68.04,1
2025-03-01,RAT,NHS ENGLAND LONDON,NORTH EAST LONDON NHS FOUNDATION TRUST,0,0,2006,0,0,0,0,0,75,0,0,0,0,0,0,0,0,0,2006,75,96.26,0
2025-03-01,RCF,NHS ENGLAND NORTH EAST AND YORKSHIRE ,AIREDALE NHS FOUNDATION TRUST,5892,232,0,541,0,0,2541,0,0,0,0,0,440,223,1521,0,0,521,6124,2541,58.51,1
2025-03-01,RCX,NHS ENGLAND EAST OF ENGLAND ,"THE QUEEN ELIZABETH HOSPITAL, KING'S LYNN, NHS FOUNDATION TRUST",6746,0,1246,0,0,0,3185,0,0,0,0,0,285,128,1909,0,0,373,7992,3185,60.15,1
2025-03-01,RD8,NHS ENGLAND EAST OF ENGLAND ,MILTON KEYNES UNIVERSITY HOSPITAL NHS FOUNDATION TRUST,8545,0,5344,706,0,144,3119,0,392,254,0,0,897,0,2260,0,0,446,13889,3511,74.72,1
2025-03-01,RDU,NHS ENGLAND SOUTH EAST ,FRIMLEY HEALTH NHS FOUNDATION TRUST,22632,945,13202,0,0,0,9616,1,306,0,0,0,1614,437,6243,0,0,120,36779,9923,73.02,1
2025-03-01,REP,NHS ENGLAND NORTH WEST ,LIVERPOOL WOMEN'S NHS FOUNDATION TRUST,0,1520,0,0,112,0,0,176,0,0,0,0,0,0,0,118,0,14,1520,176,88.42,1
2025-03-01,RFR,NHS ENGLAND NORTH EAST AND YORKSHIRE ,THE ROTHERHAM NHS FOUNDATION TRUST,9434,0,0,0,0,0,3256,0,0,0,0,0,649,35,1982,0,0,218,9434,3256,65.49,1
2025-03-01,RJE,NHS ENGLAND MIDLANDS ,UNIVERSITY HOSPITALS OF NORTH MIDLANDS NHS TRUST,14701,541,8704,774,0,693,7899,0,683,390,0,29,1086,851,5761,0,0,2936,23946,8582,64.16,1
2025-03-01,RJR,NHS ENGLAND NORTH WEST ,COUNTESS OF CHESTER HOSPITAL NHS FOUNDATION TRUST,5250,0,2446,0,0,0,2764,0,358,0,0,0,253,650,1598,0,0,1288,7696,3122,59.43,1
2025-03-01,RKB,NHS ENGLAND MIDLANDS ,UNIVERSITY HOSPITALS COVENTRY AND WARWICKSHIRE NHS TRUST,12494,1602,6644,0,0,0,5333,133,297,0,0,0,96,14,1598,31,55,638,20740,5763,72.21,1
2025-03-01,RMC,NHS ENGLAND NORTH WEST ,BOLTON NHS FOUNDATION TRUST,8326,0,3871,94,0,41,3310,0,130,32,0,1,555,272,2574,0,116,1023,12197,3440,71.8,1
2025-03-01,RMP,NHS ENGLAND NORTH WEST ,TAMESIDE AND GLOSSOP INTEGRATED CARE NHS FOUNDATION TRUST,8845,0,3037,359,0,75,3813,0,20,0,0,0,549,146,1654,0,0,253,11882,3833,67.74,1
2025-03-01,RP6,NHS ENGLAND LONDON,MOORFIELDS EYE HOSPITAL NHS FOUNDATION TRUST,0,5789,0,0,0,0,0,92,0,0,0,0,0,0,0,6,0,202,5789,92,98.41,0
2025-03-01,RPC,NHS ENGLAND SOUTH EAST ,QUEEN VICTORIA HOSPITAL NHS FOUNDATION TRUST,0,0,1400,0,0,0,0,0,6,0,0,0,0,0,0,0,3,493,1400,6,99.57,0
2025-03-01,RR7,NHS ENGLAND NORTH EAST AND YORKSHIRE ,GATESHEAD HEALTH NHS FOUNDATION TRUST,5879,0,3998,24,0,2,2479,0,32,10,0,0,837,2,1598,0,0,52,9877,2511,74.58,1
2025-03-01,RTG,NHS ENGLAND MIDLANDS ,UNIVERSITY HOSPITALS OF DERBY AND BURTON NHS FOUNDATION TRUST,19603,0,9942,1762,0,36,8775,0,3,414,0,0,1047,704,4191,0,3,1939,29545,8778,70.29,1
2025-03-01,RWE,NHS ENGLAND MIDLANDS ,UNIVERSITY HOSPITALS OF LEICESTER NHS TRUST,22642,2150,0,0,0,0,9943,237,0,0,0,0,1607,901,6467,3,0,3646,24792,10180,58.94,1
2025-03-01,RWG,NHS ENGLAND EAST OF ENGLAND ,WEST HERTFORDSHIRE TEACHING HOSPITALS NHS TRUST,8729,0,7623,0,0,837,2928,0,187,0,0,0,819,28,4279,0,0,619,16352,3115,80.95,1
2025-03-01,RWW,NHS ENGLAND NORTH WEST ,WARRINGTON AND HALTON TEACHING HOSPITALS NHS FOUNDATION TRUST,7025,0,3290,247,0,61,3560,0,158,95,0,2,728,680,1807,0,0,131,10315,3718,63.96,1
2025-03-01,RX1,NHS ENGLAND MIDLANDS ,NOTTINGHAM UNIVERSITY HOSPITALS NHS TRUST,13574,1817,567,0,0,0,7275,82,141,0,0,0,210,533,4380,184,0,4583,15958,7498,53.01,1
2025-03-01,RXQ,NHS ENGLAND SOUTH EAST ,BUCKINGHAMSHIRE HEALTHCARE NHS TRUST,11141,1232,3618,5,0,4,3293,0,89,0,0,0,245,260,4044,677,0,2216,15991,3382,78.85,1
2025-03-01,RY4,NHS ENGLAND EAST OF ENGLAND ,HERTFORDSHIRE COMMUNITY NHS TRUST,0,0,1223,0,0,0,0,0,38,0,0,0,0,0,0,0,0,0,1223,38,96.89,0
2025-03-01,RYR,NHS ENGLAND SOUTH EAST ,UNIVERSITY HOSPITALS SUSSEX NHS FOUNDATION TRUST,26658,1483,2059,1774,0,645,10030,39,231,476,0,4,817,912,8684,23,89,1565,30200,10300,65.89,1
2025-03-01,AD913,NHS ENGLAND LONDON,BECKENHAM BEACON UCC,0,0,3752,0,0,337,0,0,11,0,0,0,0,0,0,0,0,0,3752,11,99.71,0
2025-03-01,ARN03,NHS ENGLAND NORTH EAST AND YORKSHIRE ,LOCAL CARE DIRECT,0,0,2260,0,0,192,0,0,9,0,0,0,0,0,0,0,0,0,2260,9,99.6,0
2025-03-01,NNF09,NHS ENGLAND NORTH EAST AND YORKSHIRE ,BRANSHOLME HEALTH CENTRE,0,0,3661,0,0,0,0,0,575,0,0,0,0,0,0,0,0,0,3661,575,84.29,1
2025-03-01,NNF16,NHS ENGLAND NORTH EAST AND YORKSHIRE ,BRIDLINGTON HOSPITAL,0,0,1464,0,0,0,0,0,63,0,0,0,0,0,0,0,0,0,1464,63,95.7,0
2025-03-01,NNF94,NHS ENGLAND NORTH EAST AND YORKSHIRE ,EAST RIDING COMMUNITY HOSPITAL,0,0,2943,0,0,0,0,0,287,0,0,0,0,0,0,0,0,0,2943,287,90.25,1
2025-03-01,NNFA7,NHS ENGLAND NORTH EAST AND YORKSHIRE ,GOOLE & DISTRICT HOSPITAL,0,0,1680,0,0,0,0,0,20,0,0,0,0,0,0,0,0,0,1680,20,98.81,0
2025-03-01,NNJ07,NHS ENGLAND MIDLANDS ,LOUGHBOROUGH URGENT CARE CENTRE,0,0,5526,0,0,2646,0,0,24,0,0,4,0,0,0,0,0,0,5526,24,99.57,0
2025-03-01,NNJ0H,NHS ENGLAND MIDLANDS ,LLR EA - THE MERLYN VAZ HEALTH & SOCIAL CARE CENTRE,0,0,204,0,0,2208,0,0,0,0,0,0,0,0,0,0,0,0,204,0,100.0,0
2025-03-01,NNJ12,NHS ENGLAND MIDLANDS ,MARKET HARBOROUGH,0,0,112,0,0,469,0,0,0,0,0,0,0,0,0,0,0,0,112,0,100.0,0
2025-03-01,NNJ13,NHS ENGLAND MIDLANDS ,MELTON MOWBRAY,0,0,53,0,0,398,0,0,0,0,0,0,0,0,0,0,0,0,53,0,100.0,0
2025-03-01,NNJ14,NHS ENGLAND MIDLANDS ,OADBY,0,0,512,0,0,3338,0,0,0,0,0,0,0,0,0,0,0,0,512,0,100.0,0
2025-03-01,NNJ15,NHS ENGLAND MIDLANDS ,OAKHAM,0,0,52,0,0,354,0,0,0,0,0,0,0,0,0,0,0,0,52,0,100.0,0
2025-03-01,NNJ,NHS ENGLAND MIDLANDS ,DHU HEALTH CARE C.I.C,0,0,2055,0,0,0,0,0,0,0,0,0,0,0,0,0,0,0,2055,0,100.0,0
2025-03-01,R0A,NHS ENGLAND NORTH WEST ,MANCHESTER UNIVERSITY NHS FOUNDATION TRUST,25292,3094,11779,3692,448,1059,9920,129,496,1196,25,69,2871,101,5886,148,165,429,40165,10545,73.75,1
2025-03-01,R0D,NHS ENGLAND SOUTH WEST ,UNIVERSITY HOSPITALS DORSET NHS FOUNDATION TRUST,13702,0,5527,0,0,0,5364,0,0,0,0,0,1086,288,4209,4,0,2508,19229,5364,72.1,1
2025-03-01,RA2,NHS ENGLAND SOUTH EAST ,ROYAL SURREY COUNTY HOSPITAL NHS FOUNDATION TRUST,6924,0,1650,856,0,12,2088,0,1,192,0,0,267,2,2583,0,0,1108,8574,2089,75.64,1
2025-03-01,RAJ,NHS ENGLAND EAST OF ENGLAND ,MID AND SOUTH ESSEX NHS FOUNDATION TRUST,31792,0,3961,13,0,5,11578,0,311,4,0,0,2555,627,8531,0,174,1285,35753,11889,66.75,1
2025-03-01,RBD,NHS ENGLAND SOUTH WEST ,DORSET COUNTY HOSPITAL NHS FOUNDATION TRUST,4111,0,0,403,0,4529,1328,0,0,79,0,9,182,66,1881,0,0,610,4111,1328,67.7,1
2025-03-01,RBK,NHS ENGLAND MIDLANDS ,WALSALL HEALTHCARE NHS TRUST,9286,0,4564,53,0,147,3339,0,114,17,0,0,957,312,3856,0,0,817,13850,3453,75.07,1
2025-03-01,RCU,NHS ENGLAND NORTH EAST AND YORKSHIRE ,SHEFFIELD CHILDREN'S NHS FOUNDATION TRUST,4859,0,425,322,0,24,499,0,0,32,0,0,7,0,1106,0,0,75,5284,499,90.56,1
2025-03-01,RH5,NHS ENGLAND SOUTH WEST ,SOMERSET NHS FOUNDATION TRUST,13097,0,9956,0,0,0,6180,0,229,0,0,0,422,86,3118,0,0,1840,23053,6409,72.2,1
2025-03-01,RHQ,NHS ENGLAND NORTH EAST AND YORKSHIRE ,SHEFFIELD TEACHING HOSPITALS NHS FOUNDATION TRUST,9031,1210,7023,423,0,1322,4657,0,247,190,0,19,1002,5,3814,0,0,3186,17264,4904,71.59,1
2025-03-01,RJC,NHS ENGLAND MIDLANDS ,SOUTH WARWICKSHIRE UNIVERSITY NHS FOUNDATION TRUST,8483,0,378,0,0,0,2732,0,0,0,0,0,474,47,2303,0,0,877,8861,2732,69.17,1
2025-03-01,RJL,NHS ENGLAND NORTH EAST AND YORKSHIRE ,NORTHERN LINCOLNSHIRE AND GOOLE NHS FOUNDATION TRUST,9197,0,7423,0,0,355,4766,0,66,0,0,4,676,653,5717,0,0,498,16620,4832,70.93,1
2025-03-01,RKE,NHS ENGLAND LONDON,WHITTINGTON HEALTH NHS TRUST,9282,0,0,0,0,0,2600,0,0,0,0,0,268,71,1364,0,0,39,9282,2600,71.99,1
2025-03-01,RN3,NHS ENGLAND SOUTH WEST ,GREAT WESTERN HOSPITALS NHS FOUNDATION TRUST,5662,0,5652,0,0,0,2928,0,458,0,0,0,547,323,2450,0,0,1391,11314,3386,70.07,1
2025-03-01,RNA,NHS ENGLAND MIDLANDS ,THE DUDLEY GROUP NHS FOUNDATION TRUST,10115,0,4514,0,0,708,2893,0,99,0,0,0,1960,112,3716,0,0,2467,14629,2992,79.55,1
2025-03-01,RNN,NHS ENGLAND NORTH EAST AND YORKSHIRE ,NORTH CUMBRIA INTEGRATED CARE NHS FOUNDATION TRUST,8917,0,1932,320,0,25,3886,0,25,81,0,0,589,482,2440,0,0,735,10849,3911,63.95,1
2025-03-01,RNQ,NHS ENGLAND MIDLANDS ,KETTERING GENERAL HOSPITAL NHS FOUNDATION TRUST,10262,0,8943,342,0,0,3696,0,174,0,0,0,413,891,1799,0,0,294,19205,3870,79.85,1
2025-03-01,RNS,NHS ENGLAND MIDLANDS ,NORTHAMPTON GENERAL HOSPITAL NHS TRUST,9114,526,2305,1356,1,298,3851,15,235,521,0,33,662,674,2348,0,0,891,11945,4101,65.67,1
2025-03-01,RNZ,NHS ENGLAND SOUTH WEST ,SALISBURY NHS FOUNDATION TRUST,4750,312,1873,155,0,0,2002,0,0,55,0,0,467,43,1242,0,0,1090,6935,2002,71.13,1
2025-03-01,RQ3,NHS ENGLAND MIDLANDS ,BIRMINGHAM WOMEN'S AND CHILDREN'S NHS FOUNDATION TRUST,5330,0,0,0,0,0,656,0,0,0,0,0,0,7,1091,0,0,151,5330,656,87.69,1
2025-03-01,RR8,NHS ENGLAND NORTH EAST AND YORKSHIRE ,LEEDS TEACHING HOSPITALS NHS TRUST,18011,741,12762,12,0,60,6490,0,51,4,0,0,1716,299,3721,0,0,1180,31514,6541,79.24,1
2025-03-01,RRK,NHS ENGLAND MIDLANDS ,UNIVERSITY HOSPITALS BIRMINGHAM NHS FOUNDATION TRUST,34819,357,1914,0,0,212,13817,0,70,0,0,4,2859,1690,10425,0,0,7034,37090,13887,62.56,1
2025-03-01,RTF,NHS ENGLAND NORTH EAST AND YORKSHIRE ,NORTHUMBRIA HEALTHCARE NHS FOUNDATION TRUST,10277,0,13291,0,0,0,2532,0,6,0,0,0,35,0,4278,0,18,473,23568,2538,89.23,1
2025-03-01,RTH,NHS ENGLAND SOUTH EAST ,OXFORD UNIVERSITY HOSPITALS NHS FOUNDATION TRUST,12850,1830,2085,1708,0,114,5248,0,7,607,0,3,768,3,4670,109,10,4539,16765,5255,68.65,1
2025-03-01,RTX,NHS ENGLAND NORTH WEST ,UNIVERSITY HOSPITALS OF MORECAMBE BAY NHS FOUNDATION TRUST,9464,0,2828,156,0,1709,3798,0,81,14,0,47,735,544,3127,0,28,1062,12292,3879,68.44,1
2025-03-01,RVW,NHS ENGLAND NORTH EAST AND YORKSHIRE ,NORTH TEES AND HARTLEPOOL NHS FOUNDATION TRUST,5014,0,11944,0,0,0,2394,0,47,0,0,0,164,8,1715,0,566,2543,16958,2441,85.61,1
2025-03-01,RWH,NHS ENGLAND EAST OF ENGLAND ,EAST AND NORTH HERTFORDSHIRE NHS TRUST,9225,0,8769,0,0,0,4607,0,109,0,0,0,237,170,2849,0,3,228,17994,4716,73.79,1
2025-03-01,RXK,NHS ENGLAND MIDLANDS ,SANDWELL AND WEST BIRMINGHAM HOSPITALS NHS TRUST,11411,1150,8616,496,0,0,4749,133,328,206,0,0,819,231,2710,0,0,543,21177,5210,75.4,1
2025-03-01,RXP,NHS ENGLAND NORTH EAST AND YORKSHIRE ,COUNTY DURHAM AND DARLINGTON NHS FOUNDATION TRUST,13515,0,4188,0,0,8045,5213,0,0,0,0,0,1831,13,4479,0,0,783,17703,5213,70.55,1
2025-03-01,RXW,NHS ENGLAND MIDLANDS ,THE SHREWSBURY AND TELFORD HOSPITAL NHS TRUST,11111,0,2873,0,0,0,6350,0,295,0,0,0,440,1390,3147,0,220,2165,13984,6645,52.48,1
2025-03-01,A5D4Q,NHS ENGLAND MIDLANDS ,NEMS UTC,0,0,3681,0,0,0,0,0,1464,0,0,0,0,0,0,0,0,0,3681,1464,60.23,1
2025-03-01,R1D,NHS ENGLAND MIDLANDS ,SHROPSHIRE COMMUNITY HEALTH NHS TRUST,0,0,3251,0,0,0,0,0,6,0,0,0,0,0,0,0,0,0,3251,6,99.82,0
2025-03-01,R1K,NHS ENGLAND LONDON,LONDON NORTH WEST UNIVERSITY HEALTHCARE NHS TRUST,14125,0,15651,0,0,0,6324,0,194,0,0,0,634,367,6751,0,0,336,29776,6518,78.11,1
2025-03-01,RAE,NHS ENGLAND NORTH EAST AND YORKSHIRE ,BRADFORD TEACHING HOSPITALS NHS FOUNDATION TRUST,9248,1045,3252,0,0,0,2305,0,3,0,0,0,687,97,2612,0,35,1429,13545,2308,82.96,1
2025-03-01,RAL,NHS ENGLAND LONDON,ROYAL FREE LONDON NHS FOUNDATION TRUST,25381,537,16637,186,4,231,9755,6,942,97,0,30,1202,1838,4698,0,51,779,42555,10703,74.85,1
2025-03-01,RC9,NHS ENGLAND EAST OF ENGLAND ,BEDFORDSHIRE HOSPITALS NHS FOUNDATION TRUST,17026,0,8548,0,0,1051,7473,0,0,0,0,0,0,9,4678,0,0,2325,25574,7473,70.78,1
2025-03-01,RCB,NHS ENGLAND NORTH EAST AND YORKSHIRE ,YORK AND SCARBOROUGH TEACHING HOSPITALS NHS FOUNDATION TRUST,10854,333,7214,0,0,0,6123,0,302,0,0,0,816,539,4796,0,0,1599,18401,6425,65.08,1
2025-03-01,REM,NHS ENGLAND NORTH WEST ,LIVERPOOL UNIVERSITY HOSPITALS NHS FOUNDATION TRUST,15869,1842,8129,407,0,0,8008,120,335,60,0,0,1975,982,4562,0,0,2461,25840,8463,67.25,1
2025-03-01,RFS,NHS ENGLAND MIDLANDS ,CHESTERFIELD ROYAL HOSPITAL NHS FOUNDATION TRUST,6919,0,6764,503,0,149,3582,0,403,179,0,20,823,167,2725,0,289,696,13683,3985,70.88,1
2025-03-01,RGN,NHS ENGLAND EAST OF ENGLAND ,NORTH WEST ANGLIA NHS FOUNDATION TRUST,14928,0,4678,360,0,463,6416,0,197,96,0,14,482,889,3714,0,32,1592,19606,6613,66.27,1
2025-03-01,RGT,NHS ENGLAND EAST OF ENGLAND ,CAMBRIDGE UNIVERSITY HOSPITALS NHS FOUNDATION TRUST,10973,0,6235,309,0,300,4869,0,123,88,0,12,613,417,2764,0,35,436,17208,4992,70.99,1
2025-03-01,RHM,NHS ENGLAND SOUTH EAST ,UNIVERSITY HOSPITAL SOUTHAMPTON NHS FOUNDATION TRUST,11829,1243,0,138,0,0,5075,144,0,46,0,0,628,10,3886,9,0,1645,13072,5219,60.07,1
2025-03-01,RHW,NHS ENGLAND SOUTH EAST ,ROYAL BERKSHIRE NHS FOUNDATION TRUST,12163,2341,2157,1038,26,0,4873,21,0,342,0,0,730,33,2255,2,0,423,16661,4894,70.63,1
2025-03-01,RJ2,NHS ENGLAND LONDON,LEWISHAM AND GREENWICH NHS TRUST,15526,0,10605,0,0,0,8134,0,817,0,0,0,1318,854,5027,0,0,1262,26131,8951,65.75,1
2025-03-01,RJ7,NHS ENGLAND LONDON,ST GEORGE'S UNIVERSITY HOSPITALS NHS FOUNDATION TRUST,9283,0,3515,558,0,0,2117,0,0,68,0,0,401,780,2738,0,0,793,12798,2117,83.46,1
2025-03-01,RJN,NHS ENGLAND NORTH WEST ,EAST CHESHIRE NHS TRUST,4450,0,0,74,0,60,2223,0,0,0,0,0,132,470,754,0,0,205,4450,2223,50.04,1
2025-03-01,RK5,NHS ENGLAND MIDLANDS ,SHERWOOD FOREST HOSPITALS NHS FOUNDATION TRUST,11381,0,6091,396,0,169,3800,0,538,138,0,2,479,63,3904,0,2,303,17472,4338,75.17,1
2025-03-01,RK9,NHS ENGLAND SOUTH WEST ,UNIVERSITY HOSPITALS PLYMOUTH NHS TRUST,9353,130,5705,0,0,0,5004,0,193,0,0,0,411,735,2827,0,0,1502,15188,5197,65.78,1
2025-03-01,RLT,NHS ENGLAND MIDLANDS ,GEORGE ELIOT HOSPITAL NHS TRUST,7182,0,1690,0,0,0,2920,0,65,0,0,0,453,338,1093,0,0,1,8872,2985,66.35,1
2025-03-01,RM1,NHS ENGLAND EAST OF ENGLAND ,NORFOLK AND NORWICH UNIVERSITY HOSPITALS NHS FOUNDATION TRUST,12804,0,8381,0,0,0,3867,0,0,0,0,0,914,255,2482,0,0,1599,21185,3867,81.75,1
2025-03-01,RM3,NHS ENGLAND NORTH WEST ,NORTHERN CARE ALLIANCE NHS FOUNDATION TRUST,25828,0,8886,0,0,0,10445,0,401,0,0,0,1061,1306,7203,0,298,2067,34714,10846,68.76,1
2025-03-01,RN5,NHS ENGLAND SOUTH EAST ,HAMPSHIRE HOSPITALS NHS FOUNDATION TRUST,11387,73,3523,0,0,107,4962,0,150,0,0,0,299,52,4215,9,36,1388,14983,5112,65.88,1
2025-03-01,RN7,NHS ENGLAND SOUTH EAST ,DARTFORD AND GRAVESHAM NHS TRUST,11705,0,4168,0,0,0,3694,0,17,0,0,0,546,407,3244,0,0,458,15873,3711,76.62,1
2025-03-01,RP5,NHS ENGLAND NORTH EAST AND YORKSHIRE ,DONCASTER AND BASSETLAW TEACHING HOSPITALS NHS FOUNDATION TRUST,14073,0,4384,0,0,0,4642,0,21,0,0,0,965,118,3831,0,429,1055,18457,4663,74.74,1
2025-03-01,RQM,NHS ENGLAND LONDON,CHELSEA AND WESTMINSTER HOSPITAL NHS FOUNDATION TRUST,20043,0,6486,626,0,0,5353,0,102,0,0,0,933,55,2869,0,0,307,26529,5455,79.44,1
2025-03-01,RTD,NHS ENGLAND NORTH EAST AND YORKSHIRE ,THE NEWCASTLE UPON TYNE HOSPITALS NHS FOUNDATION TRUST,12877,1781,5416,0,0,1188,4559,215,1,0,0,0,525,37,3769,22,0,2861,20074,4775,76.21,1
2025-03-01,RTE,NHS ENGLAND SOUTH WEST ,GLOUCESTERSHIRE HOSPITALS NHS FOUNDATION TRUST,13604,0,0,165,0,0,5355,0,0,51,0,0,377,459,2713,0,0,2398,13604,5355,60.64,1
2025-03-01,RTQ,NHS ENGLAND SOUTH WEST ,GLOUCESTERSHIRE HEALTH AND CARE NHS FOUNDATION TRUST,0,0,8527,0,0,0,0,0,126,0,0,0,0,0,0,0,0,32,8527,126,98.52,0
2025-03-01,RVJ,NHS ENGLAND SOUTH WEST ,NORTH BRISTOL NHS TRUST,9208,0,0,7,0,0,3568,0,0,0,0,0,538,407,2661,0,0,2225,9208,3568,61.25,1
2025-03-01,RWA,NHS ENGLAND NORTH EAST AND YORKSHIRE ,HULL UNIVERSITY TEACHING HOSPITALS NHS TRUST,9198,0,5279,0,0,0,5401,0,606,0,0,0,1010,536,3486,0,0,2346,14477,6007,58.51,1
2025-03-01,RWD,NHS ENGLAND MIDLANDS ,UNITED LINCOLNSHIRE TEACHING HOSPITALS NHS TRUST,16558,0,3931,0,0,0,5812,0,417,0,0,0,1074,573,4894,0,0,1137,20489,6229,69.6,1
2025-03-01,RXC,NHS ENGLAND SOUTH EAST ,EAST SUSSEX HEALTHCARE NHS TRUST,8795,0,2736,1486,0,1857,4198,0,100,0,0,0,188,92,3004,0,0,501,11531,4298,62.73,1
2025-03-01,RXF,NHS ENGLAND NORTH EAST AND YORKSHIRE ,MID YORKSHIRE TEACHING NHS TRUST,17104,154,6184,124,0,84,6472,0,508,3,0,2,2036,277,3671,0,179,909,23442,6980,70.22,1
2025-03-01,RXN,NHS ENGLAND NORTH WEST ,LANCASHIRE TEACHING HOSPITALS NHS FOUNDATION TRUST,12058,0,3351,279,0,90,4668,0,164,47,0,1,1015,418,2420,0,92,1119,15409,4832,68.64,1
2025-03-01,RYJ,NHS ENGLAND LONDON,IMPERIAL COLLEGE HEALTHCARE NHS TRUST,12089,3928,7269,0,0,437,5333,45,349,0,0,0,650,387,3707,1,0,1110,23286,5727,75.41,1
2025-03-01,RYX,NHS ENGLAND LONDON,CENTRAL LONDON COMMUNITY HEALTHCARE NHS TRUST,0,0,12768,0,0,581,0,0,404,0,0,12,0,0,0,0,0,0,12768,404,96.84,0
2025-03-01,R1F,NHS ENGLAND SOUTH EAST ,ISLE OF WIGHT NHS TRUST,4266,329,1425,24,0,13,1979,0,0,4,0,0,302,186,1287,0,0,88,6020,1979,67.13,1
2025-03-01,R1H,NHS ENGLAND LONDON,BARTS HEALTH NHS TRUST,25830,973,18069,0,0,0,11735,53,1279,0,0,0,1242,990,4556,0,46,1117,44872,13067,70.88,1
2025-03-01,RBL,NHS ENGLAND NORTH WEST ,WIRRAL UNIVERSITY TEACHING HOSPITAL NHS FOUNDATION TRUST,7845,0,3322,0,0,188,4141,0,149,0,0,9,412,893,2155,0,0,1605,11167,4290,61.58,1
2025-03-01,RBN,NHS ENGLAND NORTH WEST ,MERSEY AND WEST LANCASHIRE TEACHING HOSPITALS NHS TRUST,17832,0,7558,478,0,0,6436,0,147,70,0,0,652,363,8282,0,0,679,25390,6583,74.07,1
2025-03-01,RBS,NHS ENGLAND NORTH WEST ,ALDER HEY CHILDREN'S NHS FOUNDATION TRUST,6446,0,0,0,0,0,1301,0,0,0,0,0,4,0,831,0,0,297,6446,1301,79.82,1
2025-03-01,RD1,NHS ENGLAND SOUTH WEST ,ROYAL UNITED HOSPITALS BATH NHS FOUNDATION TRUST,8762,0,0,0,0,0,3632,0,0,0,0,0,829,163,2580,0,3,1844,8762,3632,58.55,1
2025-03-01,RDR,NHS ENGLAND SOUTH EAST ,SUSSEX COMMUNITY NHS FOUNDATION TRUST,0,0,12570,0,0,0,0,0,121,0,0,0,0,0,0,0,0,0,12570,121,99.04,0
2025-03-01,RF4,NHS ENGLAND LONDON,"BARKING, HAVERING AND REDBRIDGE UNIVERSITY HOSPITALS NHS TRUST",13687,2482,15017,0,0,0,6204,385,151,0,0,0,695,928,8016,0,0,415,31186,6740,78.39,1
2025-03-01,RH8,NHS ENGLAND SOUTH WEST ,ROYAL DEVON UNIVERSITY HEALTHCARE NHS FOUNDATION TRUST,12632,0,4261,1327,0,72,5510,0,23,540,0,2,1473,215,3437,0,0,1943,16893,5533,67.25,1
2025-03-01,RHU,NHS ENGLAND SOUTH EAST ,PORTSMOUTH HOSPITALS UNIVERSITY NATIONAL HEALTH SERVICE TRUST,11155,838,3281,1309,0,816,4645,13,71,485,0,10,1316,348,3172,0,0,2611,15274,4729,69.04,1
2025-03-01,RPA,NHS ENGLAND SOUTH EAST ,MEDWAY NHS FOUNDATION TRUST,9157,0,6942,262,0,1214,3152,0,747,68,0,0,351,688,1903,0,0,493,16099,3899,75.78,1
2025-03-01,RRF,NHS ENGLAND NORTH WEST ,"WRIGHTINGTON, WIGAN AND LEIGH NHS FOUNDATION TRUST",6924,0,5866,0,0,0,3509,0,109,0,0,0,1146,475,2391,0,0,661,12790,3618,71.71,1
2025-03-01,RVR,NHS ENGLAND LONDON,EPSOM AND ST HELIER UNIVERSITY HOSPITALS NHS TRUST,11405,328,1497,455,0,33,3371,0,108,69,0,1,253,706,1911,3,0,188,13230,3479,73.7,1
2025-03-01,RWJ,NHS ENGLAND NORTH WEST ,STOCKPORT NHS FOUNDATION TRUST,8213,0,1240,314,0,1334,3239,0,81,119,0,4,801,292,2843,0,82,956,9453,3320,64.88,1
2025-03-01,RWX,NHS ENGLAND SOUTH EAST ,BERKSHIRE HEALTHCARE NHS FOUNDATION TRUST,0,0,1479,0,0,0,0,0,8,0,0,0,0,0,0,0,19,0,1479,8,99.46,0
2025-03-01,RAS,NHS ENGLAND LONDON,THE HILLINGDON HOSPITALS NHS FOUNDATION TRUST,6236,0,6892,0,0,0,3123,0,56,0,0,0,766,69,1883,0,0,57,13128,3179,75.78,1
2025-03-01,RJ1,NHS ENGLAND LONDON,GUY'S AND ST THOMAS' NHS FOUNDATION TRUST,10247,727,7130,0,0,0,3568,12,199,0,0,0,119,71,2054,0,0,220,18104,3779,79.13,1
2024-05-01,AAH,NHS ENGLAND SOUTH WEST ,TETBURY HOSPITAL TRUST LTD,0,0,620,0,0,0,0,0,0,0,0,0,0,0,0,0,0,0,620,0,100.0,0
2024-05-01,NTV0B,NHS ENGLAND SOUTH EAST ,ASHFORD WALK-IN-CENTRE,0,0,2435,0,0,0,0,0,171,0,0,0,0,0,0,0,0,0,2435,171,92.98,1
2024-05-01,NTV0W,NHS ENGLAND SOUTH EAST ,WOKING WALK IN CENTRE,0,0,2505,0,0,0,0,0,90,0,0,0,0,0,0,0,0,0,2505,90,96.41,0
2024-05-01,RK9,NHS ENGLAND SOUTH WEST ,UNIVERSITY HOSPITALS PLYMOUTH NHS TRUST,9272,138,5335,0,0,0,5108,0,245,0,0,0,697,603,2960,0,0,1243,14745,5353,63.7,1
2024-05-01,RY5,NHS ENGLAND MIDLANDS ,LINCOLNSHIRE COMMUNITY HEALTH SERVICES NHS TRUST,0,0,8846,0,0,0,0,0,351,0,0,0,0,0,0,0,0,0,8846,351,96.03,0
2024-05-01,RYF,NHS ENGLAND SOUTH WEST ,SOUTH WESTERN AMBULANCE SERVICE NHS FOUNDATION TRUST,0,0,1784,0,0,10,0,0,145,0,0,0,0,0,0,0,0,0,1784,145,91.87,1
2024-05-01,Y02428,NHS ENGLAND EAST OF ENGLAND ,PUTNOE WALK IN CENTRE,0,0,3181,0,0,0,0,0,0,0,0,0,0,0,0,0,0,0,3181,0,100.0,0
2024-05-01,Y02615,NHS ENGLAND MIDLANDS ,SOUTH BIRMINGHAM GP WALK IN CENTRE,0,0,6835,0,0,0,0,0,0,0,0,0,0,0,0,0,0,0,6835,0,100.0,0
2024-05-01,ACH01,NHS ENGLAND SOUTH EAST ,WHITSTABLE MEDICAL PRACTICE,0,0,4668,0,0,0,0,0,0,0,0,0,0,0,0,0,0,0,4668,0,100.0,0
2024-05-01,AD913,NHS ENGLAND LONDON,BECKENHAM BEACON UCC,0,0,3999,0,0,187,0,0,34,0,0,0,0,0,0,0,0,0,3999,34,99.15,0
2024-05-01,AQN04,NHS ENGLAND SOUTH EAST ,PHL LYMINGTON UTC,0,0,3021,0,0,20,0,0,13,0,0,0,0,0,0,0,0,0,3021,13,99.57,0
2024-05-01,AXG,NHS ENGLAND SOUTH WEST ,WILTSHIRE HEALTH & CARE,0,0,2691,0,0,0,0,0,63,0,0,0,0,0,0,0,0,0,2691,63,97.66,0
2024-05-01,C82038,NHS ENGLAND MIDLANDS ,LATHAM HOUSE MEDICAL PRACTICE,0,0,335,0,0,0,0,0,0,0,0,0,0,0,0,0,0,0,335,0,100.0,0
2024-05-01,G0Q0L,NHS ENGLAND LONDON,BARKING HOSPITAL UTC,0,0,2969,0,0,0,0,0,16,0,0,0,0,0,0,0,0,0,2969,16,99.46,0
2024-05-01,K6K0R,NHS ENGLAND LONDON,HAROLD WOOD POLYCLINIC UTC,0,0,3114,0,0,0,0,0,11,0,0,0,0,0,0,0,0,0,3114,11,99.65,0
2024-05-01,L83087,NHS ENGLAND SOUTH WEST ,OKEHAMPTON MEDICAL CENTRE,0,0,76,0,0,0,0,0,0,0,0,0,0,0,0,0,0,0,76,0,100.0,0
2024-05-01,NLX,NHS ENGLAND SOUTH WEST ,SIRONA CARE & HEALTH,0,0,8802,0,0,234,0,0,671,0,0,58,0,0,0,0,0,0,8802,671,92.38,1
2024-05-01,NQT5F,NHS ENGLAND NORTH WEST ,SKELMERSDALE WALK IN CENTRE,0,0,1952,0,0,0,0,0,6,0,0,0,0,0,0,0,0,0,1952,6,99.69,0
2024-05-01,NQT5H,NHS ENGLAND SOUTH WEST ,PAULTON MEMORIAL HOSPITAL,0,0,1032,0,0,0,0,0,10,0,0,0,0,0,0,0,0,0,1032,10,99.03,0
2024-05-01,RLQ,NHS ENGLAND MIDLANDS ,WYE VALLEY NHS TRUST,6533,1179,0,167,0,0,2484,0,0,31,0,0,465,318,2035,0,0,690,7712,2484,67.79,1
2024-05-01,RQ3,NHS ENGLAND MIDLANDS ,BIRMINGHAM WOMEN'S AND CHILDREN'S NHS FOUNDATION TRUST,5569,0,0,0,0,0,1208,0,0,0,0,0,0,6,1079,0,0,212,5569,1208,78.31,1
2024-05-01,RW1,NHS ENGLAND SOUTH EAST ,SOUTHERN HEALTH NHS FOUNDATION TRUST,0,0,3163,0,0,0,0,0,93,0,0,0,0,0,0,0,0,136,3163,93,97.06,0
2024-05-01,RWY,NHS ENGLAND NORTH EAST AND YORKSHIRE ,CALDERDALE AND HUDDERSFIELD NHS FOUNDATION TRUST,16416,0,0,0,0,0,5090,0,0,0,0,0,1143,1,2999,0,0,313,16416,5090,68.99,1
2024-05-01,RXL,NHS ENGLAND NORTH WEST ,BLACKPOOL TEACHING HOSPITALS NHS FOUNDATION TRUST,9230,0,10889,302,0,317,4047,0,67,96,0,0,398,707,2570,0,0,1638,20119,4114,79.55,1
2024-05-01,DT301,NHS ENGLAND EAST OF ENGLAND ,HERTS URGENT CARE (ASCOTS LANE),0,0,2489,0,0,0,0,0,68,0,0,0,0,0,0,0,0,0,2489,68,97.27,0
2024-05-01,NL7,NHS ENGLAND MIDLANDS ,ASSURA VERTIS URGENT CARE CENTRES (BIRMINGHAM),0,0,4727,0,0,0,0,0,0,0,0,0,0,0,0,0,0,0,4727,0,100.0,0
2024-05-01,NQTE4,NHS ENGLAND MIDLANDS ,SUMMERFIELD URGENT CARE CENTRE,0,0,3478,0,0,0,0,0,0,0,0,0,0,0,0,0,0,0,3478,0,100.0,0
2024-05-01,RAX,NHS ENGLAND LONDON,KINGSTON HOSPITAL NHS FOUNDATION TRUST,7329,0,8787,0,0,0,3590,0,331,0,0,0,143,486,1996,0,209,677,16116,3921,75.67,1
2024-05-01,RNU,NHS ENGLAND SOUTH EAST ,OXFORD HEALTH NHS FOUNDATION TRUST,0,0,4484,0,0,0,0,0,464,0,0,0,0,0,0,0,0,0,4484,464,89.65,1
2024-05-01,RPC,NHS ENGLAND SOUTH EAST ,QUEEN VICTORIA HOSPITAL NHS FOUNDATION TRUST,0,0,1618,0,0,0,0,0,17,0,0,0,0,0,0,0,5,630,1618,17,98.95,0
2024-05-01,RWA,NHS ENGLAND NORTH EAST AND YORKSHIRE ,HULL UNIVERSITY TEACHING HOSPITALS NHS TRUST,9392,0,5089,0,0,0,4986,0,643,0,0,0,1046,360,3462,0,0,1839,14481,5629,61.13,1
2024-05-01,C83023,NHS ENGLAND MIDLANDS ,SLEAFORD MEDICAL GROUP,0,0,605,0,0,0,0,0,0,0,0,0,0,0,0,0,0,18,605,0,100.0,0
2024-05-01,RC9,NHS ENGLAND EAST OF ENGLAND ,BEDFORDSHIRE HOSPITALS NHS FOUNDATION TRUST,16836,0,8529,0,0,1115,6466,0,0,0,0,0,82,27,4730,0,0,2314,25365,6466,74.51,1
2024-05-01,RCX,NHS ENGLAND EAST OF ENGLAND ,"THE QUEEN ELIZABETH HOSPITAL, KING'S LYNN, NHS FOUNDATION TRUST",6910,0,1234,14,0,0,2168,0,0,4,0,0,319,97,2395,0,0,711,8144,2168,73.38,1
2024-05-01,RFF,NHS ENGLAND NORTH EAST AND YORKSHIRE ,BARNSLEY HOSPITAL NHS FOUNDATION TRUST,8850,0,0,426,0,0,2688,0,0,0,0,0,323,0,2968,0,0,550,8850,2688,69.63,1
2024-05-01,RJR,NHS ENGLAND NORTH WEST ,COUNTESS OF CHESTER HOSPITAL NHS FOUNDATION TRUST,5418,0,2120,0,0,0,2846,0,185,0,0,0,291,706,1670,0,0,1246,7538,3031,59.79,1
2024-05-01,RR7,NHS ENGLAND NORTH EAST AND YORKSHIRE ,GATESHEAD HEALTH NHS FOUNDATION TRUST,5873,0,4098,28,0,3,2726,0,61,12,0,0,954,4,1653,0,0,53,9971,2787,72.05,1
2024-05-01,RWG,NHS ENGLAND EAST OF ENGLAND ,WEST HERTFORDSHIRE TEACHING HOSPITALS NHS TRUST,8347,0,8188,0,0,864,3113,0,401,0,0,0,800,1,4007,0,0,560,16535,3514,78.75,1
2024-05-01,Y02147,NHS ENGLAND LONDON,URGENT CARE CENTRE (QMS),0,0,8154,0,0,612,0,0,352,0,0,6,0,0,0,0,0,0,8154,352,95.68,0
2024-05-01,NQT51,NHS ENGLAND SOUTH EAST ,STATION PLAZA HEALTH CENTRE,0,0,1076,0,0,0,0,0,0,0,0,0,0,0,0,0,0,0,1076,0,100.0,0
2024-05-01,NR3,NHS ENGLAND MIDLANDS ,NOTTINGHAM CITYCARE PARTNERSHIP,0,0,5649,0,0,268,0,0,412,0,0,0,0,0,0,0,0,0,5649,412,92.71,1
2024-05-01,RGP,NHS ENGLAND EAST OF ENGLAND ,JAMES PAGET UNIVERSITY HOSPITALS NHS FOUNDATION TRUST,7644,0,1449,116,0,0,3127,0,0,39,0,0,621,412,1661,0,0,417,9093,3127,65.61,1
2024-05-01,RNS,NHS ENGLAND MIDLANDS ,NORTHAMPTON GENERAL HOSPITAL NHS TRUST,11615,618,2251,709,0,26,3860,13,81,197,0,1,408,770,1991,0,0,1145,14484,3954,72.7,1
2024-05-01,RQX,NHS ENGLAND LONDON,HOMERTON HEALTHCARE NHS FOUNDATION TRUST,11636,0,0,15,0,0,2328,0,0,0,0,0,207,18,1787,0,0,308,11636,2328,79.99,1
2024-05-01,RRV,NHS ENGLAND LONDON,UNIVERSITY COLLEGE LONDON HOSPITALS NHS FOUNDATION TRUST,13474,0,0,546,0,0,4779,0,0,0,0,0,426,140,1480,0,0,275,13474,4779,64.53,1
2024-05-01,RTQ,NHS ENGLAND SOUTH WEST ,GLOUCESTERSHIRE HEALTH AND CARE NHS FOUNDATION TRUST,0,0,7544,0,0,0,0,0,46,0,0,0,0,0,0,0,0,24,7544,46,99.39,0
2024-05-01,RV9,NHS ENGLAND NORTH EAST AND YORKSHIRE ,HUMBER TEACHING NHS FOUNDATION TRUST,0,0,1243,0,0,46,0,0,18,0,0,0,0,0,0,0,0,0,1243,18,98.55,0
2024-05-01,RXW,NHS ENGLAND MIDLANDS ,THE SHREWSBURY AND TELFORD HOSPITAL NHS TRUST,11073,0,2690,0,0,0,6706,0,390,0,0,0,465,790,2944,0,136,2182,13763,7096,48.44,1
2024-05-01,RYY,NHS ENGLAND SOUTH EAST ,KENT COMMUNITY HEALTH NHS FOUNDATION TRUST,0,0,10818,0,0,0,0,0,44,0,0,0,0,0,0,0,0,0,10818,44,99.59,0
2024-05-01,Y07709,NHS ENGLAND SOUTH EAST ,READING URGENT CARE CENTRE,0,0,2265,0,0,0,0,0,0,0,0,0,0,0,0,0,0,0,2265,0,100.0,0
2024-05-01,C82009,NHS ENGLAND MIDLANDS ,MARKET HARBOROUGH MED.CTR,0,0,374,0,0,0,0,0,0,0,0,0,0,0,0,0,0,0,374,0,100.0,0
2024-05-01,NTP11,NHS ENGLAND SOUTH EAST ,PRACTICE PLUS GROUP HOSPITAL - SOUTHAMPTON,0,0,5916,0,0,0,0,0,366,0,0,0,0,0,0,0,0,0,5916,366,93.81,1
2024-05-01,RAE,NHS ENGLAND NORTH EAST AND YORKSHIRE ,BRADFORD TEACHING HOSPITALS NHS FOUNDATION TRUST,9649,1123,3445,0,0,0,2409,0,0,0,0,0,692,116,2479,0,63,1486,14217,2409,83.06,1
2024-05-01,Y02532,NHS ENGLAND NORTH WEST ,MIRIAM MINOR EMERGENCY,0,0,1682,0,0,0,0,0,12,0,0,0,0,0,0,0,0,0,1682,12,99.29,0
2024-05-01,Y03218,NHS ENGLAND LONDON,THE PINN UNREGISTERED WIC,0,0,892,0,0,0,0,0,0,0,0,0,0,0,0,0,0,0,892,0,100.0,0
2024-05-01,NV693,NHS ENGLAND NORTH WEST ,ROSSENDALE MIU & OOH,0,0,1227,0,0,0,0,0,0,0,0,0,0,0,0,0,0,0,1227,0,100.0,0
2024-05-01,RA2,NHS ENGLAND SOUTH EAST ,ROYAL SURREY COUNTY HOSPITAL NHS FOUNDATION TRUST,6641,0,1451,708,0,10,2310,0,0,215,0,0,390,7,2415,0,0,1118,8092,2310,71.45,1
2024-05-01,RBD,NHS ENGLAND SOUTH WEST ,DORSET COUNTY HOSPITAL NHS FOUNDATION TRUST,4472,0,0,380,0,4478,1774,0,0,116,0,8,225,15,1829,0,0,542,4472,1774,60.33,1
2024-05-01,RDU,NHS ENGLAND SOUTH EAST ,FRIMLEY HEALTH NHS FOUNDATION TRUST,23846,918,11696,0,0,0,10001,1,91,0,0,0,2229,227,6175,0,0,286,36460,10093,72.32,1
2024-05-01,REM,NHS ENGLAND NORTH WEST ,LIVERPOOL UNIVERSITY HOSPITALS NHS FOUNDATION TRUST,16314,1892,8219,497,0,0,7886,176,333,85,0,0,2226,1329,5403,0,0,2573,26425,8395,68.23,1
2024-05-01,RHW,NHS ENGLAND SOUTH EAST ,ROYAL BERKSHIRE NHS FOUNDATION TRUST,12521,2303,0,692,15,0,4363,31,0,202,1,0,690,0,2648,0,0,880,14824,4394,70.36,1
2024-05-01,RNN,NHS ENGLAND NORTH EAST AND YORKSHIRE ,NORTH CUMBRIA INTEGRATED CARE NHS FOUNDATION TRUST,9427,0,2160,345,0,35,4191,0,29,113,0,0,801,592,2460,0,0,786,11587,4220,63.58,1
2024-05-01,RP6,NHS ENGLAND LONDON,MOORFIELDS EYE HOSPITAL NHS FOUNDATION TRUST,0,6053,0,0,0,0,0,155,0,0,0,0,0,0,0,5,0,191,6053,155,97.44,0
2024-05-01,RQW,NHS ENGLAND EAST OF ENGLAND ,THE PRINCESS ALEXANDRA HOSPITAL NHS TRUST,8607,0,2099,0,0,830,4138,0,0,0,0,0,477,129,2166,0,0,411,10706,4138,61.35,1
2024-05-01,RTD,NHS ENGLAND NORTH EAST AND YORKSHIRE ,THE NEWCASTLE UPON TYNE HOSPITALS NHS FOUNDATION TRUST,12756,1661,5174,0,0,976,5565,192,0,0,0,0,616,65,3960,22,0,3012,19591,5757,70.61,1
2024-05-01,RTG,NHS ENGLAND MIDLANDS ,UNIVERSITY HOSPITALS OF DERBY AND BURTON NHS FOUNDATION TRUST,22167,0,10256,507,0,34,9134,0,29,227,0,2,851,876,4332,0,2,2683,32423,9163,71.74,1
2024-05-01,RWF,NHS ENGLAND SOUTH EAST ,MAIDSTONE AND TUNBRIDGE WELLS NHS TRUST,18736,0,2257,724,0,203,3276,0,52,87,0,0,901,27,5193,0,0,1034,20993,3328,84.15,1
2024-05-01,RWP,NHS ENGLAND MIDLANDS ,WORCESTERSHIRE ACUTE HOSPITALS NHS TRUST,13286,0,6397,161,0,12,6643,0,41,58,0,0,955,271,3747,0,0,1479,19683,6684,66.04,1
2024-05-01,RX1,NHS ENGLAND MIDLANDS ,NOTTINGHAM UNIVERSITY HOSPITALS NHS TRUST,16556,1970,333,608,0,0,7908,79,3,264,0,0,878,450,4380,0,0,3970,18859,7990,57.63,1
2024-05-01,RXQ,NHS ENGLAND SOUTH EAST ,BUCKINGHAMSHIRE HEALTHCARE NHS TRUST,10475,1169,3949,0,0,0,3977,0,251,0,0,0,369,148,4150,821,0,1899,15593,4228,72.89,1
2024-05-01,RXR,NHS ENGLAND NORTH WEST ,EAST LANCASHIRE HOSPITALS NHS TRUST,13526,0,11586,0,0,0,4466,0,556,0,0,0,408,1200,3312,0,74,1762,25112,5022,80.0,1
2024-05-01,RY8,NHS ENGLAND MIDLANDS ,DERBYSHIRE COMMUNITY HEALTH SERVICES NHS FOUNDATION TRUST,0,0,6626,0,0,1671,0,0,127,0,0,14,0,0,0,0,0,0,6626,127,98.08,0
2024-05-01,Y02676,NHS ENGLAND SOUTH EAST ,BRIGHTON STATION HEALTH CENTRE,0,0,2012,0,0,0,0,0,0,0,0,0,0,0,0,0,0,0,2012,0,100.0,0
2024-05-01,NNJ,NHS ENGLAND MIDLANDS ,DHU HEALTH CARE C.I.C,0,0,2184,0,0,0,0,0,5,0,0,0,0,0,0,0,0,0,2184,5,99.77,0
2024-05-01,NTPAD,NHS ENGLAND SOUTH EAST ,PRACTICE PLUS GROUP SURGICAL CENTRE - ST MARYS PORTSMOUTH,0,0,5696,0,0,315,0,0,68,0,0,0,0,0,0,0,0,0,5696,68,98.81,0
2024-05-01,R0B,NHS ENGLAND NORTH EAST AND YORKSHIRE ,SOUTH TYNESIDE AND SUNDERLAND NHS FOUNDATION TRUST,11704,1271,6486,514,0,1550,4949,29,103,241,0,21,470,4,4614,18,0,1183,19461,5081,73.89,1
2024-05-01,R0D,NHS ENGLAND SOUTH WEST ,UNIVERSITY HOSPITALS DORSET NHS FOUNDATION TRUST,13855,0,5621,0,0,0,5354,0,0,0,0,0,955,203,4243,4,0,2585,19476,5354,72.51,1
2024-05-01,R1K,NHS ENGLAND LONDON,LONDON NORTH WEST UNIVERSITY HEALTHCARE NHS TRUST,13910,0,16014,0,0,0,7504,0,268,0,0,0,855,432,6671,0,0,378,29924,7772,74.03,1
2024-05-01,RA7,NHS ENGLAND SOUTH WEST ,UNIVERSITY HOSPITALS BRISTOL AND WESTON NHS FOUNDATION TRUST,16093,2411,0,0,0,0,5753,166,0,0,0,0,1268,321,5329,9,0,1484,18504,5919,68.01,1
2024-05-01,RBS,NHS ENGLAND NORTH WEST ,ALDER HEY CHILDREN'S NHS FOUNDATION TRUST,6107,0,0,0,0,0,805,0,0,0,0,0,0,0,1003,0,0,312,6107,805,86.82,1
2024-05-01,REF,NHS ENGLAND SOUTH WEST ,ROYAL CORNWALL HOSPITALS NHS TRUST,6719,0,13370,0,0,0,4041,0,782,0,0,0,506,476,2250,0,47,1239,20089,4823,75.99,1
2024-05-01,RJN,NHS ENGLAND NORTH WEST ,EAST CHESHIRE NHS TRUST,4714,0,0,81,0,51,2396,0,0,0,0,0,268,332,933,0,0,197,4714,2396,49.17,1
2024-05-01,RL4,NHS ENGLAND MIDLANDS ,THE ROYAL WOLVERHAMPTON NHS TRUST,13697,0,8229,150,0,920,4115,0,203,21,0,3,1205,225,6241,0,0,959,21926,4318,80.31,1
2024-05-01,RN7,NHS ENGLAND SOUTH EAST ,DARTFORD AND GRAVESHAM NHS TRUST,11876,0,3899,0,0,0,3237,0,33,0,0,0,680,51,3190,0,0,459,15775,3270,79.27,1
2024-05-01,RNA,NHS ENGLAND MIDLANDS ,THE DUDLEY GROUP NHS FOUNDATION TRUST,9799,0,4817,125,0,753,2723,0,186,7,0,0,1860,238,3469,0,0,2261,14616,2909,80.1,1
2024-05-01,RNQ,NHS ENGLAND MIDLANDS ,KETTERING GENERAL HOSPITAL NHS FOUNDATION TRUST,9967,0,9616,506,0,0,3580,0,109,0,0,0,1384,0,2040,0,0,216,19583,3689,81.16,1
2024-05-01,RNZ,NHS ENGLAND SOUTH WEST ,SALISBURY NHS FOUNDATION TRUST,4554,319,2165,328,0,0,1697,0,0,120,0,0,370,5,1450,0,0,922,7038,1697,75.89,1
2024-05-01,RVW,NHS ENGLAND NORTH EAST AND YORKSHIRE ,NORTH TEES AND HARTLEPOOL NHS FOUNDATION TRUST,4879,0,12102,0,0,0,2109,0,71,0,0,0,157,1,1652,0,541,2176,16981,2180,87.16,1
2024-05-01,RW4,NHS ENGLAND NORTH WEST ,MERSEY CARE NHS FOUNDATION TRUST,0,0,11608,0,0,0,0,0,628,0,0,0,0,0,0,0,0,74,11608,628,94.59,1
2024-05-01,RY4,NHS ENGLAND EAST OF ENGLAND ,HERTFORDSHIRE COMMUNITY NHS TRUST,0,0,1044,0,0,0,0,0,16,0,0,0,0,0,0,0,0,0,1044,16,98.47,0
2024-05-01,RY7,NHS ENGLAND NORTH WEST ,WIRRAL COMMUNITY HEALTH AND CARE NHS FOUNDATION TRUST,0,0,4800,0,0,0,0,0,119,0,0,0,0,0,0,0,0,0,4800,119,97.52,0
2024-05-01,AJN,NHS ENGLAND NORTH EAST AND YORKSHIRE ,WORKINGTON HEALTH LIMITED,0,0,330,0,0,0,0,0,0,0,0,0,0,0,0,0,0,0,330,0,100.0,0
2024-05-01,NDJ,NHS ENGLAND SOUTH EAST ,FIRST COMMUNITY HEALTH AND CARE CIC,0,0,2395,0,0,0,0,0,0,0,0,0,0,0,0,0,0,0,2395,0,100.0,0
2024-05-01,NNF09,NHS ENGLAND NORTH EAST AND YORKSHIRE ,BRANSHOLME HEALTH CENTRE,0,0,4032,0,0,0,0,0,990,0,0,0,0,0,0,0,0,0,4032,990,75.45,1
2024-05-01,NNF94,NHS ENGLAND NORTH EAST AND YORKSHIRE ,EAST RIDING COMMUNITY HOSPITAL,0,0,3083,0,0,0,0,0,578,0,0,0,0,0,0,0,0,0,3083,578,81.25,1
2024-05-01,NNFA7,NHS ENGLAND NORTH EAST AND YORKSHIRE ,GOOLE & DISTRICT HOSPITAL,0,0,1654,0,0,0,0,0,19,0,0,0,0,0,0,0,0,0,1654,19,98.85,0
2024-05-01,NNJ07,NHS ENGLAND MIDLANDS ,LOUGHBOROUGH URGENT CARE CENTRE,0,0,6249,0,0,585,0,0,34,0,0,0,0,0,0,0,0,0,6249,34,99.46,0
2024-05-01,NNJ0H,NHS ENGLAND MIDLANDS ,LLR EA - THE MERLYN VAZ HEALTH & SOCIAL CARE CENTRE,0,0,192,0,0,2136,0,0,1,0,0,0,0,0,0,0,0,0,192,1,99.48,0
2024-05-01,NNJ12,NHS ENGLAND MIDLANDS ,MARKET HARBOROUGH,0,0,128,0,0,355,0,0,0,0,0,0,0,0,0,0,0,0,128,0,100.0,0
2024-05-01,NNJ13,NHS ENGLAND MIDLANDS ,MELTON MOWBRAY,0,0,78,0,0,373,0,0,1,0,0,0,0,0,0,0,0,0,78,1,98.72,0
2024-05-01,NNJ14,NHS ENGLAND MIDLANDS ,OADBY,0,0,466,0,0,2283,0,0,0,0,0,0,0,0,0,0,0,0,466,0,100.0,0
2024-05-01,NNJ15,NHS ENGLAND MIDLANDS ,OAKHAM,0,0,67,0,0,391,0,0,0,0,0,0,0,0,0,0,0,0,67,0,100.0,0
2024-05-01,R0A,NHS ENGLAND NORTH WEST ,MANCHESTER UNIVERSITY NHS FOUNDATION TRUST,26218,3241,12493,3364,497,1109,12613,114,830,1596,12,118,3856,720,5602,168,165,500,41952,13557,67.68,1
2024-05-01,R1F,NHS ENGLAND SOUTH EAST ,ISLE OF WIGHT NHS TRUST,4425,0,2180,31,0,28,1782,0,2,11,0,0,127,22,1126,0,0,317,6605,1784,72.99,1
2024-05-01,RA9,NHS ENGLAND SOUTH WEST ,TORBAY AND SOUTH DEVON NHS FOUNDATION TRUST,6698,0,3543,409,0,179,2918,0,10,144,0,1,354,113,2194,0,0,1244,10241,2928,71.41,1
2024-05-01,RBK,NHS ENGLAND MIDLANDS ,WALSALL HEALTHCARE NHS TRUST,8928,0,4169,426,0,148,2791,0,209,60,0,0,795,50,3692,0,0,680,13097,3000,77.09,1
2024-05-01,RBT,NHS ENGLAND NORTH WEST ,MID CHESHIRE HOSPITALS NHS FOUNDATION TRUST,7444,0,2986,160,0,56,4292,0,56,41,0,0,660,571,2433,0,0,1026,10430,4348,58.31,1
2024-05-01,RCB,NHS ENGLAND NORTH EAST AND YORKSHIRE ,YORK AND SCARBOROUGH TEACHING HOSPITALS NHS FOUNDATION TRUST,11533,398,9042,0,0,0,6364,0,337,0,0,0,844,762,4613,6,0,1576,20973,6701,68.05,1
2024-05-01,RCF,NHS ENGLAND NORTH EAST AND YORKSHIRE ,AIREDALE NHS FOUNDATION TRUST,6340,260,26,534,0,0,2487,0,0,0,0,0,431,151,1621,0,0,581,6626,2487,62.47,1
2024-05-01,RCU,NHS ENGLAND NORTH EAST AND YORKSHIRE ,SHEFFIELD CHILDREN'S NHS FOUNDATION TRUST,4996,0,298,307,0,19,658,0,1,40,0,0,8,0,941,0,0,96,5294,659,87.55,1
2024-05-01,RD8,NHS ENGLAND EAST OF ENGLAND ,MILTON KEYNES UNIVERSITY HOSPITAL NHS FOUNDATION TRUST,8486,0,5838,634,0,125,3526,0,268,238,0,0,495,0,2037,0,0,452,14324,3794,73.51,1
2024-05-01,REP,NHS ENGLAND NORTH WEST ,LIVERPOOL WOMEN'S NHS FOUNDATION TRUST,0,1305,0,0,130,0,0,164,0,0,0,0,0,0,0,130,0,17,1305,164,87.43,1
2024-05-01,RH8,NHS ENGLAND SOUTH WEST ,ROYAL DEVON UNIVERSITY HEALTHCARE NHS FOUNDATION TRUST,12900,0,4350,1320,0,57,4755,0,26,411,0,2,1233,46,4128,0,0,2264,17250,4781,72.28,1
2024-05-01,RHQ,NHS ENGLAND NORTH EAST AND YORKSHIRE ,SHEFFIELD TEACHING HOSPITALS NHS FOUNDATION TRUST,9441,1200,7827,449,1,1247,4642,0,324,192,0,19,1289,8,3925,0,0,2916,18468,4966,73.11,1
2024-05-01,RJC,NHS ENGLAND MIDLANDS ,SOUTH WARWICKSHIRE UNIVERSITY NHS FOUNDATION TRUST,8612,0,448,9,0,0,2500,0,0,0,0,0,297,8,2267,0,0,727,9060,2500,72.41,1
2024-05-01,RJE,NHS ENGLAND MIDLANDS ,UNIVERSITY HOSPITALS OF NORTH MIDLANDS NHS TRUST,14147,469,9736,674,0,520,6854,0,173,255,0,10,1192,701,5701,0,0,3368,24352,7027,71.14,1
2024-05-01,RKB,NHS ENGLAND MIDLANDS ,UNIVERSITY HOSPITALS COVENTRY AND WARWICKSHIRE NHS TRUST,12422,1831,7754,39,0,137,5842,81,324,25,0,0,246,59,3033,111,72,1751,22007,6247,71.61,1
2024-05-01,RRK,NHS ENGLAND MIDLANDS ,UNIVERSITY HOSPITALS BIRMINGHAM NHS FOUNDATION TRUST,35332,384,1693,32,0,274,15433,0,16,12,0,3,2355,2190,10966,0,0,5888,37409,15449,58.7,1
2024-05-01,RTE,NHS ENGLAND SOUTH WEST ,GLOUCESTERSHIRE HOSPITALS NHS FOUNDATION TRUST,13362,0,0,190,0,0,5555,0,0,67,0,0,353,698,2733,0,0,1789,13362,5555,58.43,1
2024-05-01,RTP,NHS ENGLAND SOUTH EAST ,SURREY AND SUSSEX HEALTHCARE NHS TRUST,10800,0,0,0,0,0,3321,0,0,0,0,0,610,556,3119,0,0,556,10800,3321,69.25,1
2024-05-01,RWW,NHS ENGLAND NORTH WEST ,WARRINGTON AND HALTON TEACHING HOSPITALS NHS FOUNDATION TRUST,7412,0,3505,276,0,99,3671,0,103,121,0,6,747,736,1896,0,0,219,10917,3774,65.43,1
2024-05-01,RXF,NHS ENGLAND NORTH EAST AND YORKSHIRE ,MID YORKSHIRE TEACHING NHS TRUST,17925,122,6752,124,0,89,7104,0,521,16,0,4,2278,242,3679,0,153,932,24799,7625,69.25,1
2024-05-01,ARN03,NHS ENGLAND NORTH EAST AND YORKSHIRE ,LOCAL CARE DIRECT,0,0,2366,0,0,317,0,0,0,0,0,0,0,0,0,0,0,0,2366,0,100.0,0
2024-05-01,R1D,NHS ENGLAND MIDLANDS ,SHROPSHIRE COMMUNITY HEALTH NHS TRUST,0,0,3581,0,0,3,0,0,4,0,0,0,0,0,0,0,0,0,3581,4,99.89,0
2024-05-01,R1H,NHS ENGLAND LONDON,BARTS HEALTH NHS TRUST,24992,928,18284,0,0,0,12419,19,2130,0,0,0,1200,1038,5141,0,0,1337,44204,14568,67.04,1
2024-05-01,RAJ,NHS ENGLAND EAST OF ENGLAND ,MID AND SOUTH ESSEX NHS FOUNDATION TRUST,31119,0,6039,540,0,159,8919,0,159,94,0,1,2929,11,9443,0,249,1307,37158,9078,75.57,1
2024-05-01,RCD,NHS ENGLAND NORTH EAST AND YORKSHIRE ,HARROGATE AND DISTRICT NHS FOUNDATION TRUST,5183,0,1006,315,0,32,1769,0,0,81,0,0,301,55,1156,0,0,285,6189,1769,71.42,1
2024-05-01,RDE,NHS ENGLAND EAST OF ENGLAND ,EAST SUFFOLK AND NORTH ESSEX NHS FOUNDATION TRUST,15434,0,12919,866,0,280,6867,0,214,0,0,0,1251,483,6354,0,363,1025,28353,7081,75.03,1
2024-05-01,RF4,NHS ENGLAND LONDON,"BARKING, HAVERING AND REDBRIDGE UNIVERSITY HOSPITALS NHS TRUST",13446,2462,14302,0,0,0,5652,413,182,0,0,0,715,734,8145,0,0,427,30210,6247,79.32,1
2024-05-01,RFS,NHS ENGLAND MIDLANDS ,CHESTERFIELD ROYAL HOSPITAL NHS FOUNDATION TRUST,7487,0,1592,239,0,111,2988,0,221,60,0,9,905,147,2750,0,216,593,9079,3209,64.65,1
2024-05-01,RGT,NHS ENGLAND EAST OF ENGLAND ,CAMBRIDGE UNIVERSITY HOSPITALS NHS FOUNDATION TRUST,10313,0,6303,862,0,587,5245,0,135,373,0,26,545,641,2763,0,23,440,16616,5380,67.62,1
2024-05-01,RHM,NHS ENGLAND SOUTH EAST ,UNIVERSITY HOSPITAL SOUTHAMPTON NHS FOUNDATION TRUST,12453,1251,0,158,0,0,3830,97,0,50,0,0,251,11,4059,13,0,1562,13704,3927,71.34,1
2024-05-01,RJ1,NHS ENGLAND LONDON,GUY'S AND ST THOMAS' NHS FOUNDATION TRUST,11226,765,6841,0,0,0,4645,6,367,0,0,0,156,39,2152,0,0,249,18832,5018,73.35,1
2024-05-01,RK5,NHS ENGLAND MIDLANDS ,SHERWOOD FOREST HOSPITALS NHS FOUNDATION TRUST,11680,0,5736,15,0,129,4398,0,275,5,0,1,635,77,3841,0,0,401,17416,4673,73.17,1
2024-05-01,RM1,NHS ENGLAND EAST OF ENGLAND ,NORFOLK AND NORWICH UNIVERSITY HOSPITALS NHS FOUNDATION TRUST,12332,0,9275,427,0,0,4157,0,0,93,0,0,787,117,2726,0,0,1655,21607,4157,80.76,1
2024-05-01,RMP,NHS ENGLAND NORTH WEST ,TAMESIDE AND GLOSSOP INTEGRATED CARE NHS FOUNDATION TRUST,8711,0,2777,451,0,245,4396,0,0,0,0,0,624,26,2595,0,0,651,11488,4396,61.73,1
2024-05-01,RN5,NHS ENGLAND SOUTH EAST ,HAMPSHIRE HOSPITALS NHS FOUNDATION TRUST,13010,158,538,0,0,174,4999,0,0,0,0,0,660,34,4384,9,0,1002,13706,4999,63.53,1
2024-05-01,RPA,NHS ENGLAND SOUTH EAST ,MEDWAY NHS FOUNDATION TRUST,9403,0,7329,370,0,1133,2810,0,1076,59,0,0,442,588,2404,0,0,1048,16732,3886,76.78,1
2024-05-01,RQM,NHS ENGLAND LONDON,CHELSEA AND WESTMINSTER HOSPITAL NHS FOUNDATION TRUST,20387,0,6574,874,0,0,5146,0,232,0,0,0,778,61,2744,0,0,327,26961,5378,80.05,1
2024-05-01,RR8,NHS ENGLAND NORTH EAST AND YORKSHIRE ,LEEDS TEACHING HOSPITALS NHS TRUST,18663,733,12607,39,0,39,7850,0,83,12,0,0,1908,302,3900,0,0,1220,32003,7933,75.21,1
2024-05-01,RRF,NHS ENGLAND NORTH WEST ,"WRIGHTINGTON, WIGAN AND LEIGH NHS FOUNDATION TRUST",7563,0,5820,0,0,0,3690,0,52,0,0,0,1154,442,2196,0,0,900,13383,3742,72.04,1
2024-05-01,RTF,NHS ENGLAND NORTH EAST AND YORKSHIRE ,NORTHUMBRIA HEALTHCARE NHS FOUNDATION TRUST,10015,0,13369,0,0,0,3029,0,10,0,0,0,61,1,4785,0,63,1519,23384,3039,87.0,1
2024-05-01,RTX,NHS ENGLAND NORTH WEST ,UNIVERSITY HOSPITALS OF MORECAMBE BAY NHS FOUNDATION TRUST,9793,0,3566,289,0,676,2973,0,101,33,0,60,658,410,3084,0,15,997,13359,3074,76.99,1
2024-05-01,RVJ,NHS ENGLAND SOUTH WEST ,NORTH BRISTOL NHS TRUST,9493,0,0,13,0,0,3625,0,0,3,0,0,694,217,2862,0,0,2006,9493,3625,61.81,1
2024-05-01,RVV,NHS ENGLAND SOUTH EAST ,EAST KENT HOSPITALS UNIVERSITY NHS FOUNDATION TRUST,13011,0,13265,0,0,0,6083,0,236,0,0,0,592,1227,3716,0,569,1008,26276,6319,75.95,1
2024-05-01,RWD,NHS ENGLAND MIDLANDS ,UNITED LINCOLNSHIRE HOSPITALS NHS TRUST,10453,0,10933,5,0,0,7110,0,1282,4,0,0,1128,1103,4164,0,0,1260,21386,8392,60.76,1
2024-05-01,RXC,NHS ENGLAND SOUTH EAST ,EAST SUSSEX HEALTHCARE NHS TRUST,10590,0,2450,873,0,1239,3211,0,31,0,0,0,277,4,3486,0,0,599,13040,3242,75.14,1
2024-05-01,RXN,NHS ENGLAND NORTH WEST ,LANCASHIRE TEACHING HOSPITALS NHS FOUNDATION TRUST,12522,0,3654,291,0,111,4977,0,226,80,0,5,1071,411,3095,0,159,1228,16176,5203,67.84,1
2024-05-01,RXP,NHS ENGLAND NORTH EAST AND YORKSHIRE ,COUNTY DURHAM AND DARLINGTON NHS FOUNDATION TRUST,13555,0,4752,0,0,7343,5985,0,0,0,0,0,2245,25,4445,0,0,788,18307,5985,67.31,1
2024-05-01,RY2,NHS ENGLAND NORTH WEST ,BRIDGEWATER COMMUNITY HEALTHCARE NHS FOUNDATION TRUST,0,0,3732,0,0,194,0,0,89,0,0,7,0,0,0,0,0,0,3732,89,97.62,0
2024-05-01,RYX,NHS ENGLAND LONDON,CENTRAL LONDON COMMUNITY HEALTHCARE NHS TRUST,0,0,11774,0,0,450,0,0,354,0,0,9,0,0,0,0,0,0,11774,354,96.99,0
2024-05-01,RD1,NHS ENGLAND SOUTH WEST ,ROYAL UNITED HOSPITALS BATH NHS FOUNDATION TRUST,9080,0,0,0,0,0,3633,0,0,0,0,0,703,4,2574,0,13,1692,9080,3633,59.99,1
2024-05-01,RFR,NHS ENGLAND NORTH EAST AND YORKSHIRE ,THE ROTHERHAM NHS FOUNDATION TRUST,8970,0,0,0,0,0,3245,0,0,0,0,0,548,1,3195,0,0,469,8970,3245,63.82,1
2024-05-01,RH5,NHS ENGLAND SOUTH WEST ,SOMERSET NHS FOUNDATION TRUST,13492,0,10411,0,0,1,5057,0,282,0,0,0,333,5,3273,0,0,2154,23903,5339,77.66,1
2024-05-01,RHU,NHS ENGLAND SOUTH EAST ,PORTSMOUTH HOSPITALS UNIVERSITY NATIONAL HEALTH SERVICE TRUST,10464,808,3301,1342,0,760,5141,8,87,744,0,18,1669,10,3715,0,0,2597,14573,5236,64.07,1
2024-05-01,RJ7,NHS ENGLAND LONDON,ST GEORGE'S UNIVERSITY HOSPITALS NHS FOUNDATION TRUST,9193,0,3338,1029,0,0,2992,0,0,149,0,0,496,775,2570,0,0,880,12531,2992,76.12,1
2024-05-01,RJL,NHS ENGLAND NORTH EAST AND YORKSHIRE ,NORTHERN LINCOLNSHIRE AND GOOLE NHS FOUNDATION TRUST,9065,0,6793,0,0,453,4729,0,100,0,0,4,611,899,5108,0,0,404,15858,4829,69.55,1
2024-05-01,RKE,NHS ENGLAND LONDON,WHITTINGTON HEALTH NHS TRUST,9522,0,0,0,0,0,2934,0,0,0,0,0,256,369,1117,0,0,38,9522,2934,69.19,1
2024-05-01,RTK,NHS ENGLAND SOUTH EAST ,ASHFORD AND ST PETER'S HOSPITALS NHS FOUNDATION TRUST,10511,0,0,0,0,0,3663,0,0,0,0,0,736,203,3201,0,0,588,10511,3663,65.15,1
2024-05-01,RTR,NHS ENGLAND NORTH EAST AND YORKSHIRE ,SOUTH TEES HOSPITALS NHS FOUNDATION TRUST,8252,0,9365,0,0,1636,4250,0,739,0,0,116,406,25,2757,0,114,2313,17617,4989,71.68,1
2024-05-01,RVR,NHS ENGLAND LONDON,EPSOM AND ST HELIER UNIVERSITY HOSPITALS NHS TRUST,11500,305,1698,393,0,29,2967,1,123,40,0,0,245,661,1845,4,0,126,13503,3091,77.11,1
2024-05-01,RWE,NHS ENGLAND MIDLANDS ,UNIVERSITY HOSPITALS OF LEICESTER NHS TRUST,23188,2043,0,0,0,0,9700,67,0,0,0,0,1545,520,6356,4,0,3505,25231,9767,61.29,1
2024-05-01,RWH,NHS ENGLAND EAST OF ENGLAND ,EAST AND NORTH HERTFORDSHIRE NHS TRUST,9531,0,7420,7,0,271,5255,0,183,7,0,5,255,69,3333,0,83,260,16951,5438,67.92,1
2024-05-01,RWJ,NHS ENGLAND NORTH WEST ,STOCKPORT NHS FOUNDATION TRUST,8148,0,1029,553,0,190,3538,0,21,218,0,3,862,325,2504,0,113,832,9177,3559,61.22,1
2024-05-01,RWX,NHS ENGLAND SOUTH EAST ,BERKSHIRE HEALTHCARE NHS FOUNDATION TRUST,0,0,1587,0,0,0,0,0,12,0,0,0,0,0,0,0,47,0,1587,12,99.24,0
2024-05-01,RYJ,NHS ENGLAND LONDON,IMPERIAL COLLEGE HEALTHCARE NHS TRUST,12378,3980,7689,0,0,384,5203,39,609,0,0,0,652,108,4236,0,0,1229,24047,5851,75.67,1
2024-05-01,RYR,NHS ENGLAND SOUTH EAST ,UNIVERSITY HOSPITALS SUSSEX NHS FOUNDATION TRUST,22985,1519,5669,1438,0,1305,10431,78,769,494,0,47,1533,1316,8179,34,48,1554,30173,11278,62.62,1
2024-05-01,RAS,NHS ENGLAND LONDON,THE HILLINGDON HOSPITALS NHS FOUNDATION TRUST,6043,0,7063,0,0,0,3077,0,89,0,0,0,366,13,2836,0,0,194,13106,3166,75.84,1
2024-05-01,RGN,NHS ENGLAND EAST OF ENGLAND ,NORTH WEST ANGLIA NHS FOUNDATION TRUST,13386,0,4879,859,0,773,5999,0,577,250,0,70,479,778,3568,0,123,1620,18265,6576,64.0,1
2024-05-01,RJ6,NHS ENGLAND LONDON,CROYDON HEALTH SERVICES NHS TRUST,13703,0,5400,7,0,0,5027,0,0,4,0,0,426,607,1430,0,0,105,19103,5027,73.68,1
2024-05-01,RAL,NHS ENGLAND LONDON,ROYAL FREE LONDON NHS FOUNDATION TRUST,18941,0,8925,0,0,0,8118,0,310,0,0,0,1125,929,4017,0,0,551,27866,8428,69.76,1
2024-05-01,RLT,NHS ENGLAND MIDLANDS ,GEORGE ELIOT HOSPITAL NHS TRUST,6977,0,1936,0,0,0,2175,0,25,0,0,0,684,116,1082,0,0,40,8913,2200,75.32,1
2024-05-01,RAP,NHS ENGLAND LONDON,NORTH MIDDLESEX UNIVERSITY HOSPITAL NHS TRUST,8269,563,8180,86,1,111,4924,3,1239,42,0,10,235,884,1590,0,0,147,17012,6166,63.75,1
2024-05-01,RBN,NHS ENGLAND NORTH WEST ,MERSEY AND WEST LANCASHIRE TEACHING HOSPITALS NHS TRUST,18018,0,7916,431,0,0,7995,0,316,66,0,0,581,382,7463,0,0,663,25934,8311,67.95,1
2024-05-01,RM3,NHS ENGLAND NORTH WEST ,NORTHERN CARE ALLIANCE NHS FOUNDATION TRUST,26332,0,9477,0,0,0,11839,0,295,0,0,0,1185,901,7248,0,415,1724,35809,12134,66.11,1
2024-05-01,RN3,NHS ENGLAND SOUTH WEST ,GREAT WESTERN HOSPITALS NHS FOUNDATION TRUST,5587,0,6010,0,0,243,2430,0,490,0,0,7,539,112,2486,0,0,1458,11597,2920,74.82,1
2024-05-01,RTH,NHS ENGLAND SOUTH EAST ,OXFORD UNIVERSITY HOSPITALS NHS FOUNDATION TRUST,12430,1868,2321,1480,0,108,4159,0,2,412,0,0,687,1,4356,132,16,4727,16619,4161,74.96,1
2024-05-01,RBL,NHS ENGLAND NORTH WEST ,WIRRAL UNIVERSITY TEACHING HOSPITAL NHS FOUNDATION TRUST,8354,0,2941,144,0,207,4717,0,43,54,0,4,754,556,2199,0,0,1749,11295,4760,57.86,1
2024-05-01,RJ2,NHS ENGLAND LONDON,LEWISHAM AND GREENWICH NHS TRUST,14039,0,12558,27,0,0,7326,0,2153,9,0,0,1149,602,3997,0,0,1474,26597,9479,64.36,1
2024-05-01,RDR,NHS ENGLAND SOUTH EAST ,SUSSEX COMMUNITY NHS FOUNDATION TRUST,0,0,13042,0,0,0,0,0,241,0,0,0,0,0,0,0,0,0,13042,241,98.15,0
2024-05-01,RGR,NHS ENGLAND EAST OF ENGLAND ,WEST SUFFOLK NHS FOUNDATION TRUST,7960,0,727,67,0,0,2827,0,0,0,0,0,554,387,2121,0,0,558,8687,2827,67.46,1
2024-05-01,RMC,NHS ENGLAND NORTH WEST ,BOLTON NHS FOUNDATION TRUST,8039,0,3717,114,0,107,4234,0,349,56,0,7,628,590,2375,0,46,779,11756,4583,61.02,1
2024-05-01,RJZ,NHS ENGLAND LONDON,KING'S COLLEGE HOSPITAL NHS FOUNDATION TRUST,16286,0,9357,93,0,1319,6961,0,964,23,0,53,1714,840,2513,0,0,496,25643,7925,69.09,1
2024-05-01,RP5,NHS ENGLAND NORTH EAST AND YORKSHIRE ,DONCASTER AND BASSETLAW TEACHING HOSPITALS NHS FOUNDATION TRUST,14013,0,4077,0,0,0,4958,0,2,0,0,0,989,201,3841,0,390,1237,18090,4960,72.58,1
2024-05-01,RXK,NHS ENGLAND MIDLANDS ,SANDWELL AND WEST BIRMINGHAM HOSPITALS NHS TRUST,15997,984,9467,1219,0,0,7637,92,333,270,0,0,1659,343,2854,0,0,411,26448,8062,69.52,1
2024-11-01,NL7,NHS ENGLAND MIDLANDS ,ASSURA VERTIS URGENT CARE CENTRES (BIRMINGHAM),0,0,4350,0,0,0,0,0,0,0,0,0,0,0,0,0,0,0,4350,0,100.0,0
2024-11-01,RWY,NHS ENGLAND NORTH EAST AND YORKSHIRE ,CALDERDALE AND HUDDERSFIELD NHS FOUNDATION TRUST,15295,0,0,0,0,0,5422,0,0,0,0,0,1160,16,3104,0,0,316,15295,5422,64.55,1
2024-11-01,AAH,NHS ENGLAND SOUTH WEST ,TETBURY HOSPITAL TRUST LTD,0,0,516,0,0,0,0,0,0,0,0,0,0,0,0,0,0,0,516,0,100.0,0
2024-11-01,AQN04,NHS ENGLAND SOUTH EAST ,PHL LYMINGTON UTC,0,0,2593,0,0,12,0,0,1,0,0,0,0,0,0,0,0,0,2593,1,99.96,0
2024-11-01,C82038,NHS ENGLAND MIDLANDS ,LATHAM HOUSE MEDICAL PRACTICE,0,0,303,0,0,0,0,0,0,0,0,0,0,0,0,0,0,0,303,0,100.0,0
2024-11-01,L83087,NHS ENGLAND SOUTH WEST ,OKEHAMPTON MEDICAL CENTRE,0,0,73,0,0,0,0,0,0,0,0,0,0,0,0,0,0,0,73,0,100.0,0
2024-11-01,NQT5F,NHS ENGLAND NORTH WEST ,SKELMERSDALE WALK IN CENTRE,0,0,1704,0,0,0,0,0,15,0,0,0,0,0,0,0,0,0,1704,15,99.12,0
2024-11-01,NQT5H,NHS ENGLAND SOUTH WEST ,PAULTON MEMORIAL HOSPITAL,0,0,932,0,0,0,0,0,5,0,0,0,0,0,0,0,0,0,932,5,99.46,0
2024-11-01,NR3,NHS ENGLAND MIDLANDS ,NOTTINGHAM CITYCARE PARTNERSHIP,0,0,5559,0,0,271,0,0,358,0,0,0,0,0,0,0,0,0,5559,358,93.56,1
2024-11-01,NTV0B,NHS ENGLAND SOUTH EAST ,ASHFORD WALK-IN-CENTRE,0,0,2243,0,0,0,0,0,17,0,0,0,0,0,0,0,0,0,2243,17,99.24,0
2024-11-01,NTV0W,NHS ENGLAND SOUTH EAST ,WOKING WALK IN CENTRE,0,0,2435,0,0,0,0,0,25,0,0,0,0,0,0,0,0,0,2435,25,98.97,0
2024-11-01,RK9,NHS ENGLAND SOUTH WEST ,UNIVERSITY HOSPITALS PLYMOUTH NHS TRUST,9116,151,4749,0,0,0,4665,0,93,0,0,0,567,604,2876,0,0,1468,14016,4758,66.05,1
2024-11-01,RW1,NHS ENGLAND SOUTH EAST ,HAMPSHIRE AND ISLE OF WIGHT HEALTHCARE NHS FOUNDATION TRUST,0,0,2822,0,0,0,0,0,40,0,0,0,0,0,0,0,0,133,2822,40,98.58,0
2024-11-01,RYF,NHS ENGLAND SOUTH WEST ,SOUTH WESTERN AMBULANCE SERVICE NHS FOUNDATION TRUST,0,0,1581,0,0,17,0,0,95,0,0,1,0,0,0,0,0,0,1581,95,93.99,1
2024-11-01,Y02532,NHS ENGLAND NORTH WEST ,MIRIAM MINOR EMERGENCY,0,0,1654,0,0,0,0,0,0,0,0,0,0,0,0,0,0,0,1654,0,100.0,0
2024-11-01,Y02615,NHS ENGLAND MIDLANDS ,SOUTH BIRMINGHAM GP WALK IN CENTRE,0,0,7178,0,0,0,0,0,0,0,0,0,0,0,0,0,0,0,7178,0,100.0,0
2024-11-01,Y07709,NHS ENGLAND SOUTH EAST ,READING URGENT CARE CENTRE,0,0,1973,0,0,0,0,0,0,0,0,0,0,0,0,0,0,0,1973,0,100.0,0
2024-11-01,NQTE4,NHS ENGLAND MIDLANDS ,SUMMERFIELD URGENT CARE CENTRE,0,0,3160,0,0,0,0,0,0,0,0,0,0,0,0,0,0,0,3160,0,100.0,0
2024-11-01,RA9,NHS ENGLAND SOUTH WEST ,TORBAY AND SOUTH DEVON NHS FOUNDATION TRUST,6145,0,3036,470,0,152,2998,0,16,208,0,2,355,102,2155,0,0,1229,9181,3014,67.17,1
2024-11-01,RBT,NHS ENGLAND NORTH WEST ,MID CHESHIRE HOSPITALS NHS FOUNDATION TRUST,7229,0,2646,0,0,48,4248,0,49,0,0,5,693,490,2460,0,0,1080,9875,4297,56.49,1
2024-11-01,RXQ,NHS ENGLAND SOUTH EAST ,BUCKINGHAMSHIRE HEALTHCARE NHS TRUST,10655,1136,3542,0,0,0,4531,0,357,0,0,0,271,264,3890,766,0,2024,15333,4888,68.12,1
2024-11-01,RY4,NHS ENGLAND EAST OF ENGLAND ,HERTFORDSHIRE COMMUNITY NHS TRUST,0,0,1002,0,0,0,0,0,12,0,0,0,0,0,0,0,0,0,1002,12,98.8,0
2024-11-01,RY7,NHS ENGLAND NORTH WEST ,WIRRAL COMMUNITY HEALTH AND CARE NHS FOUNDATION TRUST,0,0,4293,0,0,0,0,0,153,0,0,0,0,0,0,0,0,0,4293,153,96.44,0
2024-11-01,Y02428,NHS ENGLAND EAST OF ENGLAND ,PUTNOE WALK IN CENTRE,0,0,3372,0,0,0,0,0,0,0,0,0,0,0,0,0,0,0,3372,0,100.0,0
2024-11-01,Y03218,NHS ENGLAND LONDON,THE PINN UNREGISTERED WIC,0,0,1106,0,0,0,0,0,0,0,0,0,0,0,0,0,0,0,1106,0,100.0,0
2024-11-01,ACH01,NHS ENGLAND SOUTH EAST ,WHITSTABLE MEDICAL PRACTICE,0,0,5911,0,0,0,0,0,0,0,0,0,0,0,0,0,0,0,5911,0,100.0,0
2024-11-01,C82009,NHS ENGLAND MIDLANDS ,MARKET HARBOROUGH MED.CTR,0,0,282,0,0,0,0,0,0,0,0,0,0,0,0,0,0,0,282,0,100.0,0
2024-11-01,NTP11,NHS ENGLAND SOUTH EAST ,PRACTICE PLUS GROUP HOSPITAL - SOUTHAMPTON,0,0,5160,0,0,0,0,0,172,0,0,0,0,0,0,0,0,0,5160,172,96.67,0
2024-11-01,RA2,NHS ENGLAND SOUTH EAST ,ROYAL SURREY COUNTY HOSPITAL NHS FOUNDATION TRUST,7022,0,1388,830,0,8,1933,0,0,198,0,0,182,3,2619,0,0,1098,8410,1933,77.02,1
2024-11-01,RFF,NHS ENGLAND NORTH EAST AND YORKSHIRE ,BARNSLEY HOSPITAL NHS FOUNDATION TRUST,9113,0,0,31,0,0,3569,0,0,0,0,0,470,0,2998,0,0,547,9113,3569,60.84,1
2024-11-01,RJN,NHS ENGLAND NORTH WEST ,EAST CHESHIRE NHS TRUST,4281,0,0,72,0,44,2006,0,0,0,0,0,171,168,881,0,0,236,4281,2006,53.14,1
2024-11-01,RNU,NHS ENGLAND SOUTH EAST ,OXFORD HEALTH NHS FOUNDATION TRUST,0,0,3746,0,0,0,0,0,339,0,0,0,0,0,0,0,0,0,3746,339,90.95,1
2024-11-01,RTP,NHS ENGLAND SOUTH EAST ,SURREY AND SUSSEX HEALTHCARE NHS TRUST,11192,0,0,0,0,0,4397,0,0,0,0,0,659,549,3138,0,0,914,11192,4397,60.71,1
2024-11-01,RV9,NHS ENGLAND NORTH EAST AND YORKSHIRE ,HUMBER TEACHING NHS FOUNDATION TRUST,0,0,1013,0,0,30,0,0,1,0,0,0,0,0,0,0,0,0,1013,1,99.9,0
2024-11-01,RY5,NHS ENGLAND MIDLANDS ,LINCOLNSHIRE COMMUNITY HEALTH SERVICES NHS TRUST,0,0,7988,0,0,0,0,0,180,0,0,0,0,0,0,0,0,0,7988,180,97.75,0
2024-11-01,RY8,NHS ENGLAND MIDLANDS ,DERBYSHIRE COMMUNITY HEALTH SERVICES NHS FOUNDATION TRUST,0,0,6119,0,0,1810,0,0,36,0,0,3,0,0,0,0,0,0,6119,36,99.41,0
2024-11-01,DT301,NHS ENGLAND EAST OF ENGLAND ,HERTS URGENT CARE (ASCOTS LANE),0,0,2106,0,0,0,0,0,43,0,0,0,0,0,0,0,0,0,2106,43,97.96,0
2024-11-01,NQT51,NHS ENGLAND SOUTH EAST ,STATION PLAZA HEALTH CENTRE,0,0,1008,0,0,0,0,0,0,0,0,0,0,0,0,0,0,0,1008,0,100.0,0
2024-11-01,R0B,NHS ENGLAND NORTH EAST AND YORKSHIRE ,SOUTH TYNESIDE AND SUNDERLAND NHS FOUNDATION TRUST,11925,1148,5849,586,0,1387,6023,20,324,274,0,46,770,11,4470,16,0,1443,18922,6367,66.35,1
2024-11-01,RQX,NHS ENGLAND LONDON,HOMERTON HEALTHCARE NHS FOUNDATION TRUST,10909,0,0,6,0,0,2475,0,0,0,0,0,260,36,1823,0,0,318,10909,2475,77.31,1
2024-11-01,RRV,NHS ENGLAND LONDON,UNIVERSITY COLLEGE LONDON HOSPITALS NHS FOUNDATION TRUST,13190,0,0,429,0,0,4164,0,0,0,0,0,436,208,1359,0,0,261,13190,4164,68.43,1
2024-11-01,RTD,NHS ENGLAND NORTH EAST AND YORKSHIRE ,THE NEWCASTLE UPON TYNE HOSPITALS NHS FOUNDATION TRUST,12663,1573,5335,0,0,992,5288,81,0,0,0,0,685,32,3685,23,0,2771,19571,5369,72.57,1
2024-11-01,RXP,NHS ENGLAND NORTH EAST AND YORKSHIRE ,COUNTY DURHAM AND DARLINGTON NHS FOUNDATION TRUST,13207,0,4126,0,0,7217,5892,0,0,0,0,0,2087,13,4389,0,0,727,17333,5892,66.01,1
2024-11-01,Y02676,NHS ENGLAND SOUTH EAST ,BRIGHTON STATION HEALTH CENTRE,0,0,1925,0,0,0,0,0,16,0,0,0,0,0,0,0,0,0,1925,16,99.17,0
2024-11-01,RAX,NHS ENGLAND LONDON,KINGSTON AND RICHMOND NHS FOUNDATION TRUST,7341,0,8383,0,0,0,3754,0,362,0,0,0,254,451,2363,0,194,295,15724,4116,73.82,1
2024-11-01,RBD,NHS ENGLAND SOUTH WEST ,DORSET COUNTY HOSPITAL NHS FOUNDATION TRUST,4036,0,0,316,0,3806,1602,0,0,94,0,7,196,44,1771,0,0,524,4036,1602,60.31,1
2024-11-01,RPC,NHS ENGLAND SOUTH EAST ,QUEEN VICTORIA HOSPITAL NHS FOUNDATION TRUST,0,0,1350,0,0,0,0,0,12,0,0,0,0,0,0,0,2,468,1350,12,99.11,0
2024-11-01,RTQ,NHS ENGLAND SOUTH WEST ,GLOUCESTERSHIRE HEALTH AND CARE NHS FOUNDATION TRUST,0,0,7118,0,0,0,0,0,62,0,0,0,0,0,0,0,0,14,7118,62,99.13,0
2024-11-01,RWJ,NHS ENGLAND NORTH WEST ,STOCKPORT NHS FOUNDATION TRUST,7857,0,1079,277,0,69,3311,0,38,115,0,1,712,397,2798,0,78,863,8936,3349,62.52,1
2024-11-01,RWX,NHS ENGLAND SOUTH EAST ,BERKSHIRE HEALTHCARE NHS FOUNDATION TRUST,0,0,1313,0,0,0,0,0,7,0,0,0,0,0,0,0,33,0,1313,7,99.47,0
2024-11-01,RYR,NHS ENGLAND SOUTH EAST ,UNIVERSITY HOSPITALS SUSSEX NHS FOUNDATION TRUST,22593,1372,5366,1319,0,1143,10126,52,564,464,0,32,764,908,8644,30,49,1416,29331,10742,63.38,1
2024-11-01,RYY,NHS ENGLAND SOUTH EAST ,KENT COMMUNITY HEALTH NHS FOUNDATION TRUST,0,0,9426,0,0,0,0,0,20,0,0,0,0,0,0,0,0,0,9426,20,99.79,0
2024-11-01,Y02147,NHS ENGLAND LONDON,URGENT CARE CENTRE (QMS),0,0,7837,0,0,607,0,0,252,0,0,7,0,0,0,0,0,0,7837,252,96.78,0
2024-11-01,G0Q0L,NHS ENGLAND LONDON,BARKING HOSPITAL UTC,0,0,2882,0,0,0,0,0,20,0,0,0,0,0,0,0,0,0,2882,20,99.31,0
2024-11-01,K6K0R,NHS ENGLAND LONDON,HAROLD WOOD POLYCLINIC UTC,0,0,2902,0,0,0,0,0,9,0,0,0,0,0,0,0,0,0,2902,9,99.69,0
2024-11-01,NLX,NHS ENGLAND SOUTH WEST ,SIRONA CARE & HEALTH,0,0,7982,0,0,278,0,0,447,0,0,39,0,0,0,0,0,0,7982,447,94.4,1
2024-11-01,NTPAD,NHS ENGLAND SOUTH EAST ,PRACTICE PLUS GROUP SURGICAL CENTRE - ST MARYS PORTSMOUTH,0,0,5647,0,0,203,0,0,222,0,0,2,0,0,0,0,0,0,5647,222,96.07,0
2024-11-01,NV693,NHS ENGLAND NORTH WEST ,ROSSENDALE MIU & OOH,0,0,899,0,0,0,0,0,0,0,0,0,0,0,0,0,0,0,899,0,100.0,0
2024-11-01,R0D,NHS ENGLAND SOUTH WEST ,UNIVERSITY HOSPITALS DORSET NHS FOUNDATION TRUST,13107,0,4597,0,0,0,5292,0,0,0,0,0,752,120,4285,4,0,2534,17704,5292,70.11,1
2024-11-01,R1F,NHS ENGLAND SOUTH EAST ,ISLE OF WIGHT NHS TRUST,4191,261,1375,14,0,20,1575,0,0,5,0,0,144,45,1094,0,0,304,5827,1575,72.97,1
2024-11-01,RA7,NHS ENGLAND SOUTH WEST ,UNIVERSITY HOSPITALS BRISTOL AND WESTON NHS FOUNDATION TRUST,16427,2334,0,0,0,0,6438,161,0,0,0,0,1332,530,5439,14,0,1506,18761,6599,64.83,1
2024-11-01,REF,NHS ENGLAND SOUTH WEST ,ROYAL CORNWALL HOSPITALS NHS TRUST,5764,0,10707,0,0,0,3047,0,665,0,0,0,579,607,2314,0,92,1310,16471,3712,77.46,1
2024-11-01,RGR,NHS ENGLAND EAST OF ENGLAND ,WEST SUFFOLK NHS FOUNDATION TRUST,7755,0,595,43,0,0,2998,0,0,0,0,0,464,524,1883,0,0,335,8350,2998,64.1,1
2024-11-01,RJC,NHS ENGLAND MIDLANDS ,SOUTH WARWICKSHIRE UNIVERSITY NHS FOUNDATION TRUST,8706,0,340,0,0,0,3167,0,0,0,0,0,434,39,2476,0,0,886,9046,3167,64.99,1
2024-11-01,RL4,NHS ENGLAND MIDLANDS ,THE ROYAL WOLVERHAMPTON NHS TRUST,12780,0,8560,86,0,836,4285,0,389,20,0,5,861,644,5839,0,0,1042,21340,4674,78.1,1
2024-11-01,RLQ,NHS ENGLAND MIDLANDS ,WYE VALLEY NHS TRUST,6074,1077,125,123,0,0,2581,0,0,26,0,0,408,257,1466,0,0,165,7276,2581,64.53,1
2024-11-01,RNQ,NHS ENGLAND MIDLANDS ,KETTERING GENERAL HOSPITAL NHS FOUNDATION TRUST,10036,0,9057,329,0,0,4244,0,193,0,0,0,1557,0,2021,0,0,233,19093,4437,76.76,1
2024-11-01,RNZ,NHS ENGLAND SOUTH WEST ,SALISBURY NHS FOUNDATION TRUST,4604,299,1724,145,0,0,1982,0,0,65,0,0,478,17,1306,0,0,1049,6627,1982,70.09,1
2024-11-01,RP6,NHS ENGLAND LONDON,MOORFIELDS EYE HOSPITAL NHS FOUNDATION TRUST,0,5659,0,0,0,0,0,92,0,0,0,0,0,0,0,2,0,218,5659,92,98.37,0
2024-11-01,RW4,NHS ENGLAND NORTH WEST ,MERSEY CARE NHS FOUNDATION TRUST,0,0,13642,0,0,0,0,0,262,0,0,0,0,0,0,0,0,46,13642,262,98.08,0
2024-11-01,RXR,NHS ENGLAND NORTH WEST ,EAST LANCASHIRE HOSPITALS NHS TRUST,13334,0,9844,0,0,0,4741,0,628,0,0,0,430,1164,4052,0,73,1791,23178,5369,76.84,1
2024-11-01,RXW,NHS ENGLAND MIDLANDS ,THE SHREWSBURY AND TELFORD HOSPITAL NHS TRUST,10500,0,2421,0,0,0,6116,0,250,0,0,0,358,1562,3301,0,189,2053,12921,6366,50.73,1
2024-11-01,RYX,NHS ENGLAND LONDON,CENTRAL LONDON COMMUNITY HEALTHCARE NHS TRUST,0,0,12011,0,0,489,0,0,190,0,0,10,0,0,0,0,0,0,12011,190,98.42,0
2024-11-01,AXG,NHS ENGLAND SOUTH WEST ,WILTSHIRE HEALTH & CARE,0,0,2194,0,0,0,0,0,25,0,0,0,0,0,0,0,0,0,2194,25,98.86,0
2024-11-01,NDJ,NHS ENGLAND SOUTH EAST ,FIRST COMMUNITY HEALTH AND CARE CIC,0,0,2120,0,0,0,0,0,0,0,0,0,0,0,0,0,0,0,2120,0,100.0,0
2024-11-01,RAE,NHS ENGLAND NORTH EAST AND YORKSHIRE ,BRADFORD TEACHING HOSPITALS NHS FOUNDATION TRUST,9509,891,3183,0,0,0,2531,0,0,0,0,0,731,116,2577,0,57,1442,13583,2531,81.37,1
2024-11-01,RAJ,NHS ENGLAND EAST OF ENGLAND ,MID AND SOUTH ESSEX NHS FOUNDATION TRUST,30826,0,5416,4,0,2,10484,0,360,0,0,1,2760,66,8908,0,202,1270,36242,10844,70.08,1
2024-11-01,RCD,NHS ENGLAND NORTH EAST AND YORKSHIRE ,HARROGATE AND DISTRICT NHS FOUNDATION TRUST,5062,0,889,351,0,19,1889,0,1,90,0,0,406,96,1131,0,0,328,5951,1890,68.24,1
2024-11-01,RF4,NHS ENGLAND LONDON,"BARKING, HAVERING AND REDBRIDGE UNIVERSITY HOSPITALS NHS TRUST",13817,2346,13830,0,0,0,6410,339,145,0,0,0,728,709,8036,0,0,377,29993,6894,77.01,1
2024-11-01,RJ6,NHS ENGLAND LONDON,CROYDON HEALTH SERVICES NHS TRUST,13200,0,5254,1,0,0,5194,0,0,0,0,0,464,503,1417,0,0,114,18454,5194,71.85,1
2024-11-01,RJE,NHS ENGLAND MIDLANDS ,UNIVERSITY HOSPITALS OF NORTH MIDLANDS NHS TRUST,13436,450,7891,794,0,580,7449,0,256,429,0,25,881,1077,5264,0,0,3097,21777,7705,64.62,1
2024-11-01,RJR,NHS ENGLAND NORTH WEST ,COUNTESS OF CHESTER HOSPITAL NHS FOUNDATION TRUST,5109,0,2292,0,0,0,2886,0,246,0,0,0,203,700,1686,0,0,1392,7401,3132,57.68,1
2024-11-01,RJZ,NHS ENGLAND LONDON,KING'S COLLEGE HOSPITAL NHS FOUNDATION TRUST,15478,0,8859,79,0,1114,6876,0,420,25,0,0,1662,776,3897,0,0,274,24337,7296,70.02,1
2024-11-01,RKB,NHS ENGLAND MIDLANDS ,UNIVERSITY HOSPITALS COVENTRY AND WARWICKSHIRE NHS TRUST,12296,860,6320,0,0,0,6019,94,488,0,0,0,104,32,1716,41,139,589,19476,6601,66.11,1
2024-11-01,RN7,NHS ENGLAND SOUTH EAST ,DARTFORD AND GRAVESHAM NHS TRUST,11574,0,3844,0,0,0,3989,0,15,0,0,0,638,276,3419,0,0,431,15418,4004,74.03,1
2024-11-01,RNN,NHS ENGLAND NORTH EAST AND YORKSHIRE ,NORTH CUMBRIA INTEGRATED CARE NHS FOUNDATION TRUST,8745,0,1654,328,0,34,3829,0,45,94,0,2,740,451,2448,0,0,844,10399,3874,62.75,1
2024-11-01,RQW,NHS ENGLAND EAST OF ENGLAND ,THE PRINCESS ALEXANDRA HOSPITAL NHS TRUST,7812,0,1855,0,0,623,4639,0,0,0,0,0,556,117,1756,0,0,218,9667,4639,52.01,1
2024-11-01,RTK,NHS ENGLAND SOUTH EAST ,ASHFORD AND ST PETER'S HOSPITALS NHS FOUNDATION TRUST,10468,0,0,0,0,0,3559,0,0,0,0,0,539,329,2769,0,0,509,10468,3559,66.0,1
2024-11-01,RTR,NHS ENGLAND NORTH EAST AND YORKSHIRE ,SOUTH TEES HOSPITALS NHS FOUNDATION TRUST,7812,0,8991,0,0,1655,3855,0,731,0,0,69,345,17,2683,0,125,2335,16803,4586,72.71,1
2024-11-01,RTX,NHS ENGLAND NORTH WEST ,UNIVERSITY HOSPITALS OF MORECAMBE BAY NHS FOUNDATION TRUST,9073,0,2921,139,0,842,3095,0,74,11,0,55,592,377,3241,0,28,1039,11994,3169,73.58,1
2024-11-01,RWG,NHS ENGLAND EAST OF ENGLAND ,WEST HERTFORDSHIRE TEACHING HOSPITALS NHS TRUST,8588,0,7456,0,0,771,3719,0,330,0,0,0,847,21,4208,0,0,565,16044,4049,74.76,1
2024-11-01,RWP,NHS ENGLAND MIDLANDS ,WORCESTERSHIRE ACUTE HOSPITALS NHS TRUST,13411,0,5203,33,0,0,8428,0,72,10,0,0,681,261,2878,0,0,760,18614,8500,54.34,1
2024-11-01,ARN03,NHS ENGLAND NORTH EAST AND YORKSHIRE ,LOCAL CARE DIRECT,0,0,2104,0,0,280,0,0,0,0,0,0,0,0,0,0,0,0,2104,0,100.0,0
2024-11-01,NNJ07,NHS ENGLAND MIDLANDS ,LOUGHBOROUGH URGENT CARE CENTRE,0,0,6472,0,0,612,0,0,38,0,0,0,0,0,0,0,0,0,6472,38,99.41,0
2024-11-01,NNJ0H,NHS ENGLAND MIDLANDS ,LLR EA - THE MERLYN VAZ HEALTH & SOCIAL CARE CENTRE,0,0,198,0,0,2094,0,0,1,0,0,0,0,0,0,0,0,0,198,1,99.49,0
2024-11-01,NNJ12,NHS ENGLAND MIDLANDS ,MARKET HARBOROUGH,0,0,100,0,0,401,0,0,0,0,0,0,0,0,0,0,0,0,100,0,100.0,0
2024-11-01,NNJ13,NHS ENGLAND MIDLANDS ,MELTON MOWBRAY,0,0,68,0,0,360,0,0,0,0,0,0,0,0,0,0,0,0,68,0,100.0,0
2024-11-01,NNJ14,NHS ENGLAND MIDLANDS ,OADBY,0,0,479,0,0,2174,0,0,0,0,0,0,0,0,0,0,0,0,479,0,100.0,0
2024-11-01,NNJ15,NHS ENGLAND MIDLANDS ,OAKHAM,0,0,63,0,0,381,0,0,0,0,0,0,0,0,0,0,0,0,63,0,100.0,0
2024-11-01,NNJ,NHS ENGLAND MIDLANDS ,DHU HEALTH CARE C.I.C,0,0,2044,0,0,0,0,0,19,0,0,0,0,0,0,0,0,0,2044,19,99.07,0
2024-11-01,RAS,NHS ENGLAND LONDON,THE HILLINGDON HOSPITALS NHS FOUNDATION TRUST,6270,0,7004,0,0,0,3743,0,222,0,0,0,464,14,1902,0,0,134,13274,3965,70.13,1
2024-11-01,RC9,NHS ENGLAND EAST OF ENGLAND ,BEDFORDSHIRE HOSPITALS NHS FOUNDATION TRUST,16716,0,8434,0,0,1038,6826,0,0,0,0,0,80,36,5026,0,0,2040,25150,6826,72.86,1
2024-11-01,RCF,NHS ENGLAND NORTH EAST AND YORKSHIRE ,AIREDALE NHS FOUNDATION TRUST,5652,212,0,513,0,0,2577,0,0,0,0,0,528,135,1587,0,0,556,5864,2577,56.05,1
2024-11-01,RCU,NHS ENGLAND NORTH EAST AND YORKSHIRE ,SHEFFIELD CHILDREN'S NHS FOUNDATION TRUST,5219,0,518,325,0,35,654,0,0,46,0,0,15,0,1245,0,0,102,5737,654,88.6,1
2024-11-01,RCX,NHS ENGLAND EAST OF ENGLAND ,"THE QUEEN ELIZABETH HOSPITAL, KING'S LYNN, NHS FOUNDATION TRUST",6813,0,1200,0,0,0,2912,0,0,0,0,0,294,97,2051,0,0,300,8013,2912,63.66,1
2024-11-01,RDR,NHS ENGLAND SOUTH EAST ,SUSSEX COMMUNITY NHS FOUNDATION TRUST,0,0,11428,0,0,0,0,0,77,0,0,0,0,0,0,0,0,1,11428,77,99.33,0
2024-11-01,REP,NHS ENGLAND NORTH WEST ,LIVERPOOL WOMEN'S NHS FOUNDATION TRUST,0,1231,0,0,125,0,0,113,0,0,0,0,0,0,0,96,0,19,1231,113,90.82,1
2024-11-01,RGP,NHS ENGLAND EAST OF ENGLAND ,JAMES PAGET UNIVERSITY HOSPITALS NHS FOUNDATION TRUST,7287,0,1326,0,0,0,3175,0,0,0,0,0,525,339,1604,0,0,450,8613,3175,63.14,1
2024-11-01,RGT,NHS ENGLAND EAST OF ENGLAND ,CAMBRIDGE UNIVERSITY HOSPITALS NHS FOUNDATION TRUST,10816,0,5404,245,0,322,5423,0,121,72,0,9,553,527,2741,0,32,477,16220,5544,65.82,1
2024-11-01,RH5,NHS ENGLAND SOUTH WEST ,SOMERSET NHS FOUNDATION TRUST,12368,0,8991,0,0,0,5926,0,148,0,0,0,620,114,3201,0,0,1790,21359,6074,71.56,1
2024-11-01,RHM,NHS ENGLAND SOUTH EAST ,UNIVERSITY HOSPITAL SOUTHAMPTON NHS FOUNDATION TRUST,12029,1176,0,292,0,0,5287,72,0,122,0,0,433,5,3804,9,0,1532,13205,5359,59.42,1
2024-11-01,RLT,NHS ENGLAND MIDLANDS ,GEORGE ELIOT HOSPITAL NHS TRUST,7489,0,1710,0,0,0,2619,0,60,0,0,0,678,141,1129,0,0,0,9199,2679,70.88,1
2024-11-01,RMP,NHS ENGLAND NORTH WEST ,TAMESIDE AND GLOSSOP INTEGRATED CARE NHS FOUNDATION TRUST,8628,0,3185,406,0,371,4077,0,8,0,0,0,419,541,1826,0,0,297,11813,4085,65.42,1
2024-11-01,RN5,NHS ENGLAND SOUTH EAST ,HAMPSHIRE HOSPITALS NHS FOUNDATION TRUST,11951,80,1329,0,0,114,5735,0,60,0,0,0,432,128,4314,10,35,1213,13360,5795,56.62,1
2024-11-01,RNS,NHS ENGLAND MIDLANDS ,NORTHAMPTON GENERAL HOSPITAL NHS TRUST,9745,559,2487,1405,0,179,4460,11,303,567,0,17,482,825,2161,0,0,940,12791,4774,62.68,1
2024-11-01,RQM,NHS ENGLAND LONDON,CHELSEA AND WESTMINSTER HOSPITAL NHS FOUNDATION TRUST,19742,0,6519,561,0,0,6684,0,218,0,0,0,1324,52,2894,0,0,354,26261,6902,73.72,1
2024-11-01,RR8,NHS ENGLAND NORTH EAST AND YORKSHIRE ,LEEDS TEACHING HOSPITALS NHS TRUST,18099,664,12091,42,0,80,7911,0,267,11,0,0,1826,403,3769,0,0,1179,30854,8178,73.49,1
2024-11-01,RRF,NHS ENGLAND NORTH WEST ,"WRIGHTINGTON, WIGAN AND LEIGH NHS FOUNDATION TRUST",7061,0,5353,0,0,0,3765,0,135,0,0,0,1245,474,2301,0,0,702,12414,3900,68.58,1
2024-11-01,RRK,NHS ENGLAND MIDLANDS ,UNIVERSITY HOSPITALS BIRMINGHAM NHS FOUNDATION TRUST,35046,307,1602,11,0,219,15409,0,56,3,0,10,2475,1853,10365,0,0,7065,36955,15465,58.15,1
2024-11-01,RVV,NHS ENGLAND SOUTH EAST ,EAST KENT HOSPITALS UNIVERSITY NHS FOUNDATION TRUST,13201,0,12737,0,0,0,6113,0,594,0,0,0,618,1121,3170,0,595,502,25938,6707,74.14,1
2024-11-01,RVW,NHS ENGLAND NORTH EAST AND YORKSHIRE ,NORTH TEES AND HARTLEPOOL NHS FOUNDATION TRUST,5092,0,11553,0,0,0,2971,0,45,0,0,0,273,25,1715,0,491,2536,16645,3016,81.88,1
2024-11-01,RWE,NHS ENGLAND MIDLANDS ,UNIVERSITY HOSPITALS OF LEICESTER NHS TRUST,23225,1952,0,0,0,0,10469,119,0,0,0,0,1556,1108,6523,7,0,3534,25177,10588,57.95,1
2024-11-01,RWF,NHS ENGLAND SOUTH EAST ,MAIDSTONE AND TUNBRIDGE WELLS NHS TRUST,18553,0,2124,849,0,168,3865,0,8,125,0,0,964,80,5106,0,0,938,20677,3873,81.27,1
2024-11-01,RWH,NHS ENGLAND EAST OF ENGLAND ,EAST AND NORTH HERTFORDSHIRE NHS TRUST,9357,0,7669,1,0,0,5297,0,286,0,0,0,179,86,3296,0,101,243,17026,5583,67.21,1
2024-11-01,RXC,NHS ENGLAND SOUTH EAST ,EAST SUSSEX HEALTHCARE NHS TRUST,8336,0,2261,2071,0,1488,3998,0,79,0,0,0,250,42,3210,0,0,397,10597,4077,61.53,1
2024-11-01,RXL,NHS ENGLAND NORTH WEST ,BLACKPOOL TEACHING HOSPITALS NHS FOUNDATION TRUST,8663,0,9773,340,0,250,4055,0,71,102,0,0,393,652,2527,0,0,1629,18436,4126,77.62,1
2024-11-01,C83023,NHS ENGLAND MIDLANDS ,SLEAFORD MEDICAL GROUP,0,0,496,0,0,0,0,0,0,0,0,0,0,0,0,0,0,1,496,0,100.0,0
2024-11-01,NNF09,NHS ENGLAND NORTH EAST AND YORKSHIRE ,BRANSHOLME HEALTH CENTRE,0,0,3623,0,0,0,0,0,250,0,0,0,0,0,0,0,0,0,3623,250,93.1,1
2024-11-01,NNF16,NHS ENGLAND NORTH EAST AND YORKSHIRE ,BRIDLINGTON HOSPITAL,0,0,1362,0,0,0,0,0,0,0,0,0,0,0,0,0,0,0,1362,0,100.0,0
2024-11-01,NNF94,NHS ENGLAND NORTH EAST AND YORKSHIRE ,EAST RIDING COMMUNITY HOSPITAL,0,0,2655,0,0,0,0,0,220,0,0,0,0,0,0,0,0,0,2655,220,91.71,1
2024-11-01,NNFA7,NHS ENGLAND NORTH EAST AND YORKSHIRE ,GOOLE & DISTRICT HOSPITAL,0,0,1560,0,0,0,0,0,7,0,0,0,0,0,0,0,0,0,1560,7,99.55,0
2024-11-01,R1D,NHS ENGLAND MIDLANDS ,SHROPSHIRE COMMUNITY HEALTH NHS TRUST,0,0,2850,0,0,0,0,0,5,0,0,0,0,0,0,0,0,0,2850,5,99.82,0
2024-11-01,RAL,NHS ENGLAND LONDON,ROYAL FREE LONDON NHS FOUNDATION TRUST,17661,0,8788,0,0,0,6401,0,211,0,0,0,1076,718,3813,0,0,527,26449,6612,75.0,1
2024-11-01,RAP,NHS ENGLAND LONDON,NORTH MIDDLESEX UNIVERSITY HOSPITAL NHS TRUST,8411,433,6738,68,0,65,4967,0,713,31,0,7,231,874,1450,0,170,64,15582,5680,63.55,1
2024-11-01,RBK,NHS ENGLAND MIDLANDS ,WALSALL HEALTHCARE NHS TRUST,9841,0,4584,14,0,144,3490,0,291,4,0,0,1182,133,4115,0,0,863,14425,3781,73.79,1
2024-11-01,RBN,NHS ENGLAND NORTH WEST ,MERSEY AND WEST LANCASHIRE TEACHING HOSPITALS NHS TRUST,17192,0,7066,439,0,0,6415,0,103,80,0,0,617,381,7587,0,0,620,24258,6518,73.13,1
2024-11-01,RDE,NHS ENGLAND EAST OF ENGLAND ,EAST SUFFOLK AND NORTH ESSEX NHS FOUNDATION TRUST,12745,0,14789,707,0,539,7100,0,451,0,0,0,1105,440,6576,0,350,1006,27534,7551,72.58,1
2024-11-01,RDU,NHS ENGLAND SOUTH EAST ,FRIMLEY HEALTH NHS FOUNDATION TRUST,22368,885,10583,0,0,0,10181,4,164,0,0,0,1825,360,6253,0,0,94,33836,10349,69.41,1
2024-11-01,REM,NHS ENGLAND NORTH WEST ,LIVERPOOL UNIVERSITY HOSPITALS NHS FOUNDATION TRUST,15519,1791,8023,463,0,0,8126,97,177,94,0,0,2060,1092,4588,0,0,2398,25333,8400,66.84,1
2024-11-01,RFS,NHS ENGLAND MIDLANDS ,CHESTERFIELD ROYAL HOSPITAL NHS FOUNDATION TRUST,6922,0,5861,307,0,146,3553,0,323,138,0,18,961,192,2871,0,268,581,12783,3876,69.68,1
2024-11-01,RGN,NHS ENGLAND EAST OF ENGLAND ,NORTH WEST ANGLIA NHS FOUNDATION TRUST,14924,0,4326,409,0,446,6609,0,264,105,0,23,526,809,3732,0,59,1733,19250,6873,64.3,1
2024-11-01,RH8,NHS ENGLAND SOUTH WEST ,ROYAL DEVON UNIVERSITY HEALTHCARE NHS FOUNDATION TRUST,12241,0,4182,1280,0,65,5101,0,25,453,0,0,1445,87,4244,0,0,2233,16423,5126,68.79,1
2024-11-01,RHQ,NHS ENGLAND NORTH EAST AND YORKSHIRE ,SHEFFIELD TEACHING HOSPITALS NHS FOUNDATION TRUST,9085,1138,7648,333,2,948,5323,0,238,175,0,21,1482,16,3762,0,0,3039,17871,5561,68.88,1
2024-11-01,RK5,NHS ENGLAND MIDLANDS ,SHERWOOD FOREST HOSPITALS NHS FOUNDATION TRUST,10534,0,5660,354,0,155,4958,0,435,203,0,4,814,162,3804,0,1,267,16194,5393,66.7,1
2024-11-01,RKE,NHS ENGLAND LONDON,WHITTINGTON HEALTH NHS TRUST,9302,0,0,0,0,0,2715,0,0,0,0,0,251,233,1437,0,0,46,9302,2715,70.81,1
2024-11-01,RM1,NHS ENGLAND EAST OF ENGLAND ,NORFOLK AND NORWICH UNIVERSITY HOSPITALS NHS FOUNDATION TRUST,12235,0,8247,0,0,0,3991,0,1,0,0,0,981,213,2625,0,0,1658,20482,3992,80.51,1
2024-11-01,RM3,NHS ENGLAND NORTH WEST ,NORTHERN CARE ALLIANCE NHS FOUNDATION TRUST,26130,0,9115,0,0,0,12047,0,559,0,0,0,1252,1166,7384,0,407,2012,35245,12606,64.23,1
2024-11-01,RN3,NHS ENGLAND SOUTH WEST ,GREAT WESTERN HOSPITALS NHS FOUNDATION TRUST,5572,0,5356,0,0,0,2443,0,397,0,0,0,568,241,2425,0,0,1340,10928,2840,74.01,1
2024-11-01,RNA,NHS ENGLAND MIDLANDS ,THE DUDLEY GROUP NHS FOUNDATION TRUST,9439,0,5014,0,0,719,2494,0,255,0,0,0,2171,93,3750,0,0,2291,14453,2749,80.98,1
2024-11-01,RP5,NHS ENGLAND NORTH EAST AND YORKSHIRE ,DONCASTER AND BASSETLAW TEACHING HOSPITALS NHS FOUNDATION TRUST,13455,0,4061,0,0,0,4740,0,0,0,0,0,946,153,4164,0,484,1189,17516,4740,72.94,1
2024-11-01,RPA,NHS ENGLAND SOUTH EAST ,MEDWAY NHS FOUNDATION TRUST,9121,0,6396,360,0,1254,3152,0,646,92,0,0,327,771,1690,0,0,602,15517,3798,75.52,1
2024-11-01,RTE,NHS ENGLAND SOUTH WEST ,GLOUCESTERSHIRE HOSPITALS NHS FOUNDATION TRUST,13057,0,0,240,0,0,4981,0,0,75,0,0,411,403,2716,0,0,2226,13057,4981,61.85,1
2024-11-01,RTF,NHS ENGLAND NORTH EAST AND YORKSHIRE ,NORTHUMBRIA HEALTHCARE NHS FOUNDATION TRUST,9857,0,11634,0,0,0,2621,0,10,0,0,0,56,0,4042,0,40,450,21491,2631,87.76,1
2024-11-01,RTG,NHS ENGLAND MIDLANDS ,UNIVERSITY HOSPITALS OF DERBY AND BURTON NHS FOUNDATION TRUST,20055,0,9846,1968,0,22,9733,0,5,446,0,0,1167,1228,3984,0,0,1937,29901,9738,67.43,1
2024-11-01,RVJ,NHS ENGLAND SOUTH WEST ,NORTH BRISTOL NHS TRUST,9087,0,0,12,0,0,4072,0,0,4,0,0,518,526,3000,0,0,2023,9087,4072,55.19,1
2024-11-01,RWA,NHS ENGLAND NORTH EAST AND YORKSHIRE ,HULL UNIVERSITY TEACHING HOSPITALS NHS TRUST,9659,0,4715,0,0,0,5741,0,271,0,0,0,976,481,3693,0,0,2205,14374,6012,58.17,1
2024-11-01,RWD,NHS ENGLAND MIDLANDS ,UNITED LINCOLNSHIRE TEACHING HOSPITALS NHS TRUST,10824,0,9784,0,0,0,6337,0,1381,0,0,0,1214,874,4644,0,0,1160,20608,7718,62.55,1
2024-11-01,RWW,NHS ENGLAND NORTH WEST ,WARRINGTON AND HALTON TEACHING HOSPITALS NHS FOUNDATION TRUST,6927,0,2912,273,0,77,3572,0,107,88,0,1,745,498,1855,0,0,146,9839,3679,62.61,1
2024-11-01,RXN,NHS ENGLAND NORTH WEST ,LANCASHIRE TEACHING HOSPITALS NHS FOUNDATION TRUST,12214,0,3531,242,0,58,4689,0,96,38,0,1,1071,358,3302,0,101,1367,15745,4785,69.61,1
2024-11-01,RYJ,NHS ENGLAND LONDON,IMPERIAL COLLEGE HEALTHCARE NHS TRUST,11799,3680,7326,0,0,487,4774,50,456,0,0,0,628,312,3907,0,0,1097,22805,5280,76.85,1
2024-11-01,AJN,NHS ENGLAND NORTH EAST AND YORKSHIRE ,WORKINGTON HEALTH LIMITED,0,0,321,0,0,0,0,0,0,0,0,0,0,0,0,0,0,0,321,0,100.0,0
2024-11-01,R1H,NHS ENGLAND LONDON,BARTS HEALTH NHS TRUST,25692,985,17220,0,0,0,11813,58,1289,0,0,0,1139,1064,4448,2,59,1124,43897,13160,70.02,1
2024-11-01,RBS,NHS ENGLAND NORTH WEST ,ALDER HEY CHILDREN'S NHS FOUNDATION TRUST,6277,0,0,0,0,0,1663,0,0,0,0,0,1,0,957,0,0,340,6277,1663,73.51,1
2024-11-01,RD1,NHS ENGLAND SOUTH WEST ,ROYAL UNITED HOSPITALS BATH NHS FOUNDATION TRUST,8488,0,0,0,0,0,3715,0,0,0,0,0,785,131,2484,0,7,1733,8488,3715,56.23,1
2024-11-01,RFR,NHS ENGLAND NORTH EAST AND YORKSHIRE ,THE ROTHERHAM NHS FOUNDATION TRUST,8946,0,0,0,0,0,3391,0,0,0,0,0,612,16,1941,0,0,368,8946,3391,62.09,1
2024-11-01,RJ2,NHS ENGLAND LONDON,LEWISHAM AND GREENWICH NHS TRUST,14664,0,10734,0,0,0,7608,0,1390,0,0,0,1166,795,4682,0,0,1369,25398,8998,64.57,1
2024-11-01,RJL,NHS ENGLAND NORTH EAST AND YORKSHIRE ,NORTHERN LINCOLNSHIRE AND GOOLE NHS FOUNDATION TRUST,8858,0,6963,0,0,396,4148,0,55,0,0,6,607,699,5656,0,0,492,15821,4203,73.43,1
2024-11-01,RR7,NHS ENGLAND NORTH EAST AND YORKSHIRE ,GATESHEAD HEALTH NHS FOUNDATION TRUST,6257,0,3351,20,0,3,2570,0,19,9,0,0,1028,1,1592,0,0,54,9608,2589,73.05,1
2024-11-01,RVR,NHS ENGLAND LONDON,EPSOM AND ST HELIER UNIVERSITY HOSPITALS NHS TRUST,11520,314,1354,461,0,36,3620,0,99,73,0,0,381,652,2072,2,0,131,13188,3719,71.8,1
2024-11-01,RX1,NHS ENGLAND MIDLANDS ,NOTTINGHAM UNIVERSITY HOSPITALS NHS TRUST,16379,1715,266,0,0,0,8610,278,19,0,0,0,381,387,4581,0,0,4498,18360,8907,51.49,1
2024-11-01,RD8,NHS ENGLAND EAST OF ENGLAND ,MILTON KEYNES UNIVERSITY HOSPITAL NHS FOUNDATION TRUST,8345,0,5293,589,0,159,3457,0,214,239,0,0,717,0,2069,0,0,553,13638,3671,73.08,1
2024-11-01,RHU,NHS ENGLAND SOUTH EAST ,PORTSMOUTH HOSPITALS UNIVERSITY NATIONAL HEALTH SERVICE TRUST,9838,758,2829,1451,0,792,4855,4,55,780,0,6,1441,58,3387,0,0,2649,13425,4914,63.4,1
2024-11-01,RY2,NHS ENGLAND NORTH WEST ,BRIDGEWATER COMMUNITY HEALTHCARE NHS FOUNDATION TRUST,0,0,2989,0,0,174,0,0,72,0,0,3,0,0,0,0,0,0,2989,72,97.59,0
2024-11-01,RCB,NHS ENGLAND NORTH EAST AND YORKSHIRE ,YORK AND SCARBOROUGH TEACHING HOSPITALS NHS FOUNDATION TRUST,10945,361,6330,0,0,0,6389,0,245,0,0,0,850,883,4655,0,0,1651,17636,6634,62.38,1
2024-11-01,RMC,NHS ENGLAND NORTH WEST ,BOLTON NHS FOUNDATION TRUST,8295,0,3598,55,0,50,4308,0,170,19,0,1,512,585,2480,0,84,796,11893,4478,62.35,1
2024-11-01,RBL,NHS ENGLAND NORTH WEST ,WIRRAL UNIVERSITY TEACHING HOSPITAL NHS FOUNDATION TRUST,5970,0,3067,0,0,195,3101,0,29,0,0,1,303,693,1549,0,0,1491,9037,3130,65.36,1
2024-11-01,RHW,NHS ENGLAND SOUTH EAST ,ROYAL BERKSHIRE NHS FOUNDATION TRUST,11076,2259,1332,904,24,0,4378,15,0,306,0,0,545,1,2477,0,0,368,14667,4393,70.05,1
2024-11-01,RJ7,NHS ENGLAND LONDON,ST GEORGE'S UNIVERSITY HOSPITALS NHS FOUNDATION TRUST,9271,0,3242,560,0,0,3019,0,0,105,0,0,574,689,2709,0,0,801,12513,3019,75.87,1
2024-11-01,RQ3,NHS ENGLAND MIDLANDS ,BIRMINGHAM WOMEN'S AND CHILDREN'S NHS FOUNDATION TRUST,6522,0,0,0,0,0,2458,0,0,0,0,0,2,52,1196,0,0,151,6522,2458,62.31,1
2024-11-01,RJ1,NHS ENGLAND LONDON,GUY'S AND ST THOMAS' NHS FOUNDATION TRUST,10740,777,7075,0,0,0,4483,29,253,0,0,0,144,75,2255,0,0,264,18592,4765,74.37,1
2024-11-01,RTH,NHS ENGLAND SOUTH EAST ,OXFORD UNIVERSITY HOSPITALS NHS FOUNDATION TRUST,12714,1760,2407,1737,0,147,5265,0,5,579,0,1,1032,0,4782,114,14,4342,16881,5270,68.78,1
2024-11-01,RXK,NHS ENGLAND MIDLANDS ,SANDWELL AND WEST BIRMINGHAM HOSPITALS NHS TRUST,12424,1139,9388,566,0,0,5856,231,492,0,0,0,962,113,2638,0,0,543,22951,6579,71.33,1
2024-11-01,R0A,NHS ENGLAND NORTH WEST ,MANCHESTER UNIVERSITY NHS FOUNDATION TRUST,26244,2817,11453,3394,456,1013,13551,87,850,1707,9,115,4172,263,5795,131,167,445,40514,14488,64.24,1
2024-11-01,RXF,NHS ENGLAND NORTH EAST AND YORKSHIRE ,MID YORKSHIRE TEACHING NHS TRUST,16762,106,5926,120,0,84,7212,0,396,2,0,0,2286,736,3492,0,153,897,22794,7608,66.62,1
2024-11-01,AD913,NHS ENGLAND LONDON,BECKENHAM BEACON UCC,0,0,3498,0,0,271,0,0,57,0,0,0,0,0,0,0,0,0,3498,57,98.37,0
2024-11-01,R1K,NHS ENGLAND LONDON,LONDON NORTH WEST UNIVERSITY HEALTHCARE NHS TRUST,13834,0,15339,0,0,0,7833,0,369,0,0,0,753,557,6245,0,0,316,29173,8202,71.88,1
2024-10-01,Y02428,NHS ENGLAND EAST OF ENGLAND ,PUTNOE WALK IN CENTRE,0,0,2787,0,0,0,0,0,0,0,0,0,0,0,0,0,0,0,2787,0,100.0,0
2024-10-01,Y02615,NHS ENGLAND MIDLANDS ,SOUTH BIRMINGHAM GP WALK IN CENTRE,0,0,6852,0,0,0,0,0,0,0,0,0,0,0,0,0,0,0,6852,0,100.0,0
2024-10-01,AQN04,NHS ENGLAND SOUTH EAST ,PHL LYMINGTON UTC,0,0,2755,0,0,9,0,0,13,0,0,0,0,0,0,0,0,0,2755,13,99.53,0
2024-10-01,C82009,NHS ENGLAND MIDLANDS ,MARKET HARBOROUGH MED.CTR,0,0,266,0,0,0,0,0,0,0,0,0,0,0,0,0,0,0,266,0,100.0,0
2024-10-01,L83087,NHS ENGLAND SOUTH WEST ,OKEHAMPTON MEDICAL CENTRE,0,0,82,0,0,0,0,0,0,0,0,0,0,0,0,0,0,0,82,0,100.0,0
2024-10-01,NDJ,NHS ENGLAND SOUTH EAST ,FIRST COMMUNITY HEALTH AND CARE CIC,0,0,2300,0,0,0,0,0,0,0,0,0,0,0,0,0,0,0,2300,0,100.0,0
2024-10-01,NQT5F,NHS ENGLAND NORTH WEST ,SKELMERSDALE WALK IN CENTRE,0,0,1873,0,0,0,0,0,12,0,0,0,0,0,0,0,0,0,1873,12,99.36,0
2024-10-01,NQT5H,NHS ENGLAND SOUTH WEST ,PAULTON MEMORIAL HOSPITAL,0,0,1044,0,0,0,0,0,6,0,0,0,0,0,0,0,0,0,1044,6,99.43,0
2024-10-01,NQTE4,NHS ENGLAND MIDLANDS ,SUMMERFIELD URGENT CARE CENTRE,0,0,3204,0,0,0,0,0,0,0,0,0,0,0,0,0,0,0,3204,0,100.0,0
2024-10-01,NTV0B,NHS ENGLAND SOUTH EAST ,ASHFORD WALK-IN-CENTRE,0,0,2395,0,0,0,0,0,47,0,0,0,0,0,0,0,0,0,2395,47,98.04,0
2024-10-01,NTV0W,NHS ENGLAND SOUTH EAST ,WOKING WALK IN CENTRE,0,0,2422,0,0,0,0,0,47,0,0,0,0,0,0,0,0,0,2422,47,98.06,0
2024-10-01,RBT,NHS ENGLAND NORTH WEST ,MID CHESHIRE HOSPITALS NHS FOUNDATION TRUST,7453,0,2880,0,0,72,4423,0,43,0,0,9,605,636,2615,0,0,1171,10333,4466,56.78,1
2024-10-01,RTP,NHS ENGLAND SOUTH EAST ,SURREY AND SUSSEX HEALTHCARE NHS TRUST,10996,0,0,0,0,0,4244,0,0,0,0,0,579,582,3052,0,0,912,10996,4244,61.4,1
2024-10-01,RW1,NHS ENGLAND SOUTH EAST ,HAMPSHIRE AND ISLE OF WIGHT HEALTHCARE NHS FOUNDATION TRUST,0,0,2922,0,0,0,0,0,18,0,0,0,0,0,0,0,2,126,2922,18,99.38,0
2024-10-01,RWY,NHS ENGLAND NORTH EAST AND YORKSHIRE ,CALDERDALE AND HUDDERSFIELD NHS FOUNDATION TRUST,15686,0,0,0,0,0,5137,0,0,0,0,0,1329,3,3198,0,0,316,15686,5137,67.25,1
2024-10-01,RY7,NHS ENGLAND NORTH WEST ,WIRRAL COMMUNITY HEALTH AND CARE NHS FOUNDATION TRUST,0,0,4591,0,0,0,0,0,155,0,0,0,0,0,0,0,0,0,4591,155,96.62,0
2024-10-01,RYF,NHS ENGLAND SOUTH WEST ,SOUTH WESTERN AMBULANCE SERVICE NHS FOUNDATION TRUST,0,0,1598,0,0,7,0,0,69,0,0,0,0,0,0,0,0,0,1598,69,95.68,0
2024-10-01,Y02532,NHS ENGLAND NORTH WEST ,MIRIAM MINOR EMERGENCY,0,0,1595,0,0,0,0,0,0,0,0,0,0,0,0,0,0,0,1595,0,100.0,0
2024-10-01,Y03218,NHS ENGLAND LONDON,THE PINN UNREGISTERED WIC,0,0,1107,0,0,0,0,0,0,0,0,0,0,0,0,0,0,0,1107,0,100.0,0
2024-10-01,Y07709,NHS ENGLAND SOUTH EAST ,READING URGENT CARE CENTRE,0,0,2043,0,0,0,0,0,0,0,0,0,0,0,0,0,0,0,2043,0,100.0,0
2024-10-01,AAH,NHS ENGLAND SOUTH WEST ,TETBURY HOSPITAL TRUST LTD,0,0,499,0,0,0,0,0,0,0,0,0,0,0,0,0,0,0,499,0,100.0,0
2024-10-01,C82038,NHS ENGLAND MIDLANDS ,LATHAM HOUSE MEDICAL PRACTICE,0,0,324,0,0,0,0,0,0,0,0,0,0,0,0,0,0,0,324,0,100.0,0
2024-10-01,DT301,NHS ENGLAND EAST OF ENGLAND ,HERTS URGENT CARE (ASCOTS LANE),0,0,2202,0,0,0,0,0,60,0,0,0,0,0,0,0,0,0,2202,60,97.28,0
2024-10-01,G0Q0L,NHS ENGLAND LONDON,BARKING HOSPITAL UTC,0,0,3009,0,0,0,0,0,8,0,0,0,0,0,0,0,0,0,3009,8,99.73,0
2024-10-01,K6K0R,NHS ENGLAND LONDON,HAROLD WOOD POLYCLINIC UTC,0,0,2924,0,0,0,0,0,10,0,0,0,0,0,0,0,0,0,2924,10,99.66,0
2024-10-01,RJN,NHS ENGLAND NORTH WEST ,EAST CHESHIRE NHS TRUST,4608,0,0,75,0,45,2299,0,0,0,0,0,220,252,918,0,0,251,4608,2299,50.11,1
2024-10-01,RJR,NHS ENGLAND NORTH WEST ,COUNTESS OF CHESTER HOSPITAL NHS FOUNDATION TRUST,5106,0,2425,0,0,0,2859,0,208,0,0,0,253,717,1730,0,0,1558,7531,3067,59.27,1
2024-10-01,ACH01,NHS ENGLAND SOUTH EAST ,WHITSTABLE MEDICAL PRACTICE,0,0,6208,0,0,0,0,0,0,0,0,0,0,0,0,0,0,0,6208,0,100.0,0
2024-10-01,RW4,NHS ENGLAND NORTH WEST ,MERSEY CARE NHS FOUNDATION TRUST,0,0,14327,0,0,0,0,0,411,0,0,0,0,0,0,0,0,55,14327,411,97.13,0
2024-10-01,C83023,NHS ENGLAND MIDLANDS ,SLEAFORD MEDICAL GROUP,0,0,434,0,0,0,0,0,0,0,0,0,0,0,0,0,0,1,434,0,100.0,0
2024-10-01,REM,NHS ENGLAND NORTH WEST ,LIVERPOOL UNIVERSITY HOSPITALS NHS FOUNDATION TRUST,16042,1858,8708,551,0,0,8082,81,339,114,0,0,2014,1021,5136,0,0,3252,26608,8502,68.05,1
2024-10-01,RJL,NHS ENGLAND NORTH EAST AND YORKSHIRE ,NORTHERN LINCOLNSHIRE AND GOOLE NHS FOUNDATION TRUST,8854,0,6531,0,0,435,4323,0,40,0,0,1,653,859,5610,0,0,497,15385,4363,71.64,1
2024-10-01,RQX,NHS ENGLAND LONDON,HOMERTON HEALTHCARE NHS FOUNDATION TRUST,11338,0,0,0,0,0,2134,0,0,0,0,0,229,26,1843,0,0,370,11338,2134,81.18,1
2024-10-01,RDU,NHS ENGLAND SOUTH EAST ,FRIMLEY HEALTH NHS FOUNDATION TRUST,23210,1062,11372,0,0,0,11292,1,135,0,0,0,2018,259,6400,0,0,108,35644,11428,67.94,1
2024-10-01,RXQ,NHS ENGLAND SOUTH EAST ,BUCKINGHAMSHIRE HEALTHCARE NHS TRUST,11010,1194,3747,0,0,0,4402,0,287,0,0,0,323,347,4054,805,0,2106,15951,4689,70.6,1
2024-10-01,RFF,NHS ENGLAND NORTH EAST AND YORKSHIRE ,BARNSLEY HOSPITAL NHS FOUNDATION TRUST,9029,0,0,42,0,0,3373,0,0,0,0,0,511,0,3045,0,0,559,9029,3373,62.64,1
2024-10-01,NL7,NHS ENGLAND MIDLANDS ,ASSURA VERTIS URGENT CARE CENTRES (BIRMINGHAM),0,0,3896,0,0,0,0,0,0,0,0,0,0,0,0,0,0,0,3896,0,100.0,0
2024-10-01,RFR,NHS ENGLAND NORTH EAST AND YORKSHIRE ,THE ROTHERHAM NHS FOUNDATION TRUST,9227,0,0,0,0,0,3451,0,0,0,0,0,788,24,2005,0,0,390,9227,3451,62.6,1
2024-10-01,RGP,NHS ENGLAND EAST OF ENGLAND ,JAMES PAGET UNIVERSITY HOSPITALS NHS FOUNDATION TRUST,7574,0,1382,0,0,0,3200,0,0,0,0,0,637,444,1714,0,0,509,8956,3200,64.27,1
2024-10-01,RGR,NHS ENGLAND EAST OF ENGLAND ,WEST SUFFOLK NHS FOUNDATION TRUST,7823,0,650,31,0,0,2997,0,0,0,0,0,511,512,1885,0,0,375,8473,2997,64.63,1
2024-10-01,RLQ,NHS ENGLAND MIDLANDS ,WYE VALLEY NHS TRUST,6115,1155,123,175,0,0,2555,0,0,31,0,0,459,270,1429,0,0,152,7393,2555,65.44,1
2024-10-01,RPC,NHS ENGLAND SOUTH EAST ,QUEEN VICTORIA HOSPITAL NHS FOUNDATION TRUST,0,0,1499,0,0,0,0,0,19,0,0,0,0,0,0,0,6,551,1499,19,98.73,0
2024-10-01,RY5,NHS ENGLAND MIDLANDS ,LINCOLNSHIRE COMMUNITY HEALTH SERVICES NHS TRUST,0,0,8429,0,0,0,0,0,300,0,0,0,0,0,0,0,0,0,8429,300,96.44,0
2024-10-01,RY8,NHS ENGLAND MIDLANDS ,DERBYSHIRE COMMUNITY HEALTH SERVICES NHS FOUNDATION TRUST,0,0,6205,0,0,1787,0,0,48,0,0,6,0,0,0,0,0,0,6205,48,99.23,0
2024-10-01,AXG,NHS ENGLAND SOUTH WEST ,WILTSHIRE HEALTH & CARE,0,0,2461,0,0,0,0,0,58,0,0,0,0,0,0,0,0,0,2461,58,97.64,0
2024-10-01,NLX,NHS ENGLAND SOUTH WEST ,SIRONA CARE & HEALTH,0,0,8546,0,0,327,0,0,516,0,0,41,0,0,0,0,0,0,8546,516,93.96,1
2024-10-01,NNJ0H,NHS ENGLAND MIDLANDS ,LLR EA - THE MERLYN VAZ HEALTH & SOCIAL CARE CENTRE,0,0,210,0,0,2194,0,0,1,0,0,0,0,0,0,0,0,0,210,1,99.52,0
2024-10-01,NNJ12,NHS ENGLAND MIDLANDS ,MARKET HARBOROUGH,0,0,85,0,0,340,0,0,0,0,0,0,0,0,0,0,0,0,85,0,100.0,0
2024-10-01,NNJ13,NHS ENGLAND MIDLANDS ,MELTON MOWBRAY,0,0,69,0,0,370,0,0,0,0,0,0,0,0,0,0,0,0,69,0,100.0,0
2024-10-01,NNJ14,NHS ENGLAND MIDLANDS ,OADBY,0,0,526,0,0,2484,0,0,0,0,0,0,0,0,0,0,0,0,526,0,100.0,0
2024-10-01,NNJ15,NHS ENGLAND MIDLANDS ,OAKHAM,0,0,57,0,0,362,0,0,0,0,0,0,0,0,0,0,0,0,57,0,100.0,0
2024-10-01,NNJ,NHS ENGLAND MIDLANDS ,DHU HEALTH CARE C.I.C,0,0,1960,0,0,0,0,0,0,0,0,0,0,0,0,0,0,0,1960,0,100.0,0
2024-10-01,NR3,NHS ENGLAND MIDLANDS ,NOTTINGHAM CITYCARE PARTNERSHIP,0,0,5696,0,0,257,0,0,381,0,0,1,0,0,0,0,0,0,5696,381,93.31,1
2024-10-01,NTPAD,NHS ENGLAND SOUTH EAST ,PRACTICE PLUS GROUP SURGICAL CENTRE - ST MARYS PORTSMOUTH,0,0,5788,0,0,197,0,0,88,0,0,0,0,0,0,0,0,0,5788,88,98.48,0
2024-10-01,NV693,NHS ENGLAND NORTH WEST ,ROSSENDALE MIU & OOH,0,0,1037,0,0,0,0,0,0,0,0,0,0,0,0,0,0,0,1037,0,100.0,0
2024-10-01,R0A,NHS ENGLAND NORTH WEST ,MANCHESTER UNIVERSITY NHS FOUNDATION TRUST,25876,2943,11962,3669,534,887,12120,75,632,1631,20,90,4129,278,5939,136,173,457,40781,12827,68.55,1
2024-10-01,RA7,NHS ENGLAND SOUTH WEST ,UNIVERSITY HOSPITALS BRISTOL AND WESTON NHS FOUNDATION TRUST,16097,2388,0,0,0,0,5977,232,0,0,0,0,1286,440,5485,12,0,1522,18485,6209,66.41,1
2024-10-01,RA9,NHS ENGLAND SOUTH WEST ,TORBAY AND SOUTH DEVON NHS FOUNDATION TRUST,6217,0,3264,388,0,139,2976,0,12,143,0,0,397,149,2091,0,0,1249,9481,2988,68.48,1
2024-10-01,RAX,NHS ENGLAND LONDON,KINGSTON HOSPITAL NHS FOUNDATION TRUST,7198,0,8157,0,0,0,3440,0,271,0,0,0,264,421,2347,0,199,288,15355,3711,75.83,1
2024-10-01,RCD,NHS ENGLAND NORTH EAST AND YORKSHIRE ,HARROGATE AND DISTRICT NHS FOUNDATION TRUST,5070,0,900,330,0,15,1663,0,0,76,0,0,430,52,1145,0,0,331,5970,1663,72.14,1
2024-10-01,RCX,NHS ENGLAND EAST OF ENGLAND ,"THE QUEEN ELIZABETH HOSPITAL, KING'S LYNN, NHS FOUNDATION TRUST",6749,0,1170,0,0,0,2652,0,0,0,0,0,328,95,2041,0,0,317,7919,2652,66.51,1
2024-10-01,RHM,NHS ENGLAND SOUTH EAST ,UNIVERSITY HOSPITAL SOUTHAMPTON NHS FOUNDATION TRUST,12497,1243,0,266,0,0,4456,124,0,94,0,0,382,16,4045,3,0,1653,13740,4580,66.67,1
2024-10-01,RJ6,NHS ENGLAND LONDON,CROYDON HEALTH SERVICES NHS TRUST,12732,0,5002,0,0,0,5066,0,0,0,0,0,313,692,1333,0,0,95,17734,5066,71.43,1
2024-10-01,RNQ,NHS ENGLAND MIDLANDS ,KETTERING GENERAL HOSPITAL NHS FOUNDATION TRUST,9809,0,8514,343,0,0,3879,0,120,0,0,0,1465,0,1913,0,0,229,18323,3999,78.17,1
2024-10-01,RP6,NHS ENGLAND LONDON,MOORFIELDS EYE HOSPITAL NHS FOUNDATION TRUST,0,5551,0,0,0,0,0,39,0,0,0,0,0,0,0,4,0,225,5551,39,99.3,0
2024-10-01,RQ3,NHS ENGLAND MIDLANDS ,BIRMINGHAM WOMEN'S AND CHILDREN'S NHS FOUNDATION TRUST,5637,0,0,0,0,0,1136,0,0,0,0,0,0,0,1122,0,0,157,5637,1136,79.85,1
2024-10-01,RQW,NHS ENGLAND EAST OF ENGLAND ,THE PRINCESS ALEXANDRA HOSPITAL NHS TRUST,8389,0,2053,0,0,520,4590,0,0,0,0,0,502,171,2311,0,0,398,10442,4590,56.04,1
2024-10-01,RR7,NHS ENGLAND NORTH EAST AND YORKSHIRE ,GATESHEAD HEALTH NHS FOUNDATION TRUST,6465,0,3343,18,0,2,3128,0,26,8,0,0,1151,3,1648,0,0,59,9808,3154,67.84,1
2024-10-01,RRV,NHS ENGLAND LONDON,UNIVERSITY COLLEGE LONDON HOSPITALS NHS FOUNDATION TRUST,13764,0,0,389,0,0,3880,0,0,0,0,0,469,188,1490,0,0,291,13764,3880,71.81,1
2024-10-01,RTQ,NHS ENGLAND SOUTH WEST ,GLOUCESTERSHIRE HEALTH AND CARE NHS FOUNDATION TRUST,0,0,7641,0,0,0,0,0,41,0,0,0,0,0,0,0,0,28,7641,41,99.46,0
2024-10-01,RTX,NHS ENGLAND NORTH WEST ,UNIVERSITY HOSPITALS OF MORECAMBE BAY NHS FOUNDATION TRUST,9335,0,3143,180,0,755,2974,0,77,14,0,72,527,387,3280,0,30,1010,12478,3051,75.55,1
2024-10-01,RV9,NHS ENGLAND NORTH EAST AND YORKSHIRE ,HUMBER TEACHING NHS FOUNDATION TRUST,0,0,1004,0,0,38,0,0,14,0,0,1,0,0,0,0,0,0,1004,14,98.61,0
2024-10-01,RWF,NHS ENGLAND SOUTH EAST ,MAIDSTONE AND TUNBRIDGE WELLS NHS TRUST,18434,0,2087,735,0,164,3668,0,2,79,0,0,887,168,5145,0,0,953,20521,3670,82.12,1
2024-10-01,RWG,NHS ENGLAND EAST OF ENGLAND ,WEST HERTFORDSHIRE TEACHING HOSPITALS NHS TRUST,8674,0,7607,0,0,826,3662,0,145,0,0,0,966,27,4424,0,0,604,16281,3807,76.62,1
2024-10-01,RWP,NHS ENGLAND MIDLANDS ,WORCESTERSHIRE ACUTE HOSPITALS NHS TRUST,13269,0,5778,228,0,10,6573,0,72,89,0,0,786,487,3335,0,0,943,19047,6645,65.11,1
2024-10-01,RXW,NHS ENGLAND MIDLANDS ,THE SHREWSBURY AND TELFORD HOSPITAL NHS TRUST,10608,0,2459,0,0,0,6001,0,244,0,0,0,461,1060,3261,0,208,2262,13067,6245,52.21,1
2024-10-01,ARN03,NHS ENGLAND NORTH EAST AND YORKSHIRE ,LOCAL CARE DIRECT,0,0,2162,0,0,297,0,0,0,0,0,0,0,0,0,0,0,0,2162,0,100.0,0
2024-10-01,NNF09,NHS ENGLAND NORTH EAST AND YORKSHIRE ,BRANSHOLME HEALTH CENTRE,0,0,3742,0,0,0,0,0,219,0,0,0,0,0,0,0,0,0,3742,219,94.15,1
2024-10-01,NNF16,NHS ENGLAND NORTH EAST AND YORKSHIRE ,BRIDLINGTON HOSPITAL,0,0,1507,0,0,0,0,0,8,0,0,0,0,0,0,0,0,0,1507,8,99.47,0
2024-10-01,NNF94,NHS ENGLAND NORTH EAST AND YORKSHIRE ,EAST RIDING COMMUNITY HOSPITAL,0,0,2749,0,0,0,0,0,129,0,0,0,0,0,0,0,0,0,2749,129,95.31,0
2024-10-01,NNFA7,NHS ENGLAND NORTH EAST AND YORKSHIRE ,GOOLE & DISTRICT HOSPITAL,0,0,1612,0,0,0,0,0,13,0,0,0,0,0,0,0,0,0,1612,13,99.19,0
2024-10-01,NTP11,NHS ENGLAND SOUTH EAST ,PRACTICE PLUS GROUP HOSPITAL - SOUTHAMPTON,0,0,5533,0,0,0,0,0,126,0,0,0,0,0,0,0,0,0,5533,126,97.72,0
2024-10-01,R0B,NHS ENGLAND NORTH EAST AND YORKSHIRE ,SOUTH TYNESIDE AND SUNDERLAND NHS FOUNDATION TRUST,12481,1230,6020,553,0,1411,5966,44,284,274,0,59,925,2,4875,11,0,1509,19731,6294,68.1,1
2024-10-01,R0D,NHS ENGLAND SOUTH WEST ,UNIVERSITY HOSPITALS DORSET NHS FOUNDATION TRUST,13526,0,4825,0,0,0,5454,0,0,0,0,0,898,214,4188,4,0,2535,18351,5454,70.28,1
2024-10-01,R1K,NHS ENGLAND LONDON,LONDON NORTH WEST UNIVERSITY HEALTHCARE NHS TRUST,13495,0,14954,0,0,0,7150,0,100,0,0,0,691,674,6502,0,0,293,28449,7250,74.52,1
2024-10-01,RAE,NHS ENGLAND NORTH EAST AND YORKSHIRE ,BRADFORD TEACHING HOSPITALS NHS FOUNDATION TRUST,9611,1056,3218,0,0,0,2598,0,0,0,0,0,754,62,2692,0,39,1456,13885,2598,81.29,1
2024-10-01,RAJ,NHS ENGLAND EAST OF ENGLAND ,MID AND SOUTH ESSEX NHS FOUNDATION TRUST,31183,0,5670,4,0,1,10649,0,274,3,0,0,3190,40,9034,0,228,1274,36853,10923,70.36,1
2024-10-01,RAS,NHS ENGLAND LONDON,THE HILLINGDON HOSPITALS NHS FOUNDATION TRUST,6235,0,6588,0,0,0,3739,0,63,0,0,0,468,13,2080,0,0,100,12823,3802,70.35,1
2024-10-01,RBK,NHS ENGLAND MIDLANDS ,WALSALL HEALTHCARE NHS TRUST,10098,0,4486,23,0,151,3507,0,285,7,0,0,1168,100,4238,0,0,737,14584,3792,74.0,1
2024-10-01,RBN,NHS ENGLAND NORTH WEST ,MERSEY AND WEST LANCASHIRE TEACHING HOSPITALS NHS TRUST,17574,0,7443,449,0,0,6758,0,147,78,0,0,610,393,7520,0,7,720,25017,6905,72.4,1
2024-10-01,RBS,NHS ENGLAND NORTH WEST ,ALDER HEY CHILDREN'S NHS FOUNDATION TRUST,5891,0,0,0,0,0,1058,0,0,0,0,0,0,0,951,0,0,336,5891,1058,82.04,1
2024-10-01,RCB,NHS ENGLAND NORTH EAST AND YORKSHIRE ,YORK AND SCARBOROUGH TEACHING HOSPITALS NHS FOUNDATION TRUST,11390,397,6558,0,0,0,6641,0,240,0,0,0,969,785,4848,0,0,1624,18345,6881,62.49,1
2024-10-01,RCF,NHS ENGLAND NORTH EAST AND YORKSHIRE ,AIREDALE NHS FOUNDATION TRUST,6010,243,0,439,0,0,2557,0,0,0,0,0,509,212,1591,0,0,543,6253,2557,59.11,1
2024-10-01,RCU,NHS ENGLAND NORTH EAST AND YORKSHIRE ,SHEFFIELD CHILDREN'S NHS FOUNDATION TRUST,4852,0,334,353,0,34,420,0,0,31,0,0,7,0,1148,0,0,143,5186,420,91.9,1
2024-10-01,RD8,NHS ENGLAND EAST OF ENGLAND ,MILTON KEYNES UNIVERSITY HOSPITAL NHS FOUNDATION TRUST,8699,0,5036,532,0,179,3453,0,127,202,0,0,758,0,2139,0,0,469,13735,3580,73.94,1
2024-10-01,REF,NHS ENGLAND SOUTH WEST ,ROYAL CORNWALL HOSPITALS NHS TRUST,6319,0,11920,0,0,0,3890,0,855,0,0,0,565,689,2354,0,46,1313,18239,4745,73.98,1
2024-10-01,REP,NHS ENGLAND NORTH WEST ,LIVERPOOL WOMEN'S NHS FOUNDATION TRUST,0,1427,0,0,139,0,0,146,0,0,0,0,0,0,0,113,0,8,1427,146,89.77,1
2024-10-01,RGT,NHS ENGLAND EAST OF ENGLAND ,CAMBRIDGE UNIVERSITY HOSPITALS NHS FOUNDATION TRUST,11235,0,5746,229,0,280,5553,0,123,95,0,12,676,573,2846,0,20,406,16981,5676,66.57,1
2024-10-01,RH8,NHS ENGLAND SOUTH WEST ,ROYAL DEVON UNIVERSITY HEALTHCARE NHS FOUNDATION TRUST,12376,0,4635,1180,0,75,5046,0,5,409,0,0,1712,109,4090,0,0,2289,17011,5051,70.31,1
2024-10-01,RJE,NHS ENGLAND MIDLANDS ,UNIVERSITY HOSPITALS OF NORTH MIDLANDS NHS TRUST,13787,540,8450,755,0,547,7662,0,83,381,0,22,998,1126,5134,0,0,3897,22777,7745,66.0,1
2024-10-01,RK9,NHS ENGLAND SOUTH WEST ,UNIVERSITY HOSPITALS PLYMOUTH NHS TRUST,9604,154,5208,0,0,0,4906,0,106,0,0,0,577,718,2947,0,0,1484,14966,5012,66.51,1
2024-10-01,RKB,NHS ENGLAND MIDLANDS ,UNIVERSITY HOSPITALS COVENTRY AND WARWICKSHIRE NHS TRUST,12224,837,6415,0,0,0,5748,157,229,0,0,0,102,39,1854,33,120,586,19476,6134,68.5,1
2024-10-01,RL4,NHS ENGLAND MIDLANDS ,THE ROYAL WOLVERHAMPTON NHS TRUST,13180,0,8034,105,0,774,4103,0,84,18,0,0,984,553,5950,0,0,957,21214,4187,80.26,1
2024-10-01,RMP,NHS ENGLAND NORTH WEST ,TAMESIDE AND GLOSSOP INTEGRATED CARE NHS FOUNDATION TRUST,9228,0,2817,422,0,346,4461,0,0,0,0,0,582,475,1905,0,0,339,12045,4461,62.96,1
2024-10-01,RN7,NHS ENGLAND SOUTH EAST ,DARTFORD AND GRAVESHAM NHS TRUST,11331,0,3867,0,0,0,3976,0,18,0,0,0,678,168,3152,0,0,433,15198,3994,73.72,1
2024-10-01,RNN,NHS ENGLAND NORTH EAST AND YORKSHIRE ,NORTH CUMBRIA INTEGRATED CARE NHS FOUNDATION TRUST,9056,0,1685,317,0,26,4164,0,46,77,0,0,776,725,2430,0,0,776,10741,4210,60.8,1
2024-10-01,RNU,NHS ENGLAND SOUTH EAST ,OXFORD HEALTH NHS FOUNDATION TRUST,0,0,4116,0,0,0,0,0,449,0,0,0,0,0,0,0,0,0,4116,449,89.09,1
2024-10-01,RNZ,NHS ENGLAND SOUTH WEST ,SALISBURY NHS FOUNDATION TRUST,4690,376,1679,134,0,0,2061,0,0,61,0,0,483,3,1412,0,0,1040,6745,2061,69.44,1
2024-10-01,RRK,NHS ENGLAND MIDLANDS ,UNIVERSITY HOSPITALS BIRMINGHAM NHS FOUNDATION TRUST,35181,336,1655,14,0,218,13653,0,18,5,0,5,2234,2232,11498,0,0,7137,37172,13671,63.22,1
2024-10-01,RTG,NHS ENGLAND MIDLANDS ,UNIVERSITY HOSPITALS OF DERBY AND BURTON NHS FOUNDATION TRUST,20565,0,9671,1830,0,32,9532,0,1,437,0,0,970,1095,4166,0,1,2043,30236,9533,68.47,1
2024-10-01,RTK,NHS ENGLAND SOUTH EAST ,ASHFORD AND ST PETER'S HOSPITALS NHS FOUNDATION TRUST,10318,0,0,0,0,0,3390,0,0,0,0,0,465,385,2878,0,0,584,10318,3390,67.14,1
2024-10-01,RVW,NHS ENGLAND NORTH EAST AND YORKSHIRE ,NORTH TEES AND HARTLEPOOL NHS FOUNDATION TRUST,4918,0,11890,0,0,0,2682,0,39,0,0,0,228,3,1760,0,543,2470,16808,2721,83.81,1
2024-10-01,RWA,NHS ENGLAND NORTH EAST AND YORKSHIRE ,HULL UNIVERSITY TEACHING HOSPITALS NHS TRUST,9919,0,4728,0,0,0,5907,0,107,0,0,0,963,575,3652,0,0,2344,14647,6014,58.94,1
2024-10-01,RWE,NHS ENGLAND MIDLANDS ,UNIVERSITY HOSPITALS OF LEICESTER NHS TRUST,22203,1913,0,0,0,0,9625,174,0,0,0,0,1490,1105,6432,2,0,3643,24116,9799,59.37,1
2024-10-01,RXC,NHS ENGLAND SOUTH EAST ,EAST SUSSEX HEALTHCARE NHS TRUST,8782,0,2483,1446,0,1457,4124,0,61,0,0,0,236,71,3450,0,0,475,11265,4185,62.85,1
2024-10-01,RXK,NHS ENGLAND MIDLANDS ,SANDWELL AND WEST BIRMINGHAM HOSPITALS NHS TRUST,13983,1112,8755,862,0,0,6437,159,257,0,0,0,887,185,2773,33,0,566,23850,6853,71.27,1
2024-10-01,RXR,NHS ENGLAND NORTH WEST ,EAST LANCASHIRE HOSPITALS NHS TRUST,13289,0,10241,0,0,0,4885,0,577,0,0,0,476,1119,4103,0,69,1632,23530,5462,76.79,1
2024-10-01,RY2,NHS ENGLAND NORTH WEST ,BRIDGEWATER COMMUNITY HEALTHCARE NHS FOUNDATION TRUST,0,0,3175,0,0,172,0,0,48,0,0,0,0,0,0,0,0,0,3175,48,98.49,0
2024-10-01,RY4,NHS ENGLAND EAST OF ENGLAND ,HERTFORDSHIRE COMMUNITY NHS TRUST,0,0,1192,0,0,0,0,0,45,0,0,0,0,0,0,0,0,0,1192,45,96.22,0
2024-10-01,RYR,NHS ENGLAND SOUTH EAST ,UNIVERSITY HOSPITALS SUSSEX NHS FOUNDATION TRUST,22675,1532,5384,1305,0,1062,9442,34,445,420,0,28,1479,1413,8823,31,48,1478,29591,9921,66.47,1
2024-10-01,Y02147,NHS ENGLAND LONDON,URGENT CARE CENTRE (QMS),0,0,7773,0,0,481,0,0,199,0,0,7,0,0,0,0,0,0,7773,199,97.44,0
2024-10-01,AJN,NHS ENGLAND NORTH EAST AND YORKSHIRE ,WORKINGTON HEALTH LIMITED,0,0,352,0,0,0,0,0,0,0,0,0,0,0,0,0,0,0,352,0,100.0,0
2024-10-01,R1F,NHS ENGLAND SOUTH EAST ,ISLE OF WIGHT NHS TRUST,4072,291,1357,20,0,14,1920,0,0,6,0,0,263,121,985,0,0,318,5720,1920,66.43,1
2024-10-01,RA2,NHS ENGLAND SOUTH EAST ,ROYAL SURREY COUNTY HOSPITAL NHS FOUNDATION TRUST,6970,0,1411,771,0,7,2175,0,0,189,0,0,378,30,2445,0,0,1104,8381,2175,74.05,1
2024-10-01,RC9,NHS ENGLAND EAST OF ENGLAND ,BEDFORDSHIRE HOSPITALS NHS FOUNDATION TRUST,16766,0,8207,0,0,865,6847,0,0,0,0,0,81,49,4735,0,0,2331,24973,6847,72.58,1
2024-10-01,RD1,NHS ENGLAND SOUTH WEST ,ROYAL UNITED HOSPITALS BATH NHS FOUNDATION TRUST,8824,0,0,0,0,0,3593,0,0,0,0,0,742,123,2539,0,12,1668,8824,3593,59.28,1
2024-10-01,RDE,NHS ENGLAND EAST OF ENGLAND ,EAST SUFFOLK AND NORTH ESSEX NHS FOUNDATION TRUST,14759,0,12190,830,0,276,7564,0,282,0,0,0,1263,541,6386,0,386,1167,26949,7846,70.89,1
2024-10-01,RDR,NHS ENGLAND SOUTH EAST ,SUSSEX COMMUNITY NHS FOUNDATION TRUST,0,0,11958,0,0,0,0,0,86,0,0,0,0,0,0,0,0,0,11958,86,99.28,0
2024-10-01,RFS,NHS ENGLAND MIDLANDS ,CHESTERFIELD ROYAL HOSPITAL NHS FOUNDATION TRUST,7336,0,6024,248,0,127,4047,0,307,117,0,11,1195,213,2948,0,266,681,13360,4354,67.41,1
2024-10-01,RHQ,NHS ENGLAND NORTH EAST AND YORKSHIRE ,SHEFFIELD TEACHING HOSPITALS NHS FOUNDATION TRUST,9401,1200,7950,373,2,992,5243,0,193,186,0,28,1514,18,3820,0,0,3123,18551,5436,70.7,1
2024-10-01,RJ1,NHS ENGLAND LONDON,GUY'S AND ST THOMAS' NHS FOUNDATION TRUST,10724,763,7247,0,0,0,4889,67,353,0,0,0,189,76,2185,0,0,288,18734,5309,71.66,1
2024-10-01,RJZ,NHS ENGLAND LONDON,KING'S COLLEGE HOSPITAL NHS FOUNDATION TRUST,15923,0,8840,60,0,1252,7443,0,542,19,0,1,1818,828,4072,0,0,311,24763,7985,67.75,1
2024-10-01,RKE,NHS ENGLAND LONDON,WHITTINGTON HEALTH NHS TRUST,9209,0,0,0,0,0,2424,0,0,0,0,0,237,331,1357,0,0,50,9209,2424,73.68,1
2024-10-01,RLT,NHS ENGLAND MIDLANDS ,GEORGE ELIOT HOSPITAL NHS TRUST,6953,0,1734,0,0,0,2358,0,29,0,0,0,523,380,1151,0,0,39,8687,2387,72.52,1
2024-10-01,RN5,NHS ENGLAND SOUTH EAST ,HAMPSHIRE HOSPITALS NHS FOUNDATION TRUST,13049,65,604,0,0,153,5325,0,0,0,0,0,241,23,4536,6,0,1205,13718,5325,61.18,1
2024-10-01,RNA,NHS ENGLAND MIDLANDS ,THE DUDLEY GROUP NHS FOUNDATION TRUST,10125,0,4534,0,0,741,2666,0,116,0,0,0,2207,70,3683,0,0,2575,14659,2782,81.02,1
2024-10-01,RP5,NHS ENGLAND NORTH EAST AND YORKSHIRE ,DONCASTER AND BASSETLAW TEACHING HOSPITALS NHS FOUNDATION TRUST,13574,0,4089,0,0,0,5246,0,2,0,0,0,1059,271,4266,0,519,1213,17663,5248,70.29,1
2024-10-01,RPA,NHS ENGLAND SOUTH EAST ,MEDWAY NHS FOUNDATION TRUST,9262,0,6334,351,0,910,3029,0,469,68,0,0,338,693,1830,0,0,622,15596,3498,77.57,1
2024-10-01,RQM,NHS ENGLAND LONDON,CHELSEA AND WESTMINSTER HOSPITAL NHS FOUNDATION TRUST,19934,0,6442,580,0,0,6299,0,76,0,0,0,1181,72,2850,0,0,397,26376,6375,75.83,1
2024-10-01,RRF,NHS ENGLAND NORTH WEST ,"WRIGHTINGTON, WIGAN AND LEIGH NHS FOUNDATION TRUST",7459,0,5095,0,0,0,3748,0,39,0,0,0,1249,429,2418,0,0,808,12554,3787,69.83,1
2024-10-01,RTD,NHS ENGLAND NORTH EAST AND YORKSHIRE ,THE NEWCASTLE UPON TYNE HOSPITALS NHS FOUNDATION TRUST,13523,1725,5578,0,0,1010,5402,157,0,0,0,0,709,31,3487,12,0,2912,20826,5559,73.31,1
2024-10-01,RTE,NHS ENGLAND SOUTH WEST ,GLOUCESTERSHIRE HOSPITALS NHS FOUNDATION TRUST,13122,0,0,207,0,0,5153,0,0,54,0,0,385,597,2666,0,0,2307,13122,5153,60.73,1
2024-10-01,RTR,NHS ENGLAND NORTH EAST AND YORKSHIRE ,SOUTH TEES HOSPITALS NHS FOUNDATION TRUST,7962,0,9112,0,0,1695,4212,0,667,0,0,97,458,33,2977,0,131,2520,17074,4879,71.42,1
2024-10-01,RVJ,NHS ENGLAND SOUTH WEST ,NORTH BRISTOL NHS TRUST,9291,0,0,26,0,0,3842,0,0,6,0,0,626,419,3223,0,0,2096,9291,3842,58.65,1
2024-10-01,RVR,NHS ENGLAND LONDON,EPSOM AND ST HELIER UNIVERSITY HOSPITALS NHS TRUST,11283,347,1356,318,1,15,3233,0,105,29,0,0,299,659,1935,3,0,140,12986,3338,74.3,1
2024-10-01,RVV,NHS ENGLAND SOUTH EAST ,EAST KENT HOSPITALS UNIVERSITY NHS FOUNDATION TRUST,13636,0,12703,0,0,0,6263,0,468,0,0,0,531,1171,3156,0,545,540,26339,6731,74.44,1
2024-10-01,RWD,NHS ENGLAND MIDLANDS ,UNITED LINCOLNSHIRE HOSPITALS NHS TRUST,10357,0,9820,0,0,0,6293,0,1247,0,0,0,1023,1171,4476,0,0,1081,20177,7540,62.63,1
2024-10-01,RWH,NHS ENGLAND EAST OF ENGLAND ,EAST AND NORTH HERTFORDSHIRE NHS TRUST,9362,0,7726,0,0,0,5240,0,148,0,0,0,234,107,3491,0,76,291,17088,5388,68.47,1
2024-10-01,RWJ,NHS ENGLAND NORTH WEST ,STOCKPORT NHS FOUNDATION TRUST,7968,0,1044,230,0,43,3404,0,35,88,0,4,820,299,2854,0,61,879,9012,3439,61.84,1
2024-10-01,RX1,NHS ENGLAND MIDLANDS ,NOTTINGHAM UNIVERSITY HOSPITALS NHS TRUST,16524,1792,320,117,0,0,9039,238,18,54,0,0,606,481,4594,0,0,4607,18636,9295,50.12,1
2024-10-01,RXN,NHS ENGLAND NORTH WEST ,LANCASHIRE TEACHING HOSPITALS NHS FOUNDATION TRUST,12022,0,3620,254,0,90,4652,0,101,42,0,0,1108,409,3238,0,90,1329,15642,4753,69.61,1
2024-10-01,RXP,NHS ENGLAND NORTH EAST AND YORKSHIRE ,COUNTY DURHAM AND DARLINGTON NHS FOUNDATION TRUST,13500,0,4332,0,0,7236,5377,0,0,0,0,0,2186,23,4380,0,0,776,17832,5377,69.85,1
2024-10-01,RYY,NHS ENGLAND SOUTH EAST ,KENT COMMUNITY HEALTH NHS FOUNDATION TRUST,0,0,15413,0,0,0,0,0,61,0,0,0,0,0,0,0,0,0,15413,61,99.6,0
2024-10-01,Y02676,NHS ENGLAND SOUTH EAST ,BRIGHTON STATION HEALTH CENTRE,0,0,1902,0,0,0,0,0,0,0,0,0,0,0,0,0,0,0,1902,0,100.0,0
2024-10-01,R1D,NHS ENGLAND MIDLANDS ,SHROPSHIRE COMMUNITY HEALTH NHS TRUST,0,0,3110,0,0,0,0,0,12,0,0,0,0,0,0,0,0,0,3110,12,99.61,0
2024-10-01,R1H,NHS ENGLAND LONDON,BARTS HEALTH NHS TRUST,25988,975,17703,0,0,0,11891,45,1311,0,0,0,1195,1199,4595,1,48,1169,44666,13247,70.34,1
2024-10-01,RAP,NHS ENGLAND LONDON,NORTH MIDDLESEX UNIVERSITY HOSPITAL NHS TRUST,8680,489,6834,73,0,110,4763,11,622,33,0,10,285,848,1507,0,157,77,16003,5396,66.28,1
2024-10-01,RF4,NHS ENGLAND LONDON,"BARKING, HAVERING AND REDBRIDGE UNIVERSITY HOSPITALS NHS TRUST",13771,2423,13337,0,0,0,6197,322,153,0,0,0,759,753,8228,0,0,380,29531,6672,77.41,1
2024-10-01,RHU,NHS ENGLAND SOUTH EAST ,PORTSMOUTH HOSPITALS UNIVERSITY NATIONAL HEALTH SERVICE TRUST,10460,830,3080,1196,0,709,6042,9,95,0,0,0,1594,131,3495,0,0,2617,14370,6146,57.23,1
2024-10-01,RJ2,NHS ENGLAND LONDON,LEWISHAM AND GREENWICH NHS TRUST,14416,0,10995,0,0,0,7615,0,1508,0,0,0,1215,802,4024,0,0,1474,25411,9123,64.1,1
2024-10-01,RM1,NHS ENGLAND EAST OF ENGLAND ,NORFOLK AND NORWICH UNIVERSITY HOSPITALS NHS FOUNDATION TRUST,12575,0,8499,0,0,0,4452,0,2,0,0,0,1093,306,2703,0,0,1764,21074,4454,78.86,1
2024-10-01,RR8,NHS ENGLAND NORTH EAST AND YORKSHIRE ,LEEDS TEACHING HOSPITALS NHS TRUST,18217,710,12262,34,0,57,8009,0,113,8,0,0,1783,461,3899,0,0,1319,31189,8122,73.96,1
2024-10-01,RTF,NHS ENGLAND NORTH EAST AND YORKSHIRE ,NORTHUMBRIA HEALTHCARE NHS FOUNDATION TRUST,10277,0,12309,0,0,0,3054,0,4,0,0,0,113,1,4054,0,50,457,22586,3058,86.46,1
2024-10-01,RWX,NHS ENGLAND SOUTH EAST ,BERKSHIRE HEALTHCARE NHS FOUNDATION TRUST,0,0,1470,0,0,0,0,0,14,0,0,0,0,0,0,0,28,0,1470,14,99.05,0
2024-10-01,RXF,NHS ENGLAND NORTH EAST AND YORKSHIRE ,MID YORKSHIRE TEACHING NHS TRUST,16821,162,6154,124,0,91,7417,0,466,2,0,2,2491,205,3833,0,166,891,23137,7883,65.93,1
2024-10-01,RYJ,NHS ENGLAND LONDON,IMPERIAL COLLEGE HEALTHCARE NHS TRUST,12400,3848,7519,0,0,484,5086,21,545,0,0,0,655,461,4108,1,0,1235,23767,5652,76.22,1
2024-10-01,RGN,NHS ENGLAND EAST OF ENGLAND ,NORTH WEST ANGLIA NHS FOUNDATION TRUST,14981,0,4400,316,0,448,6417,0,208,71,0,6,516,847,3826,0,36,1517,19381,6625,65.82,1
2024-10-01,RK5,NHS ENGLAND MIDLANDS ,SHERWOOD FOREST HOSPITALS NHS FOUNDATION TRUST,10856,0,5622,339,0,151,4824,0,256,152,0,1,812,150,3933,0,0,251,16478,5080,69.17,1
2024-10-01,RYX,NHS ENGLAND LONDON,CENTRAL LONDON COMMUNITY HEALTHCARE NHS TRUST,0,0,11907,0,0,464,0,0,323,0,0,13,0,0,0,0,0,0,11907,323,97.29,0
2024-10-01,RH5,NHS ENGLAND SOUTH WEST ,SOMERSET NHS FOUNDATION TRUST,13140,0,9517,0,0,0,5631,0,236,0,0,0,491,78,3303,0,0,2173,22657,5867,74.11,1
2024-10-01,RHW,NHS ENGLAND SOUTH EAST ,ROYAL BERKSHIRE NHS FOUNDATION TRUST,11638,2479,1390,975,24,0,4294,21,0,271,0,0,539,0,2340,0,0,404,15507,4315,72.17,1
2024-10-01,RN3,NHS ENGLAND SOUTH WEST ,GREAT WESTERN HOSPITALS NHS FOUNDATION TRUST,5742,0,5558,0,0,0,2707,0,393,0,0,0,683,268,2574,0,0,1407,11300,3100,72.57,1
2024-10-01,RNS,NHS ENGLAND MIDLANDS ,NORTHAMPTON GENERAL HOSPITAL NHS TRUST,10232,541,2347,1714,0,81,3859,6,115,527,0,5,462,804,2053,0,0,1304,13120,3980,69.66,1
2024-10-01,RAL,NHS ENGLAND LONDON,ROYAL FREE LONDON NHS FOUNDATION TRUST,17893,0,8899,0,0,0,6677,0,119,0,0,0,1116,835,4011,0,0,597,26792,6796,74.63,1
2024-10-01,RBL,NHS ENGLAND NORTH WEST ,WIRRAL UNIVERSITY TEACHING HOSPITAL NHS FOUNDATION TRUST,8011,0,3133,0,0,224,4446,0,13,0,0,2,471,878,2161,0,0,1920,11144,4459,59.99,1
2024-10-01,RJC,NHS ENGLAND MIDLANDS ,SOUTH WARWICKSHIRE UNIVERSITY NHS FOUNDATION TRUST,8720,0,442,0,0,0,3373,0,0,0,0,0,441,1,2487,0,0,926,9162,3373,63.18,1
2024-10-01,RM3,NHS ENGLAND NORTH WEST ,NORTHERN CARE ALLIANCE NHS FOUNDATION TRUST,26692,0,9335,0,0,0,11798,0,437,0,0,0,1260,1316,7515,0,379,2027,36027,12235,66.04,1
2024-10-01,RTH,NHS ENGLAND SOUTH EAST ,OXFORD UNIVERSITY HOSPITALS NHS FOUNDATION TRUST,12988,1830,2419,1789,0,132,5258,0,3,671,0,2,947,0,4821,117,9,4774,17237,5261,69.48,1
2024-10-01,RWW,NHS ENGLAND NORTH WEST ,WARRINGTON AND HALTON TEACHING HOSPITALS NHS FOUNDATION TRUST,7216,0,3065,252,0,116,3728,0,93,86,0,4,676,843,1808,0,0,175,10281,3821,62.83,1
2024-10-01,NQT51,NHS ENGLAND SOUTH EAST ,STATION PLAZA HEALTH CENTRE,0,0,1138,0,0,0,0,0,0,0,0,0,0,0,0,0,0,0,1138,0,100.0,0
2024-10-01,RJ7,NHS ENGLAND LONDON,ST GEORGE'S UNIVERSITY HOSPITALS NHS FOUNDATION TRUST,9297,0,3353,554,0,0,2771,0,4,86,0,0,635,798,2685,0,0,777,12650,2775,78.06,1
2024-10-01,RBD,NHS ENGLAND SOUTH WEST ,DORSET COUNTY HOSPITAL NHS FOUNDATION TRUST,4194,0,0,384,0,4079,1726,0,0,88,0,2,213,41,1880,0,0,506,4194,1726,58.85,1
2024-10-01,RMC,NHS ENGLAND NORTH WEST ,BOLTON NHS FOUNDATION TRUST,8453,0,3584,86,0,61,4365,0,180,41,0,4,505,675,2380,0,113,886,12037,4545,62.24,1
2024-10-01,NNJ07,NHS ENGLAND MIDLANDS ,LOUGHBOROUGH URGENT CARE CENTRE,0,0,6146,0,0,610,0,0,30,0,0,0,0,0,0,0,0,0,6146,30,99.51,0
2024-10-01,RXL,NHS ENGLAND NORTH WEST ,BLACKPOOL TEACHING HOSPITALS NHS FOUNDATION TRUST,8970,0,10528,332,0,305,4194,0,90,113,0,0,379,805,2583,0,0,1587,19498,4284,78.03,1
2024-10-01,AD913,NHS ENGLAND LONDON,BECKENHAM BEACON UCC,0,0,3624,0,0,307,0,0,26,0,0,0,0,0,0,0,0,0,3624,26,99.28,0
2024-09-01,C83023,NHS ENGLAND MIDLANDS ,SLEAFORD MEDICAL GROUP,0,0,402,0,0,0,0,0,0,0,0,0,0,0,0,0,0,0,402,0,100.0,0
2024-09-01,RW1,NHS ENGLAND SOUTH EAST ,SOUTHERN HEALTH NHS FOUNDATION TRUST,0,0,2834,0,0,0,0,0,50,0,0,0,0,0,0,0,0,114,2834,50,98.24,0
2024-09-01,Y02615,NHS ENGLAND MIDLANDS ,SOUTH BIRMINGHAM GP WALK IN CENTRE,0,0,6285,0,0,0,0,0,0,0,0,0,0,0,0,0,0,0,6285,0,100.0,0
2024-09-01,AAH,NHS ENGLAND SOUTH WEST ,TETBURY HOSPITAL TRUST LTD,0,0,515,0,0,0,0,0,0,0,0,0,0,0,0,0,0,0,515,0,100.0,0
2024-09-01,ACH01,NHS ENGLAND SOUTH EAST ,WHITSTABLE MEDICAL PRACTICE,0,0,5599,0,0,0,0,0,0,0,0,0,0,0,0,0,0,0,5599,0,100.0,0
2024-09-01,C82009,NHS ENGLAND MIDLANDS ,MARKET HARBOROUGH MED.CTR,0,0,319,0,0,0,0,0,0,0,0,0,0,0,0,0,0,0,319,0,100.0,0
2024-09-01,C82038,NHS ENGLAND MIDLANDS ,LATHAM HOUSE MEDICAL PRACTICE,0,0,322,0,0,0,0,0,0,0,0,0,0,0,0,0,0,0,322,0,100.0,0
2024-09-01,G0Q0L,NHS ENGLAND LONDON,BARKING HOSPITAL UTC,0,0,2605,0,0,0,0,0,14,0,0,0,0,0,0,0,0,0,2605,14,99.46,0
2024-09-01,K6K0R,NHS ENGLAND LONDON,HAROLD WOOD POLYCLINIC UTC,0,0,2638,0,0,0,0,0,6,0,0,0,0,0,0,0,0,0,2638,6,99.77,0
2024-09-01,NQT51,NHS ENGLAND SOUTH EAST ,STATION PLAZA HEALTH CENTRE,0,0,1005,0,0,0,0,0,0,0,0,0,0,0,0,0,0,0,1005,0,100.0,0
2024-09-01,NQT5F,NHS ENGLAND NORTH WEST ,SKELMERSDALE WALK IN CENTRE,0,0,1749,0,0,0,0,0,27,0,0,0,0,0,0,0,0,0,1749,27,98.46,0
2024-09-01,NQT5H,NHS ENGLAND SOUTH WEST ,PAULTON MEMORIAL HOSPITAL,0,0,1011,0,0,0,0,0,4,0,0,0,0,0,0,0,0,0,1011,4,99.6,0
2024-09-01,NTP11,NHS ENGLAND SOUTH EAST ,PRACTICE PLUS GROUP HOSPITAL - SOUTHAMPTON,0,0,5011,0,0,0,0,0,89,0,0,0,0,0,0,0,0,0,5011,89,98.22,0
2024-09-01,NTV0B,NHS ENGLAND SOUTH EAST ,ASHFORD WALK-IN-CENTRE,0,0,2297,0,0,0,0,0,38,0,0,0,0,0,0,0,0,0,2297,38,98.35,0
2024-09-01,NTV0W,NHS ENGLAND SOUTH EAST ,WOKING WALK IN CENTRE,0,0,2304,0,0,0,0,0,38,0,0,0,0,0,0,0,0,0,2304,38,98.35,0
2024-09-01,RGP,NHS ENGLAND EAST OF ENGLAND ,JAMES PAGET UNIVERSITY HOSPITALS NHS FOUNDATION TRUST,7222,0,1456,0,0,0,3015,0,0,0,0,0,543,293,1554,0,0,427,8678,3015,65.26,1
2024-09-01,RWY,NHS ENGLAND NORTH EAST AND YORKSHIRE ,CALDERDALE AND HUDDERSFIELD NHS FOUNDATION TRUST,14877,0,0,0,0,0,4629,0,0,0,0,0,1150,4,3005,0,0,343,14877,4629,68.88,1
2024-09-01,RXL,NHS ENGLAND NORTH WEST ,BLACKPOOL TEACHING HOSPITALS NHS FOUNDATION TRUST,8420,0,9821,286,0,238,3917,0,59,100,0,0,362,721,2461,0,0,1367,18241,3976,78.2,1
2024-09-01,RY7,NHS ENGLAND NORTH WEST ,WIRRAL COMMUNITY HEALTH AND CARE NHS FOUNDATION TRUST,0,0,4248,0,0,0,0,0,100,0,0,0,0,0,0,0,0,0,4248,100,97.65,0
2024-09-01,Y02532,NHS ENGLAND NORTH WEST ,MIRIAM MINOR EMERGENCY,0,0,1522,0,0,0,0,0,0,0,0,0,0,0,0,0,0,0,1522,0,100.0,0
2024-09-01,Y02676,NHS ENGLAND SOUTH EAST ,BRIGHTON STATION HEALTH CENTRE,0,0,1700,0,0,0,0,0,0,0,0,0,0,0,0,0,0,0,1700,0,100.0,0
2024-09-01,NL7,NHS ENGLAND MIDLANDS ,ASSURA VERTIS URGENT CARE CENTRES (BIRMINGHAM),0,0,3499,0,0,0,0,0,0,0,0,0,0,0,0,0,0,0,3499,0,100.0,0
2024-09-01,NQTE4,NHS ENGLAND MIDLANDS ,SUMMERFIELD URGENT CARE CENTRE,0,0,3003,0,0,0,0,0,0,0,0,0,0,0,0,0,0,0,3003,0,100.0,0
2024-09-01,RA9,NHS ENGLAND SOUTH WEST ,TORBAY AND SOUTH DEVON NHS FOUNDATION TRUST,6235,0,3242,375,0,127,3248,0,22,180,0,0,363,82,2083,0,0,1131,9477,3270,65.5,1
2024-09-01,RTP,NHS ENGLAND SOUTH EAST ,SURREY AND SUSSEX HEALTHCARE NHS TRUST,10289,0,0,0,0,0,3736,0,0,0,0,0,495,674,3107,0,0,839,10289,3736,63.69,1
2024-09-01,RY4,NHS ENGLAND EAST OF ENGLAND ,HERTFORDSHIRE COMMUNITY NHS TRUST,0,0,1181,0,0,0,0,0,27,0,0,0,0,0,0,0,0,0,1181,27,97.71,0
2024-09-01,RYY,NHS ENGLAND SOUTH EAST ,KENT COMMUNITY HEALTH NHS FOUNDATION TRUST,0,0,15014,0,0,0,0,0,48,0,0,0,0,0,0,0,0,0,15014,48,99.68,0
2024-09-01,Y02147,NHS ENGLAND LONDON,URGENT CARE CENTRE (QMS),0,0,7268,0,0,427,0,0,175,0,0,6,0,0,0,0,0,0,7268,175,97.59,0
2024-09-01,NDJ,NHS ENGLAND SOUTH EAST ,FIRST COMMUNITY HEALTH AND CARE CIC,0,0,2312,0,0,0,0,0,0,0,0,0,0,0,0,0,0,0,2312,0,100.0,0
2024-09-01,RAX,NHS ENGLAND LONDON,KINGSTON HOSPITAL NHS FOUNDATION TRUST,6915,0,7765,0,0,0,3327,0,217,0,0,0,270,185,2009,0,147,290,14680,3544,75.86,1
2024-09-01,RCD,NHS ENGLAND NORTH EAST AND YORKSHIRE ,HARROGATE AND DISTRICT NHS FOUNDATION TRUST,5056,0,1016,358,0,28,1506,0,0,76,0,0,135,3,1095,0,0,278,6072,1506,75.2,1
2024-09-01,RK9,NHS ENGLAND SOUTH WEST ,UNIVERSITY HOSPITALS PLYMOUTH NHS TRUST,8884,166,5169,0,0,0,4692,0,98,0,0,0,641,430,2791,0,0,1289,14219,4790,66.31,1
2024-09-01,RQX,NHS ENGLAND LONDON,HOMERTON HEALTHCARE NHS FOUNDATION TRUST,10778,0,0,1,0,0,1837,0,0,0,0,0,208,17,1806,0,0,315,10778,1837,82.96,1
2024-09-01,RTK,NHS ENGLAND SOUTH EAST ,ASHFORD AND ST PETER'S HOSPITALS NHS FOUNDATION TRUST,9511,0,0,0,0,0,3084,0,0,0,0,0,474,251,2648,0,0,620,9511,3084,67.57,1
2024-09-01,REM,NHS ENGLAND NORTH WEST ,LIVERPOOL UNIVERSITY HOSPITALS NHS FOUNDATION TRUST,15299,1752,7678,433,0,0,7794,101,165,77,0,0,1820,810,4734,0,0,2822,24729,8060,67.41,1
2024-09-01,RFF,NHS ENGLAND NORTH EAST AND YORKSHIRE ,BARNSLEY HOSPITAL NHS FOUNDATION TRUST,8612,0,0,31,0,0,3099,0,0,0,0,0,457,0,2862,0,0,478,8612,3099,64.02,1
2024-09-01,RNN,NHS ENGLAND NORTH EAST AND YORKSHIRE ,NORTH CUMBRIA INTEGRATED CARE NHS FOUNDATION TRUST,8784,0,1934,358,0,26,4221,0,78,92,0,0,747,747,2313,0,0,711,10718,4299,59.89,1
2024-09-01,RR7,NHS ENGLAND NORTH EAST AND YORKSHIRE ,GATESHEAD HEALTH NHS FOUNDATION TRUST,5764,0,3239,28,0,1,2545,0,32,7,0,0,938,0,1566,0,0,61,9003,2577,71.38,1
2024-09-01,RXQ,NHS ENGLAND SOUTH EAST ,BUCKINGHAMSHIRE HEALTHCARE NHS TRUST,9751,1145,3457,0,0,0,3943,0,267,0,0,0,315,298,4085,769,0,1755,14353,4210,70.67,1
2024-09-01,AJN,NHS ENGLAND NORTH EAST AND YORKSHIRE ,WORKINGTON HEALTH LIMITED,0,0,307,0,0,0,0,0,0,0,0,0,0,0,0,0,0,0,307,0,100.0,0
2024-09-01,DT301,NHS ENGLAND EAST OF ENGLAND ,HERTS URGENT CARE (ASCOTS LANE),0,0,2247,0,0,0,0,0,107,0,0,0,0,0,0,0,0,0,2247,107,95.24,0
2024-09-01,R1D,NHS ENGLAND MIDLANDS ,SHROPSHIRE COMMUNITY HEALTH NHS TRUST,0,0,3248,0,0,0,0,0,1,0,0,0,0,0,0,0,0,0,3248,1,99.97,0
2024-09-01,RLQ,NHS ENGLAND MIDLANDS ,WYE VALLEY NHS TRUST,5902,1183,156,125,0,0,2484,0,0,38,0,0,454,284,1438,0,0,152,7241,2484,65.7,1
2024-09-01,RQ3,NHS ENGLAND MIDLANDS ,BIRMINGHAM WOMEN'S AND CHILDREN'S NHS FOUNDATION TRUST,4571,0,0,0,0,0,722,0,0,0,0,0,0,0,978,0,0,168,4571,722,84.2,1
2024-09-01,Y07709,NHS ENGLAND SOUTH EAST ,READING URGENT CARE CENTRE,0,0,2050,0,0,0,0,0,0,0,0,0,0,0,0,0,0,0,2050,0,100.0,0
2024-09-01,L83087,NHS ENGLAND SOUTH WEST ,OKEHAMPTON MEDICAL CENTRE,0,0,75,0,0,0,0,0,0,0,0,0,0,0,0,0,0,0,75,0,100.0,0
2024-09-01,NLX,NHS ENGLAND SOUTH WEST ,SIRONA CARE & HEALTH,0,0,8415,0,0,352,0,0,503,0,0,47,0,0,0,0,0,0,8415,503,94.02,1
2024-09-01,NNJ,NHS ENGLAND MIDLANDS ,DHU HEALTH CARE C.I.C,0,0,1811,0,0,0,0,0,4,0,0,0,0,0,0,0,0,0,1811,4,99.78,0
2024-09-01,NTPAD,NHS ENGLAND SOUTH EAST ,PRACTICE PLUS GROUP SURGICAL CENTRE - ST MARYS PORTSMOUTH,0,0,5201,0,0,233,0,0,144,0,0,0,0,0,0,0,0,0,5201,144,97.23,0
2024-09-01,NV693,NHS ENGLAND NORTH WEST ,ROSSENDALE MIU & OOH,0,0,1050,0,0,0,0,0,0,0,0,0,0,0,0,0,0,0,1050,0,100.0,0
2024-09-01,R0A,NHS ENGLAND NORTH WEST ,MANCHESTER UNIVERSITY NHS FOUNDATION TRUST,23533,3004,11304,3290,428,976,10679,117,570,1411,13,87,3878,179,5452,137,168,455,37841,11366,69.96,1
2024-09-01,RBS,NHS ENGLAND NORTH WEST ,ALDER HEY CHILDREN'S NHS FOUNDATION TRUST,5058,0,0,0,0,0,776,0,0,0,0,0,0,0,862,0,0,308,5058,776,84.66,1
2024-09-01,RWG,NHS ENGLAND EAST OF ENGLAND ,WEST HERTFORDSHIRE TEACHING HOSPITALS NHS TRUST,7912,0,7595,0,0,834,2844,0,145,0,0,0,742,20,4144,0,0,541,15507,2989,80.72,1
2024-09-01,RWP,NHS ENGLAND MIDLANDS ,WORCESTERSHIRE ACUTE HOSPITALS NHS TRUST,12531,0,5773,127,0,13,5764,0,13,43,0,0,797,369,3329,0,0,887,18304,5777,68.44,1
2024-09-01,RXR,NHS ENGLAND NORTH WEST ,EAST LANCASHIRE HOSPITALS NHS TRUST,13080,0,10362,0,0,0,4577,0,581,0,0,0,431,1146,4211,0,65,1770,23442,5158,78.0,1
2024-09-01,AXG,NHS ENGLAND SOUTH WEST ,WILTSHIRE HEALTH & CARE,0,0,2529,0,0,0,0,0,31,0,0,0,0,0,0,0,0,0,2529,31,98.77,0
2024-09-01,NR3,NHS ENGLAND MIDLANDS ,NOTTINGHAM CITYCARE PARTNERSHIP,0,0,4900,0,0,253,0,0,71,0,0,0,0,0,0,0,0,0,4900,71,98.55,0
2024-09-01,RA2,NHS ENGLAND SOUTH EAST ,ROYAL SURREY COUNTY HOSPITAL NHS FOUNDATION TRUST,6573,0,1514,596,0,7,1668,0,0,129,0,0,219,2,2356,0,0,994,8087,1668,79.37,1
2024-09-01,RAJ,NHS ENGLAND EAST OF ENGLAND ,MID AND SOUTH ESSEX NHS FOUNDATION TRUST,29860,0,5542,5,0,1,9787,0,208,2,0,0,3285,87,8684,0,224,1203,35402,9995,71.77,1
2024-09-01,RBD,NHS ENGLAND SOUTH WEST ,DORSET COUNTY HOSPITAL NHS FOUNDATION TRUST,4224,0,0,327,0,3705,1431,0,0,76,0,7,200,45,1826,0,0,460,4224,1431,66.12,1
2024-09-01,RC9,NHS ENGLAND EAST OF ENGLAND ,BEDFORDSHIRE HOSPITALS NHS FOUNDATION TRUST,15695,0,7173,0,0,792,5895,0,0,0,0,0,80,6,4430,0,0,2162,22868,5895,74.22,1
2024-09-01,RCB,NHS ENGLAND NORTH EAST AND YORKSHIRE ,YORK AND SCARBOROUGH TEACHING HOSPITALS NHS FOUNDATION TRUST,10220,348,6615,0,0,0,5877,0,234,0,0,0,876,645,4299,0,0,1617,17183,6111,64.44,1
2024-09-01,RCF,NHS ENGLAND NORTH EAST AND YORKSHIRE ,AIREDALE NHS FOUNDATION TRUST,5682,255,0,462,0,0,2290,0,0,0,0,0,420,93,1421,0,0,532,5937,2290,61.43,1
2024-09-01,RCX,NHS ENGLAND EAST OF ENGLAND ,"THE QUEEN ELIZABETH HOSPITAL, KING'S LYNN, NHS FOUNDATION TRUST",6549,0,1163,0,0,0,2687,0,0,0,0,0,264,87,2094,0,0,225,7712,2687,65.16,1
2024-09-01,REF,NHS ENGLAND SOUTH WEST ,ROYAL CORNWALL HOSPITALS NHS TRUST,6479,0,12187,0,0,0,4002,0,871,0,0,0,578,605,2341,0,56,1333,18666,4873,73.89,1
2024-09-01,REP,NHS ENGLAND NORTH WEST ,LIVERPOOL WOMEN'S NHS FOUNDATION TRUST,0,1377,0,0,127,0,0,258,0,0,0,0,0,0,0,132,0,14,1377,258,81.26,1
2024-09-01,RGN,NHS ENGLAND EAST OF ENGLAND ,NORTH WEST ANGLIA NHS FOUNDATION TRUST,13806,0,4577,255,0,473,5236,0,222,84,0,13,509,732,3535,0,34,1405,18383,5458,70.31,1
2024-09-01,RGR,NHS ENGLAND EAST OF ENGLAND ,WEST SUFFOLK NHS FOUNDATION TRUST,7550,0,635,69,0,0,2669,0,0,0,0,0,460,430,1848,0,0,382,8185,2669,67.39,1
2024-09-01,RJL,NHS ENGLAND NORTH EAST AND YORKSHIRE ,NORTHERN LINCOLNSHIRE AND GOOLE NHS FOUNDATION TRUST,8543,0,6157,0,0,360,4298,0,58,0,0,4,697,672,4995,0,0,412,14700,4356,70.37,1
2024-09-01,RJR,NHS ENGLAND NORTH WEST ,COUNTESS OF CHESTER HOSPITAL NHS FOUNDATION TRUST,4835,0,2211,0,0,0,2496,0,155,0,0,0,239,648,1584,0,0,1266,7046,2651,62.38,1
2024-09-01,RL4,NHS ENGLAND MIDLANDS ,THE ROYAL WOLVERHAMPTON NHS TRUST,12573,0,6635,81,0,719,3944,0,53,19,0,0,1168,253,5775,0,0,863,19208,3997,79.19,1
2024-09-01,RNA,NHS ENGLAND MIDLANDS ,THE DUDLEY GROUP NHS FOUNDATION TRUST,9183,0,4014,0,0,666,2540,0,69,0,0,0,1939,71,3484,0,0,2250,13197,2609,80.23,1
2024-09-01,RNQ,NHS ENGLAND MIDLANDS ,KETTERING GENERAL HOSPITAL NHS FOUNDATION TRUST,9328,0,8057,330,0,0,3527,0,105,0,0,0,1356,0,1952,0,0,206,17385,3632,79.11,1
2024-09-01,RRF,NHS ENGLAND NORTH WEST ,"WRIGHTINGTON, WIGAN AND LEIGH NHS FOUNDATION TRUST",7174,0,5104,0,0,0,3456,0,36,0,0,0,1175,457,3058,0,0,793,12278,3492,71.56,1
2024-09-01,RRV,NHS ENGLAND LONDON,UNIVERSITY COLLEGE LONDON HOSPITALS NHS FOUNDATION TRUST,12555,0,0,349,0,0,3472,0,0,0,0,0,378,85,1366,0,0,286,12555,3472,72.35,1
2024-09-01,RTQ,NHS ENGLAND SOUTH WEST ,GLOUCESTERSHIRE HEALTH AND CARE NHS FOUNDATION TRUST,0,0,7270,0,0,0,0,0,25,0,0,0,0,0,0,0,1,16,7270,25,99.66,0
2024-09-01,RVW,NHS ENGLAND NORTH EAST AND YORKSHIRE ,NORTH TEES AND HARTLEPOOL NHS FOUNDATION TRUST,4549,0,10963,0,0,0,2201,0,38,0,0,0,154,5,1614,0,525,2149,15512,2239,85.57,1
2024-09-01,RWF,NHS ENGLAND SOUTH EAST ,MAIDSTONE AND TUNBRIDGE WELLS NHS TRUST,17850,0,2125,915,0,154,3382,0,4,98,0,0,890,64,4902,0,0,893,19975,3386,83.05,1
2024-09-01,RXW,NHS ENGLAND MIDLANDS ,THE SHREWSBURY AND TELFORD HOSPITAL NHS TRUST,10075,0,2289,0,0,0,5745,0,170,0,0,0,484,587,3078,0,164,2030,12364,5915,52.16,1
2024-09-01,RY2,NHS ENGLAND NORTH WEST ,BRIDGEWATER COMMUNITY HEALTHCARE NHS FOUNDATION TRUST,0,0,2779,0,0,136,0,0,24,0,0,2,0,0,0,0,0,0,2779,24,99.14,0
2024-09-01,RY8,NHS ENGLAND MIDLANDS ,DERBYSHIRE COMMUNITY HEALTH SERVICES NHS FOUNDATION TRUST,0,0,5893,0,0,1365,0,0,33,0,0,1,0,0,0,0,0,0,5893,33,99.44,0
2024-09-01,Y02428,NHS ENGLAND EAST OF ENGLAND ,PUTNOE WALK IN CENTRE,0,0,2396,0,0,0,0,0,0,0,0,0,0,0,0,0,0,0,2396,0,100.0,0
2024-09-01,AQN04,NHS ENGLAND SOUTH EAST ,PHL LYMINGTON UTC,0,0,2805,0,0,4,0,0,6,0,0,0,0,0,0,0,0,0,2805,6,99.79,0
2024-09-01,ARN03,NHS ENGLAND NORTH EAST AND YORKSHIRE ,LOCAL CARE DIRECT,0,0,1937,0,0,250,0,0,0,0,0,0,0,0,0,0,0,0,1937,0,100.0,0
2024-09-01,NNF09,NHS ENGLAND NORTH EAST AND YORKSHIRE ,BRANSHOLME HEALTH CENTRE,0,0,3454,0,0,0,0,0,187,0,0,0,0,0,0,0,0,0,3454,187,94.59,1
2024-09-01,NNF16,NHS ENGLAND NORTH EAST AND YORKSHIRE ,BRIDLINGTON HOSPITAL,0,0,1526,0,0,0,0,0,27,0,0,0,0,0,0,0,0,0,1526,27,98.23,0
2024-09-01,NNF94,NHS ENGLAND NORTH EAST AND YORKSHIRE ,EAST RIDING COMMUNITY HOSPITAL,0,0,2637,0,0,0,0,0,136,0,0,0,0,0,0,0,0,0,2637,136,94.84,1
2024-09-01,NNFA7,NHS ENGLAND NORTH EAST AND YORKSHIRE ,GOOLE & DISTRICT HOSPITAL,0,0,1522,0,0,0,0,0,40,0,0,0,0,0,0,0,0,0,1522,40,97.37,0
2024-09-01,NNJ07,NHS ENGLAND MIDLANDS ,LOUGHBOROUGH URGENT CARE CENTRE,0,0,5362,0,0,551,0,0,18,0,0,0,0,0,0,0,0,0,5362,18,99.66,0
2024-09-01,NNJ0H,NHS ENGLAND MIDLANDS ,LLR EA - THE MERLYN VAZ HEALTH & SOCIAL CARE CENTRE,0,0,199,0,0,1927,0,0,1,0,0,0,0,0,0,0,0,0,199,1,99.5,0
2024-09-01,NNJ12,NHS ENGLAND MIDLANDS ,MARKET HARBOROUGH,0,0,76,0,0,359,0,0,0,0,0,0,0,0,0,0,0,0,76,0,100.0,0
2024-09-01,NNJ13,NHS ENGLAND MIDLANDS ,MELTON MOWBRAY,0,0,58,0,0,341,0,0,0,0,0,0,0,0,0,0,0,0,58,0,100.0,0
2024-09-01,NNJ14,NHS ENGLAND MIDLANDS ,OADBY,0,0,482,0,0,2161,0,0,0,0,0,0,0,0,0,0,0,0,482,0,100.0,0
2024-09-01,NNJ15,NHS ENGLAND MIDLANDS ,OAKHAM,0,0,72,0,0,353,0,0,0,0,0,0,0,0,0,0,0,0,72,0,100.0,0
2024-09-01,R0B,NHS ENGLAND NORTH EAST AND YORKSHIRE ,SOUTH TYNESIDE AND SUNDERLAND NHS FOUNDATION TRUST,11215,1228,5828,458,0,1285,4778,38,161,202,0,44,403,2,4324,24,0,1216,18271,4977,72.76,1
2024-09-01,R0D,NHS ENGLAND SOUTH WEST ,UNIVERSITY HOSPITALS DORSET NHS FOUNDATION TRUST,12978,0,4777,0,0,0,4879,0,0,0,0,0,752,128,3915,0,0,2245,17755,4879,72.52,1
2024-09-01,R1K,NHS ENGLAND LONDON,LONDON NORTH WEST UNIVERSITY HEALTHCARE NHS TRUST,12797,0,14079,0,0,0,6832,0,81,0,0,0,756,576,6418,0,0,285,26876,6913,74.28,1
2024-09-01,RAE,NHS ENGLAND NORTH EAST AND YORKSHIRE ,BRADFORD TEACHING HOSPITALS NHS FOUNDATION TRUST,8960,1219,3022,0,0,0,2273,0,0,0,0,0,729,55,2590,0,42,1363,13201,2273,82.78,1
2024-09-01,RAP,NHS ENGLAND LONDON,NORTH MIDDLESEX UNIVERSITY HOSPITAL NHS TRUST,7912,483,6512,82,2,92,3898,3,574,32,0,7,300,791,1375,0,187,43,14907,4475,69.98,1
2024-09-01,RCU,NHS ENGLAND NORTH EAST AND YORKSHIRE ,SHEFFIELD CHILDREN'S NHS FOUNDATION TRUST,4336,0,327,272,0,17,313,0,0,21,0,0,11,0,1071,0,0,90,4663,313,93.29,1
2024-09-01,RD8,NHS ENGLAND EAST OF ENGLAND ,MILTON KEYNES UNIVERSITY HOSPITAL NHS FOUNDATION TRUST,8258,0,4584,431,0,135,3361,0,59,205,0,0,582,0,1980,0,0,405,12842,3420,73.37,1
2024-09-01,RDU,NHS ENGLAND SOUTH EAST ,FRIMLEY HEALTH NHS FOUNDATION TRUST,22006,968,10346,0,0,0,10332,0,107,0,0,0,1910,247,5936,0,0,105,33320,10439,68.67,1
2024-09-01,RF4,NHS ENGLAND LONDON,"BARKING, HAVERING AND REDBRIDGE UNIVERSITY HOSPITALS NHS TRUST",12549,2408,12453,0,0,0,5513,318,97,0,0,0,693,618,7657,0,0,386,27410,5928,78.37,1
2024-09-01,RFR,NHS ENGLAND NORTH EAST AND YORKSHIRE ,THE ROTHERHAM NHS FOUNDATION TRUST,8327,0,0,0,0,0,2924,0,0,0,0,0,481,6,1887,0,0,360,8327,2924,64.89,1
2024-09-01,RFS,NHS ENGLAND MIDLANDS ,CHESTERFIELD ROYAL HOSPITAL NHS FOUNDATION TRUST,6907,0,5664,249,0,105,3635,0,241,119,0,34,940,99,2468,0,300,568,12571,3876,69.17,1
2024-09-01,RGT,NHS ENGLAND EAST OF ENGLAND ,CAMBRIDGE UNIVERSITY HOSPITALS NHS FOUNDATION TRUST,10326,0,5689,269,0,261,5112,0,139,88,0,21,605,397,2733,0,23,470,16015,5251,67.21,1
2024-09-01,RH8,NHS ENGLAND SOUTH WEST ,ROYAL DEVON UNIVERSITY HEALTHCARE NHS FOUNDATION TRUST,12118,0,4225,1109,0,64,4581,0,33,327,0,1,1330,31,3836,0,0,2141,16343,4614,71.77,1
2024-09-01,RJ6,NHS ENGLAND LONDON,CROYDON HEALTH SERVICES NHS TRUST,12509,0,4747,0,0,0,4632,0,0,0,0,0,281,617,1256,0,0,110,17256,4632,73.16,1
2024-09-01,RJN,NHS ENGLAND NORTH WEST ,EAST CHESHIRE NHS TRUST,4101,0,0,67,0,55,1982,0,0,0,0,0,214,182,827,0,0,211,4101,1982,51.67,1
2024-09-01,RJZ,NHS ENGLAND LONDON,KING'S COLLEGE HOSPITAL NHS FOUNDATION TRUST,15439,0,8350,63,0,1208,6317,0,557,17,0,1,1469,647,4545,0,0,329,23789,6874,71.1,1
2024-09-01,RK5,NHS ENGLAND MIDLANDS ,SHERWOOD FOREST HOSPITALS NHS FOUNDATION TRUST,10570,0,5086,347,0,135,3989,0,123,144,0,2,623,127,3772,0,0,221,15656,4112,73.74,1
2024-09-01,RMP,NHS ENGLAND NORTH WEST ,TAMESIDE AND GLOSSOP INTEGRATED CARE NHS FOUNDATION TRUST,8525,0,2323,407,0,250,3915,0,0,0,0,0,652,286,1853,0,0,345,10848,3915,63.91,1
2024-09-01,RN3,NHS ENGLAND SOUTH WEST ,GREAT WESTERN HOSPITALS NHS FOUNDATION TRUST,5531,0,5535,0,0,0,2339,0,160,0,0,0,580,0,2495,0,0,1312,11066,2499,77.42,1
2024-09-01,RNS,NHS ENGLAND MIDLANDS ,NORTHAMPTON GENERAL HOSPITAL NHS TRUST,9886,513,2040,1252,2,78,3466,7,95,329,0,8,476,680,1973,0,0,1135,12439,3568,71.32,1
2024-09-01,RNU,NHS ENGLAND SOUTH EAST ,OXFORD HEALTH NHS FOUNDATION TRUST,0,0,4098,0,0,0,0,0,430,0,0,0,0,0,0,0,0,0,4098,430,89.51,1
2024-09-01,RNZ,NHS ENGLAND SOUTH WEST ,SALISBURY NHS FOUNDATION TRUST,4560,297,1619,132,0,0,2027,0,0,51,0,0,413,8,1290,0,0,869,6476,2027,68.7,1
2024-09-01,RPC,NHS ENGLAND SOUTH EAST ,QUEEN VICTORIA HOSPITAL NHS FOUNDATION TRUST,0,0,1494,0,0,0,0,0,23,0,0,0,0,0,0,0,1,551,1494,23,98.46,0
2024-09-01,RQW,NHS ENGLAND EAST OF ENGLAND ,THE PRINCESS ALEXANDRA HOSPITAL NHS TRUST,8169,0,1781,0,0,457,3891,0,0,0,0,0,466,102,2095,0,0,368,9950,3891,60.89,1
2024-09-01,RTD,NHS ENGLAND NORTH EAST AND YORKSHIRE ,THE NEWCASTLE UPON TYNE HOSPITALS NHS FOUNDATION TRUST,12114,1623,4974,0,0,841,4763,131,0,0,0,0,464,6,3664,29,0,2762,18711,4894,73.84,1
2024-09-01,RTE,NHS ENGLAND SOUTH WEST ,GLOUCESTERSHIRE HOSPITALS NHS FOUNDATION TRUST,12384,0,0,164,0,0,4818,0,0,45,0,0,429,407,2604,0,0,1979,12384,4818,61.09,1
2024-09-01,RTF,NHS ENGLAND NORTH EAST AND YORKSHIRE ,NORTHUMBRIA HEALTHCARE NHS FOUNDATION TRUST,9435,0,12298,0,0,0,2373,0,8,0,0,0,56,0,3888,0,65,450,21733,2381,89.04,1
2024-09-01,RTR,NHS ENGLAND NORTH EAST AND YORKSHIRE ,SOUTH TEES HOSPITALS NHS FOUNDATION TRUST,7368,0,8782,0,0,1380,3528,0,417,0,0,37,189,2,2592,0,106,2185,16150,3945,75.57,1
2024-09-01,RTX,NHS ENGLAND NORTH WEST ,UNIVERSITY HOSPITALS OF MORECAMBE BAY NHS FOUNDATION TRUST,8817,0,3284,120,0,589,2876,0,69,12,0,49,605,330,3135,0,18,881,12101,2945,75.66,1
2024-09-01,RV9,NHS ENGLAND NORTH EAST AND YORKSHIRE ,HUMBER TEACHING NHS FOUNDATION TRUST,0,0,1003,0,0,50,0,0,8,0,0,0,0,0,0,0,0,0,1003,8,99.2,0
2024-09-01,RVV,NHS ENGLAND SOUTH EAST ,EAST KENT HOSPITALS UNIVERSITY NHS FOUNDATION TRUST,12772,0,12158,0,0,0,5551,0,245,0,0,0,476,1017,2979,0,642,405,24930,5796,76.75,1
2024-09-01,RW4,NHS ENGLAND NORTH WEST ,MERSEY CARE NHS FOUNDATION TRUST,0,0,12055,0,0,0,0,0,222,0,0,0,0,0,0,0,0,55,12055,222,98.16,0
2024-09-01,RWE,NHS ENGLAND MIDLANDS ,UNIVERSITY HOSPITALS OF LEICESTER NHS TRUST,21307,1896,0,0,0,0,9350,184,0,0,0,0,1414,840,5964,3,0,3345,23203,9534,58.91,1
2024-09-01,RWH,NHS ENGLAND EAST OF ENGLAND ,EAST AND NORTH HERTFORDSHIRE NHS TRUST,8558,0,7319,0,0,0,4139,0,69,0,0,0,189,16,3375,0,86,288,15877,4208,73.5,1
2024-09-01,RWJ,NHS ENGLAND NORTH WEST ,STOCKPORT NHS FOUNDATION TRUST,7871,0,972,129,0,26,3509,0,29,59,0,2,781,193,2571,0,65,783,8843,3538,59.99,1
2024-09-01,RYF,NHS ENGLAND SOUTH WEST ,SOUTH WESTERN AMBULANCE SERVICE NHS FOUNDATION TRUST,0,0,1656,0,0,0,0,0,117,0,0,0,0,0,0,0,0,0,1656,117,92.93,1
2024-09-01,Y03218,NHS ENGLAND LONDON,THE PINN UNREGISTERED WIC,0,0,1042,0,0,0,0,0,0,0,0,0,0,0,0,0,0,0,1042,0,100.0,0
2024-09-01,R1F,NHS ENGLAND SOUTH EAST ,ISLE OF WIGHT NHS TRUST,3961,256,1692,22,0,14,1855,0,0,7,0,0,267,79,1071,0,0,306,5909,1855,68.61,1
2024-09-01,R1H,NHS ENGLAND LONDON,BARTS HEALTH NHS TRUST,24191,947,16122,0,0,0,11058,36,1303,0,0,0,1135,885,4808,0,0,225,41260,12397,69.95,1
2024-09-01,RBK,NHS ENGLAND MIDLANDS ,WALSALL HEALTHCARE NHS TRUST,8721,0,3900,15,0,144,2968,0,64,8,0,0,1009,69,3665,0,0,668,12621,3032,75.98,1
2024-09-01,RBT,NHS ENGLAND NORTH WEST ,MID CHESHIRE HOSPITALS NHS FOUNDATION TRUST,6969,0,2778,3,0,42,3843,0,35,3,0,0,536,654,2229,0,0,1033,9747,3878,60.21,1
2024-09-01,RDE,NHS ENGLAND EAST OF ENGLAND ,EAST SUFFOLK AND NORTH ESSEX NHS FOUNDATION TRUST,14079,0,11878,700,0,252,7049,0,272,0,0,0,1135,367,6030,0,411,977,25957,7321,71.8,1
2024-09-01,RDR,NHS ENGLAND SOUTH EAST ,SUSSEX COMMUNITY NHS FOUNDATION TRUST,0,0,11533,0,0,0,0,0,47,0,0,0,0,0,0,0,1,0,11533,47,99.59,0
2024-09-01,RH5,NHS ENGLAND SOUTH WEST ,SOMERSET NHS FOUNDATION TRUST,12678,0,9108,0,0,1,5198,0,198,0,0,0,417,53,2057,0,0,2955,21786,5396,75.23,1
2024-09-01,RHM,NHS ENGLAND SOUTH EAST ,UNIVERSITY HOSPITAL SOUTHAMPTON NHS FOUNDATION TRUST,11349,1235,0,238,0,0,3915,114,0,87,0,0,354,11,3629,11,0,1467,12584,4029,67.98,1
2024-09-01,RHQ,NHS ENGLAND NORTH EAST AND YORKSHIRE ,SHEFFIELD TEACHING HOSPITALS NHS FOUNDATION TRUST,8718,1120,6800,347,0,939,4519,0,83,158,0,5,1171,10,3494,0,0,2881,16638,4602,72.34,1
2024-09-01,RJ1,NHS ENGLAND LONDON,GUY'S AND ST THOMAS' NHS FOUNDATION TRUST,10047,700,6464,0,0,0,4072,44,295,0,0,0,117,87,2045,0,0,336,17211,4411,74.37,1
2024-09-01,RJ2,NHS ENGLAND LONDON,LEWISHAM AND GREENWICH NHS TRUST,13964,0,10209,0,0,0,7327,0,1271,0,0,0,1169,626,3958,0,0,1406,24173,8598,64.43,1
2024-09-01,RKB,NHS ENGLAND MIDLANDS ,UNIVERSITY HOSPITALS COVENTRY AND WARWICKSHIRE NHS TRUST,11329,811,5679,0,0,0,5607,125,239,0,0,0,81,18,1684,37,151,475,17819,5971,66.49,1
2024-09-01,RKE,NHS ENGLAND LONDON,WHITTINGTON HEALTH NHS TRUST,8903,0,0,0,0,0,2474,0,0,0,0,0,253,164,1077,0,0,32,8903,2474,72.21,1
2024-09-01,RM1,NHS ENGLAND EAST OF ENGLAND ,NORFOLK AND NORWICH UNIVERSITY HOSPITALS NHS FOUNDATION TRUST,12146,0,8179,0,0,0,4168,0,3,0,0,0,916,165,2659,0,0,1556,20325,4171,79.48,1
2024-09-01,RN5,NHS ENGLAND SOUTH EAST ,HAMPSHIRE HOSPITALS NHS FOUNDATION TRUST,12291,103,529,0,0,157,4698,0,0,0,0,0,300,29,4231,7,0,1055,12923,4698,63.65,1
2024-09-01,RN7,NHS ENGLAND SOUTH EAST ,DARTFORD AND GRAVESHAM NHS TRUST,10507,0,3475,0,0,0,3448,0,11,0,0,0,660,229,2861,0,0,402,13982,3459,75.26,1
2024-09-01,RP6,NHS ENGLAND LONDON,MOORFIELDS EYE HOSPITAL NHS FOUNDATION TRUST,0,5626,0,0,0,0,0,154,0,0,0,0,0,0,0,6,0,210,5626,154,97.26,0
2024-09-01,RQM,NHS ENGLAND LONDON,CHELSEA AND WESTMINSTER HOSPITAL NHS FOUNDATION TRUST,18856,0,5720,567,0,0,5574,0,75,0,0,0,682,69,2746,0,0,343,24576,5649,77.01,1
2024-09-01,RR8,NHS ENGLAND NORTH EAST AND YORKSHIRE ,LEEDS TEACHING HOSPITALS NHS TRUST,17191,680,10819,68,0,55,6794,0,185,19,0,0,1702,188,3485,0,0,1099,28690,6979,75.67,1
2024-09-01,RVJ,NHS ENGLAND SOUTH WEST ,NORTH BRISTOL NHS TRUST,8865,0,0,27,0,0,3705,0,0,7,0,0,554,396,2912,0,0,1881,8865,3705,58.21,1
2024-09-01,RWA,NHS ENGLAND NORTH EAST AND YORKSHIRE ,HULL UNIVERSITY TEACHING HOSPITALS NHS TRUST,9040,0,4443,0,0,0,5084,0,86,0,0,0,779,535,3321,0,0,2080,13483,5170,61.66,1
2024-09-01,RWD,NHS ENGLAND MIDLANDS ,UNITED LINCOLNSHIRE HOSPITALS NHS TRUST,9451,0,9571,0,0,0,5682,0,1118,0,0,0,1023,950,4054,0,0,1048,19022,6800,64.25,1
2024-09-01,RWW,NHS ENGLAND NORTH WEST ,WARRINGTON AND HALTON TEACHING HOSPITALS NHS FOUNDATION TRUST,6727,0,2925,235,0,118,3400,0,85,80,0,0,712,616,1746,0,0,155,9652,3485,63.89,1
2024-09-01,RX1,NHS ENGLAND MIDLANDS ,NOTTINGHAM UNIVERSITY HOSPITALS NHS TRUST,14885,1846,252,523,0,0,6937,75,5,217,0,0,831,496,4485,0,0,3797,16983,7017,58.68,1
2024-09-01,RXF,NHS ENGLAND NORTH EAST AND YORKSHIRE ,MID YORKSHIRE TEACHING NHS TRUST,15790,151,5736,120,0,67,6334,0,430,2,0,2,1952,86,3516,0,154,840,21677,6764,68.8,1
2024-09-01,RXN,NHS ENGLAND NORTH WEST ,LANCASHIRE TEACHING HOSPITALS NHS FOUNDATION TRUST,11724,0,3451,210,0,79,4459,0,89,38,0,0,1062,362,2964,0,76,1183,15175,4548,70.03,1
2024-09-01,RXP,NHS ENGLAND NORTH EAST AND YORKSHIRE ,COUNTY DURHAM AND DARLINGTON NHS FOUNDATION TRUST,12324,0,3883,0,0,6672,5075,0,0,0,0,0,2196,17,4018,0,0,722,16207,5075,68.69,1
2024-09-01,RY5,NHS ENGLAND MIDLANDS ,LINCOLNSHIRE COMMUNITY HEALTH SERVICES NHS TRUST,0,0,8258,0,0,0,0,0,253,0,0,0,0,0,0,0,0,0,8258,253,96.94,0
2024-09-01,RYJ,NHS ENGLAND LONDON,IMPERIAL COLLEGE HEALTHCARE NHS TRUST,11584,3907,7175,0,0,411,4575,93,375,0,0,0,713,221,4018,4,0,1113,22666,5043,77.75,1
2024-09-01,RYR,NHS ENGLAND SOUTH EAST ,UNIVERSITY HOSPITALS SUSSEX NHS FOUNDATION TRUST,21377,1462,5035,1338,0,1061,8885,35,560,437,0,28,1641,1242,8274,21,39,1354,27874,9480,65.99,1
2024-09-01,AD913,NHS ENGLAND LONDON,BECKENHAM BEACON UCC,0,0,622,0,0,378,0,0,9,0,0,0,0,0,0,0,0,0,622,9,98.55,0
2024-09-01,RD1,NHS ENGLAND SOUTH WEST ,ROYAL UNITED HOSPITALS BATH NHS FOUNDATION TRUST,8575,0,0,0,0,0,3119,0,0,0,0,0,709,54,2564,0,9,1448,8575,3119,63.63,1
2024-09-01,RP5,NHS ENGLAND NORTH EAST AND YORKSHIRE ,DONCASTER AND BASSETLAW TEACHING HOSPITALS NHS FOUNDATION TRUST,13144,0,3803,0,0,0,5124,0,3,0,0,0,1004,234,3875,0,394,1011,16947,5127,69.75,1
2024-09-01,RVR,NHS ENGLAND LONDON,EPSOM AND ST HELIER UNIVERSITY HOSPITALS NHS TRUST,10698,333,1490,310,0,17,3019,0,96,30,0,1,368,596,1878,3,0,139,12521,3115,75.12,1
2024-09-01,RWX,NHS ENGLAND SOUTH EAST ,BERKSHIRE HEALTHCARE NHS FOUNDATION TRUST,0,0,1452,0,0,0,0,0,14,0,0,0,0,0,0,0,32,0,1452,14,99.04,0
2024-09-01,RXC,NHS ENGLAND SOUTH EAST ,EAST SUSSEX HEALTHCARE NHS TRUST,8075,0,2563,1655,0,1194,3423,0,43,0,0,0,253,22,3356,0,0,444,10638,3466,67.42,1
2024-09-01,RJ7,NHS ENGLAND LONDON,ST GEORGE'S UNIVERSITY HOSPITALS NHS FOUNDATION TRUST,8725,0,3371,430,0,0,2656,0,0,60,0,0,652,669,2710,0,0,706,12096,2656,78.04,1
2024-09-01,RJC,NHS ENGLAND MIDLANDS ,SOUTH WARWICKSHIRE UNIVERSITY NHS FOUNDATION TRUST,8082,0,377,1,0,0,2088,0,0,0,0,0,287,10,2303,0,0,886,8459,2088,75.32,1
2024-09-01,RA7,NHS ENGLAND SOUTH WEST ,UNIVERSITY HOSPITALS BRISTOL AND WESTON NHS FOUNDATION TRUST,14776,2238,0,0,0,0,5191,136,0,0,0,0,1214,261,5232,13,0,1366,17014,5327,68.69,1
2024-09-01,RBN,NHS ENGLAND NORTH WEST ,MERSEY AND WEST LANCASHIRE TEACHING HOSPITALS NHS TRUST,15845,0,6698,389,0,0,5617,0,217,53,0,0,608,318,6805,0,0,593,22543,5834,74.12,1
2024-09-01,RJE,NHS ENGLAND MIDLANDS ,UNIVERSITY HOSPITALS OF NORTH MIDLANDS NHS TRUST,13168,463,8057,611,0,469,6608,0,91,295,0,10,1076,546,5208,0,0,3840,21688,6699,69.11,1
2024-09-01,RM3,NHS ENGLAND NORTH WEST ,NORTHERN CARE ALLIANCE NHS FOUNDATION TRUST,24649,0,8398,0,0,0,10994,0,297,0,0,0,1972,583,7063,0,358,1725,33047,11291,65.83,1
2024-09-01,RRK,NHS ENGLAND MIDLANDS ,UNIVERSITY HOSPITALS BIRMINGHAM NHS FOUNDATION TRUST,32456,312,1650,19,0,259,12867,0,10,10,0,1,2274,1995,11198,0,0,6124,34418,12877,62.59,1
2024-09-01,RHU,NHS ENGLAND SOUTH EAST ,PORTSMOUTH HOSPITALS UNIVERSITY NATIONAL HEALTH SERVICE TRUST,9553,683,2945,1147,0,773,4829,6,58,573,0,2,1588,73,3297,0,0,2457,13181,4893,62.88,1
2024-09-01,RHW,NHS ENGLAND SOUTH EAST ,ROYAL BERKSHIRE NHS FOUNDATION TRUST,11593,2247,0,767,29,0,3921,14,0,216,0,0,520,7,2423,0,0,373,13840,3935,71.57,1
2024-09-01,RPA,NHS ENGLAND SOUTH EAST ,MEDWAY NHS FOUNDATION TRUST,7925,0,6412,296,0,993,2816,0,507,67,0,0,337,636,1745,0,0,628,14337,3323,76.82,1
2024-09-01,RTG,NHS ENGLAND MIDLANDS ,UNIVERSITY HOSPITALS OF DERBY AND BURTON NHS FOUNDATION TRUST,19298,0,9000,1762,0,18,8533,0,0,384,0,0,803,912,3961,0,0,1967,28298,8533,69.85,1
2024-09-01,RAL,NHS ENGLAND LONDON,ROYAL FREE LONDON NHS FOUNDATION TRUST,16645,0,8306,0,0,0,6090,0,149,0,0,0,914,647,3778,0,0,543,24951,6239,74.99,1
2024-09-01,RBL,NHS ENGLAND NORTH WEST ,WIRRAL UNIVERSITY TEACHING HOSPITAL NHS FOUNDATION TRUST,7655,0,2625,0,0,198,4231,0,15,0,0,1,496,899,1930,0,0,1813,10280,4246,58.7,1
2024-09-01,RLT,NHS ENGLAND MIDLANDS ,GEORGE ELIOT HOSPITAL NHS TRUST,6493,0,1736,0,0,0,2073,0,15,0,0,0,566,160,1021,0,0,15,8229,2088,74.63,1
2024-09-01,RMC,NHS ENGLAND NORTH WEST ,BOLTON NHS FOUNDATION TRUST,7821,0,3695,67,0,83,3793,0,144,27,0,5,523,569,2244,0,99,749,11516,3937,65.81,1
2024-09-01,RTH,NHS ENGLAND SOUTH EAST ,OXFORD UNIVERSITY HOSPITALS NHS FOUNDATION TRUST,11866,1775,1956,1319,0,116,4182,0,0,398,0,1,788,0,4476,127,17,4358,15597,4182,73.19,1
2024-09-01,RXK,NHS ENGLAND MIDLANDS ,SANDWELL AND WEST BIRMINGHAM HOSPITALS NHS TRUST,14245,1186,6905,1021,0,0,6703,171,100,101,0,0,1050,529,2628,0,0,415,22336,6974,68.78,1
2024-09-01,RYX,NHS ENGLAND LONDON,CENTRAL LONDON COMMUNITY HEALTHCARE NHS TRUST,0,0,11186,0,0,433,0,0,222,0,0,7,0,0,0,0,0,0,11186,222,98.02,0
2024-09-01,RAS,NHS ENGLAND LONDON,THE HILLINGDON HOSPITALS NHS FOUNDATION TRUST,6077,0,6253,0,0,0,3644,0,177,0,0,0,523,39,2431,0,0,125,12330,3821,69.01,1
2025-11-01,AQN04,NHS ENGLAND SOUTH EAST ,PHL LYMINGTON UTC,0,0,2802,0,0,19,0,0,13,0,0,0,0,0,0,0,0,0,2802,13,99.54,0
2025-11-01,RW1,NHS ENGLAND SOUTH EAST ,HAMPSHIRE AND ISLE OF WIGHT HEALTHCARE NHS FOUNDATION TRUST,0,0,2719,0,0,0,0,0,33,0,0,0,0,0,0,0,0,121,2719,33,98.79,0
2025-11-01,RYY,NHS ENGLAND SOUTH EAST ,KENT COMMUNITY HEALTH NHS FOUNDATION TRUST,0,0,6044,0,0,0,0,0,27,0,0,0,0,0,0,0,0,0,6044,27,99.55,0
2025-11-01,AAH,NHS ENGLAND SOUTH WEST ,TETBURY HOSPITAL TRUST LTD,0,0,503,0,0,0,0,0,0,0,0,0,0,0,0,0,0,0,503,0,100.0,0
2025-11-01,C82009,NHS ENGLAND MIDLANDS ,MARKET HARBOROUGH MED.CTR,0,0,311,0,0,0,0,0,0,0,0,0,0,0,0,0,0,0,311,0,100.0,0
2025-11-01,NDJ,NHS ENGLAND SOUTH EAST ,FIRST COMMUNITY HEALTH AND CARE CIC,0,0,2144,0,0,0,0,0,8,0,0,0,0,0,0,0,0,0,2144,8,99.63,0
2025-11-01,NTV0B,NHS ENGLAND SOUTH EAST ,ASHFORD WALK-IN-CENTRE,0,0,2312,0,0,0,0,0,63,0,0,0,0,0,0,0,0,0,2312,63,97.28,0
2025-11-01,NTV0W,NHS ENGLAND SOUTH EAST ,WOKING WALK IN CENTRE,0,0,2487,0,0,0,0,0,67,0,0,0,0,0,0,0,0,0,2487,67,97.31,0
2025-11-01,RWY,NHS ENGLAND NORTH EAST AND YORKSHIRE ,CALDERDALE AND HUDDERSFIELD NHS FOUNDATION TRUST,16724,0,0,0,0,0,3083,0,0,0,0,0,1074,20,3022,0,0,164,16724,3083,81.57,1
2025-11-01,Y02615,NHS ENGLAND MIDLANDS ,SOUTH BIRMINGHAM GP WALK IN CENTRE,0,0,4290,0,0,0,0,0,0,0,0,0,0,0,0,0,0,0,4290,0,100.0,0
2025-11-01,Y02676,NHS ENGLAND SOUTH EAST ,BRIGHTON STATION HEALTH CENTRE,0,0,1946,0,0,0,0,0,0,0,0,0,0,0,0,0,0,0,1946,0,100.0,0
2025-11-01,DJV01,NHS ENGLAND SOUTH EAST ,HERNE BAY HEALTH CARE LTD,0,0,2536,0,0,0,0,0,0,0,0,0,0,0,0,0,0,0,2536,0,100.0,0
2025-11-01,NL7,NHS ENGLAND MIDLANDS ,ASSURA VERTIS URGENT CARE CENTRES (BIRMINGHAM),0,0,3460,0,0,0,0,0,0,0,0,0,0,0,0,0,0,0,3460,0,100.0,0
2025-11-01,NQT5F,NHS ENGLAND NORTH WEST ,SKELMERSDALE WALK IN CENTRE,0,0,1681,0,0,0,0,0,5,0,0,0,0,0,0,0,0,0,1681,5,99.7,0
2025-11-01,NQTE4,NHS ENGLAND MIDLANDS ,SUMMERFIELD URGENT CARE CENTRE,0,0,2981,0,0,0,0,0,0,0,0,0,0,0,0,0,0,0,2981,0,100.0,0
2025-11-01,NVE43,NHS ENGLAND SOUTH EAST ,HASTINGS GP LED HEALTH CENTRE,0,0,993,0,0,0,0,0,0,0,0,0,0,0,0,0,0,0,993,0,100.0,0
2025-11-01,RJR,NHS ENGLAND NORTH WEST ,COUNTESS OF CHESTER HOSPITAL NHS FOUNDATION TRUST,5805,0,2238,0,0,0,2829,0,352,0,0,0,418,613,1878,0,0,1236,8043,3181,60.45,1
2025-11-01,RNU,NHS ENGLAND SOUTH EAST ,OXFORD HEALTH NHS FOUNDATION TRUST,0,0,3576,0,0,0,0,0,110,0,0,0,0,0,0,0,0,0,3576,110,96.92,0
2025-11-01,RTP,NHS ENGLAND SOUTH EAST ,SURREY AND SUSSEX HEALTHCARE NHS TRUST,10560,0,0,0,0,0,4468,0,0,0,0,0,528,702,2975,0,0,901,10560,4468,57.69,1
2025-11-01,Y03218,NHS ENGLAND LONDON,THE PINN UNREGISTERED WIC,0,0,918,0,0,0,0,0,0,0,0,0,0,0,0,0,0,0,918,0,100.0,0
2025-11-01,R0B,NHS ENGLAND NORTH EAST AND YORKSHIRE ,SOUTH TYNESIDE AND SUNDERLAND NHS FOUNDATION TRUST,11736,1157,5716,871,0,1361,5715,9,251,409,0,58,919,2,4606,26,0,1136,18609,5975,67.89,1
2025-11-01,RY8,NHS ENGLAND MIDLANDS ,DERBYSHIRE COMMUNITY HEALTH SERVICES NHS FOUNDATION TRUST,0,0,6956,0,0,1434,0,0,404,0,0,28,0,0,0,0,0,0,6956,404,94.19,1
2025-11-01,RYR,NHS ENGLAND SOUTH EAST ,UNIVERSITY HOSPITALS SUSSEX NHS FOUNDATION TRUST,27121,1432,1687,1657,0,429,10224,69,176,482,0,2,769,804,8281,30,64,1736,30240,10469,65.38,1
2025-11-01,Y02532,NHS ENGLAND NORTH WEST ,MIRIAM MINOR EMERGENCY,0,0,1650,0,0,0,0,0,0,0,0,0,0,0,0,0,0,0,1650,0,100.0,0
2025-11-01,ACH01,NHS ENGLAND SOUTH EAST ,WHITSTABLE MEDICAL PRACTICE,0,0,4747,0,0,0,0,0,0,0,0,0,0,0,0,0,0,0,4747,0,100.0,0
2025-11-01,C82038,NHS ENGLAND MIDLANDS ,LATHAM HOUSE MEDICAL PRACTICE,0,0,299,0,0,0,0,0,0,0,0,0,0,0,0,0,0,0,299,0,100.0,0
2025-11-01,L83087,NHS ENGLAND SOUTH WEST ,OKEHAMPTON MEDICAL CENTRE,0,0,82,0,0,0,0,0,0,0,0,0,0,0,0,0,0,0,82,0,100.0,0
2025-11-01,RFF,NHS ENGLAND NORTH EAST AND YORKSHIRE ,BARNSLEY HOSPITAL NHS FOUNDATION TRUST,9445,0,0,25,0,0,2600,0,0,0,0,0,490,4,3236,0,0,591,9445,2600,72.47,1
2025-11-01,RGP,NHS ENGLAND EAST OF ENGLAND ,JAMES PAGET UNIVERSITY HOSPITALS NHS FOUNDATION TRUST,6933,0,1223,0,0,0,2144,0,0,0,0,0,425,342,1572,0,0,618,8156,2144,73.71,1
2025-11-01,RQX,NHS ENGLAND LONDON,HOMERTON HEALTHCARE NHS FOUNDATION TRUST,11300,0,0,0,0,0,1890,0,0,0,0,0,189,25,1741,0,0,320,11300,1890,83.27,1
2025-11-01,RR7,NHS ENGLAND NORTH EAST AND YORKSHIRE ,GATESHEAD HEALTH NHS FOUNDATION TRUST,6112,0,4334,4,0,2,2313,0,25,2,0,0,577,6,1734,0,0,51,10446,2338,77.62,1
2025-11-01,RCU,NHS ENGLAND NORTH EAST AND YORKSHIRE ,SHEFFIELD CHILDREN'S NHS FOUNDATION TRUST,4998,0,721,282,0,29,686,0,5,35,0,0,24,0,1227,0,0,101,5719,691,87.92,1
2025-11-01,RFR,NHS ENGLAND NORTH EAST AND YORKSHIRE ,THE ROTHERHAM NHS FOUNDATION TRUST,9394,0,0,0,0,0,2778,0,0,0,0,0,408,0,1754,0,0,514,9394,2778,70.43,1
2025-11-01,RJN,NHS ENGLAND NORTH WEST ,EAST CHESHIRE NHS TRUST,4516,0,0,80,0,75,2301,0,0,0,0,0,172,549,740,0,0,172,4516,2301,49.05,1
2025-11-01,RLQ,NHS ENGLAND MIDLANDS ,WYE VALLEY NHS TRUST,5849,937,126,92,0,0,2188,0,0,21,0,0,374,178,1401,0,0,141,6912,2188,68.34,1
2025-11-01,RPC,NHS ENGLAND SOUTH EAST ,QUEEN VICTORIA HOSPITAL NHS FOUNDATION TRUST,0,0,1200,0,0,0,0,0,12,0,0,0,0,0,0,0,3,501,1200,12,99.0,0
2025-11-01,RQ3,NHS ENGLAND MIDLANDS ,BIRMINGHAM WOMEN'S AND CHILDREN'S NHS FOUNDATION TRUST,5568,0,0,0,0,0,1464,0,0,0,0,0,23,0,661,0,0,223,5568,1464,73.71,1
2025-11-01,RWP,NHS ENGLAND MIDLANDS ,WORCESTERSHIRE ACUTE HOSPITALS NHS TRUST,13836,0,5212,0,0,0,7046,0,64,0,0,0,989,1083,3112,0,0,799,19048,7110,62.67,1
2025-11-01,RXQ,NHS ENGLAND SOUTH EAST ,BUCKINGHAMSHIRE HEALTHCARE NHS TRUST,9743,1170,2989,0,0,0,4327,0,60,0,0,0,235,268,3449,843,0,1075,13902,4387,68.44,1
2025-11-01,NTP11,NHS ENGLAND SOUTH EAST ,PRACTICE PLUS GROUP HOSPITAL - SOUTHAMPTON,0,0,5388,0,0,0,0,0,125,0,0,0,0,0,0,0,0,0,5388,125,97.68,0
2025-11-01,RA2,NHS ENGLAND SOUTH EAST ,ROYAL SURREY NHS FOUNDATION TRUST,6753,0,1819,803,0,19,2110,0,0,187,0,0,374,20,2209,0,0,1048,8572,2110,75.38,1
2025-11-01,RBD,NHS ENGLAND SOUTH WEST ,DORSET COUNTY HOSPITAL NHS FOUNDATION TRUST,4321,0,0,499,0,3693,1540,0,0,97,0,4,169,61,1894,0,0,482,4321,1540,64.36,1
2025-11-01,RBS,NHS ENGLAND NORTH WEST ,ALDER HEY CHILDREN'S NHS FOUNDATION TRUST,6725,0,0,0,0,0,1081,0,0,0,0,0,0,0,976,0,0,219,6725,1081,83.93,1
2025-11-01,REF,NHS ENGLAND SOUTH WEST ,ROYAL CORNWALL HOSPITALS NHS TRUST,6339,0,10401,0,0,0,2792,0,477,0,0,0,399,599,2253,0,51,1380,16740,3269,80.47,1
2025-11-01,RGR,NHS ENGLAND EAST OF ENGLAND ,WEST SUFFOLK NHS FOUNDATION TRUST,7786,0,703,99,0,0,2133,0,0,0,0,0,368,229,2010,0,0,216,8489,2133,74.87,1
2025-11-01,RMC,NHS ENGLAND NORTH WEST ,BOLTON NHS FOUNDATION TRUST,8768,0,3788,34,0,7,4635,0,268,10,0,0,467,395,2523,0,98,1238,12556,4903,60.95,1
2025-11-01,RQW,NHS ENGLAND EAST OF ENGLAND ,THE PRINCESS ALEXANDRA HOSPITAL NHS TRUST,7743,0,2630,0,0,577,2165,0,0,0,0,0,429,314,1792,0,3,279,10373,2165,79.13,1
2025-11-01,RTQ,NHS ENGLAND SOUTH WEST ,GLOUCESTERSHIRE HEALTH AND CARE NHS FOUNDATION TRUST,0,0,7517,0,0,0,0,0,129,0,0,0,0,0,0,0,0,27,7517,129,98.28,0
2025-11-01,RV9,NHS ENGLAND NORTH EAST AND YORKSHIRE ,HUMBER TEACHING NHS FOUNDATION TRUST,0,0,966,0,0,39,0,0,0,0,0,0,0,0,0,0,0,0,966,0,100.0,0
2025-11-01,RYF,NHS ENGLAND SOUTH WEST ,SOUTH WESTERN AMBULANCE SERVICE NHS FOUNDATION TRUST,0,0,1883,0,0,24,0,0,17,0,0,1,0,0,0,0,0,0,1883,17,99.1,0
2025-11-01,RYX,NHS ENGLAND LONDON,CENTRAL LONDON COMMUNITY HEALTHCARE NHS TRUST,0,0,11752,0,0,549,0,0,125,0,0,10,0,0,0,0,0,0,11752,125,98.94,0
2025-11-01,Y02428,NHS ENGLAND EAST OF ENGLAND ,PUTNOE WALK IN CENTRE,0,0,3023,0,0,0,0,0,0,0,0,0,0,0,0,0,0,0,3023,0,100.0,0
2025-11-01,NLX,NHS ENGLAND SOUTH WEST ,SIRONA CARE & HEALTH,0,0,7581,0,0,372,0,0,160,0,0,84,0,0,0,0,0,0,7581,160,97.89,0
2025-11-01,NTPAD,NHS ENGLAND SOUTH EAST ,PRACTICE PLUS GROUP SURGICAL CENTRE - ST MARYS PORTSMOUTH,0,0,4955,0,0,227,0,0,370,0,0,2,0,0,0,0,0,0,4955,370,92.53,1
2025-11-01,NV693,NHS ENGLAND NORTH WEST ,ROSSENDALE MIU & OOH,0,0,889,0,0,0,0,0,0,0,0,0,0,0,0,0,0,0,889,0,100.0,0
2025-11-01,R1D,NHS ENGLAND MIDLANDS ,SHROPSHIRE COMMUNITY HEALTH NHS TRUST,0,0,2838,0,0,0,0,0,15,0,0,0,0,0,0,0,0,0,2838,15,99.47,0
2025-11-01,RA9,NHS ENGLAND SOUTH WEST ,TORBAY AND SOUTH DEVON NHS FOUNDATION TRUST,6663,0,2857,425,0,210,3039,0,14,165,0,0,155,42,2342,0,0,1199,9520,3053,67.93,1
2025-11-01,RAJ,NHS ENGLAND EAST OF ENGLAND ,MID AND SOUTH ESSEX NHS FOUNDATION TRUST,27777,0,7663,5,0,1,10517,0,335,1,0,0,2305,869,8705,0,113,1021,35440,10852,69.38,1
2025-11-01,RAS,NHS ENGLAND LONDON,THE HILLINGDON HOSPITALS NHS FOUNDATION TRUST,5129,0,6657,0,0,0,2459,0,14,0,0,0,625,37,1651,0,0,54,11786,2473,79.02,1
2025-11-01,RCF,NHS ENGLAND NORTH EAST AND YORKSHIRE ,AIREDALE NHS FOUNDATION TRUST,6085,235,0,490,0,0,2480,0,0,0,0,0,499,223,1509,0,0,618,6320,2480,60.76,1
2025-11-01,RCX,NHS ENGLAND EAST OF ENGLAND ,"THE QUEEN ELIZABETH HOSPITAL, KING'S LYNN, NHS FOUNDATION TRUST",6395,0,1272,0,0,0,2681,0,0,0,0,0,558,229,1812,0,0,326,7667,2681,65.03,1
2025-11-01,RD8,NHS ENGLAND EAST OF ENGLAND ,MILTON KEYNES UNIVERSITY HOSPITAL NHS FOUNDATION TRUST,8182,0,5518,685,0,257,3670,0,102,315,0,0,859,0,2138,0,0,424,13700,3772,72.47,1
2025-11-01,RH8,NHS ENGLAND SOUTH WEST ,ROYAL DEVON UNIVERSITY HEALTHCARE NHS FOUNDATION TRUST,12523,0,4015,1331,0,77,5374,0,2,500,0,0,875,207,3182,0,0,1878,16538,5376,67.49,1
2025-11-01,RHQ,NHS ENGLAND NORTH EAST AND YORKSHIRE ,SHEFFIELD TEACHING HOSPITALS NHS FOUNDATION TRUST,8870,1047,7250,414,0,1150,4425,82,395,193,0,54,983,9,3194,0,0,3560,17167,4902,71.45,1
2025-11-01,RJ6,NHS ENGLAND LONDON,CROYDON HEALTH SERVICES NHS TRUST,13347,0,5396,0,0,0,4730,0,0,0,0,0,218,713,1114,0,0,154,18743,4730,74.76,1
2025-11-01,RJL,NHS ENGLAND NORTH EAST AND YORKSHIRE ,NORTHERN LINCOLNSHIRE AND GOOLE NHS FOUNDATION TRUST,9695,0,7118,0,0,420,5501,0,75,0,0,9,698,857,5534,0,0,440,16813,5576,66.84,1
2025-11-01,RK9,NHS ENGLAND SOUTH WEST ,UNIVERSITY HOSPITALS PLYMOUTH NHS TRUST,8763,88,7292,0,0,0,4690,2,73,0,0,0,687,373,3081,0,0,1822,16143,4765,70.48,1
2025-11-01,RNQ,NHS ENGLAND MIDLANDS ,KETTERING GENERAL HOSPITAL NHS FOUNDATION TRUST,10226,0,8645,331,0,0,3683,0,40,0,0,0,535,553,1709,0,0,313,18871,3723,80.27,1
2025-11-01,RTG,NHS ENGLAND MIDLANDS ,UNIVERSITY HOSPITALS OF DERBY AND BURTON NHS FOUNDATION TRUST,19733,0,9373,1665,0,28,9366,0,3,499,0,0,943,1160,3956,0,0,2064,29106,9369,67.81,1
2025-11-01,RVV,NHS ENGLAND SOUTH EAST ,EAST KENT HOSPITALS UNIVERSITY NHS FOUNDATION TRUST,13224,0,12472,0,0,0,5570,0,294,0,0,0,496,1105,2896,0,564,474,25696,5864,77.18,1
2025-11-01,RW4,NHS ENGLAND NORTH WEST ,MERSEY CARE NHS FOUNDATION TRUST,0,0,14116,0,0,0,0,0,574,0,0,0,0,0,0,0,0,29,14116,574,95.93,0
2025-11-01,RWE,NHS ENGLAND MIDLANDS ,UNIVERSITY HOSPITALS OF LEICESTER NHS TRUST,22973,1875,0,0,0,0,9337,135,0,0,0,0,1283,716,7008,2,0,3784,24848,9472,61.88,1
2025-11-01,RXR,NHS ENGLAND NORTH WEST ,EAST LANCASHIRE HOSPITALS NHS TRUST,14006,0,10880,0,0,0,4649,0,698,0,0,0,292,1284,4053,0,104,1787,24886,5347,78.51,1
2025-11-01,RY7,NHS ENGLAND NORTH WEST ,WIRRAL COMMUNITY HEALTH AND CARE NHS FOUNDATION TRUST,0,0,4139,0,0,0,0,0,393,0,0,0,0,0,0,0,0,0,4139,393,90.5,1
2025-11-01,AJN,NHS ENGLAND NORTH EAST AND YORKSHIRE ,WORKINGTON HEALTH LIMITED,0,0,337,0,0,0,0,0,0,0,0,0,0,0,0,0,0,0,337,0,100.0,0
2025-11-01,AQM01,NHS ENGLAND SOUTH EAST ,FAVERSHAM MEDICAL PRACTICE MIU,0,0,2962,0,0,0,0,0,0,0,0,0,0,0,0,0,0,0,2962,0,100.0,0
2025-11-01,R0A,NHS ENGLAND NORTH WEST ,MANCHESTER UNIVERSITY NHS FOUNDATION TRUST,27251,2818,10841,3668,515,841,10687,156,354,1399,43,45,3326,101,5949,106,104,477,40910,11197,72.63,1
2025-11-01,R0D,NHS ENGLAND SOUTH WEST ,UNIVERSITY HOSPITALS DORSET NHS FOUNDATION TRUST,14479,0,4764,0,0,0,6290,0,0,0,0,0,1066,324,4286,3,0,2408,19243,6290,67.31,1
2025-11-01,RAE,NHS ENGLAND NORTH EAST AND YORKSHIRE ,BRADFORD TEACHING HOSPITALS NHS FOUNDATION TRUST,9942,986,3330,0,0,0,2582,0,0,0,0,0,659,70,2572,0,13,1421,14258,2582,81.89,1
2025-11-01,RAL,NHS ENGLAND LONDON,ROYAL FREE LONDON NHS FOUNDATION TRUST,27198,495,15690,207,2,261,9231,7,837,71,0,27,945,2065,6292,0,124,814,43383,10075,76.78,1
2025-11-01,RBK,NHS ENGLAND MIDLANDS ,WALSALL HEALTHCARE NHS TRUST,9935,0,4109,32,0,145,3723,0,228,16,0,0,1031,545,3866,0,0,866,14044,3951,71.87,1
2025-11-01,RBT,NHS ENGLAND NORTH WEST ,MID CHESHIRE HOSPITALS NHS FOUNDATION TRUST,7319,0,2991,0,0,82,3761,0,0,0,0,0,476,569,2331,0,0,836,10310,3761,63.52,1
2025-11-01,RC9,NHS ENGLAND EAST OF ENGLAND ,BEDFORDSHIRE HOSPITALS NHS FOUNDATION TRUST,17038,0,8942,0,0,967,6555,0,0,0,0,0,80,13,5154,0,0,2210,25980,6555,74.77,1
2025-11-01,RCD,NHS ENGLAND NORTH EAST AND YORKSHIRE ,HARROGATE AND DISTRICT NHS FOUNDATION TRUST,5283,0,1441,437,0,23,1894,0,0,126,0,0,145,4,1221,0,0,309,6724,1894,71.83,1
2025-11-01,REP,NHS ENGLAND NORTH WEST ,LIVERPOOL WOMEN'S NHS FOUNDATION TRUST,0,1482,0,0,0,0,0,286,0,0,0,0,0,0,0,118,0,12,1482,286,80.7,1
2025-11-01,RFS,NHS ENGLAND MIDLANDS ,CHESTERFIELD ROYAL HOSPITAL NHS FOUNDATION TRUST,6370,0,5889,1130,0,158,3404,0,166,625,0,28,686,325,2068,0,19,174,12259,3570,70.88,1
2025-11-01,RGN,NHS ENGLAND EAST OF ENGLAND ,NORTH WEST ANGLIA NHS FOUNDATION TRUST,14820,0,4638,293,0,447,5796,0,134,65,0,5,487,862,3787,0,35,1316,19458,5930,69.52,1
2025-11-01,RJ2,NHS ENGLAND LONDON,LEWISHAM AND GREENWICH NHS TRUST,16440,0,16392,0,0,843,7469,0,398,0,0,13,1025,506,4388,0,0,568,32832,7867,76.04,1
2025-11-01,RJZ,NHS ENGLAND LONDON,KING'S COLLEGE HOSPITAL NHS FOUNDATION TRUST,16021,0,8885,59,0,442,6752,0,959,14,0,0,1426,811,3590,0,0,287,24906,7711,69.04,1
2025-11-01,RK5,NHS ENGLAND MIDLANDS ,SHERWOOD FOREST HOSPITALS NHS FOUNDATION TRUST,10617,0,5700,433,0,140,4758,0,549,222,0,2,814,484,3651,0,0,298,16317,5307,67.48,1
2025-11-01,RL4,NHS ENGLAND MIDLANDS ,THE ROYAL WOLVERHAMPTON NHS TRUST,11537,1521,7238,105,4,766,4325,25,268,26,0,3,759,620,3048,0,43,4118,20296,4618,77.25,1
2025-11-01,RLT,NHS ENGLAND MIDLANDS ,GEORGE ELIOT HOSPITAL NHS TRUST,7200,0,1649,0,0,0,1863,0,1,0,0,0,329,417,1119,0,0,0,8849,1864,78.94,1
2025-11-01,RMP,NHS ENGLAND NORTH WEST ,TAMESIDE AND GLOSSOP INTEGRATED CARE NHS FOUNDATION TRUST,8397,0,3181,404,0,87,4053,0,213,0,0,0,429,655,1715,0,0,279,11578,4266,63.15,1
2025-11-01,RN3,NHS ENGLAND SOUTH WEST ,GREAT WESTERN HOSPITALS NHS FOUNDATION TRUST,6143,0,5510,0,0,0,2947,0,418,0,0,0,668,326,2697,0,0,1300,11653,3365,71.12,1
2025-11-01,RNA,NHS ENGLAND MIDLANDS ,THE DUDLEY GROUP NHS FOUNDATION TRUST,9954,0,4454,0,0,617,3561,0,85,0,0,0,2664,155,3504,0,0,2535,14408,3646,74.69,1
2025-11-01,RNN,NHS ENGLAND NORTH EAST AND YORKSHIRE ,NORTH CUMBRIA INTEGRATED CARE NHS FOUNDATION TRUST,8819,0,1720,12,0,1,4564,0,56,5,0,0,753,432,2139,0,0,474,10539,4620,56.16,1
2025-11-01,RNS,NHS ENGLAND MIDLANDS ,NORTHAMPTON GENERAL HOSPITAL NHS TRUST,10425,814,2058,0,0,0,4000,22,132,0,0,0,467,669,2286,0,0,509,13297,4154,68.76,1
2025-11-01,RQM,NHS ENGLAND LONDON,CHELSEA AND WESTMINSTER HOSPITAL NHS FOUNDATION TRUST,20633,0,6228,643,0,0,5718,0,135,0,0,0,729,59,2893,0,0,314,26861,5853,78.21,1
2025-11-01,RR8,NHS ENGLAND NORTH EAST AND YORKSHIRE ,LEEDS TEACHING HOSPITALS NHS TRUST,18631,733,11615,50,0,512,7498,0,641,15,0,0,1271,707,3617,0,0,1189,30979,8139,73.73,1
2025-11-01,RTX,NHS ENGLAND NORTH WEST ,UNIVERSITY HOSPITALS OF MORECAMBE BAY NHS FOUNDATION TRUST,9070,0,2550,135,0,1796,3894,0,97,21,0,49,693,551,3041,0,19,923,11620,3991,65.65,1
2025-11-01,RVW,NHS ENGLAND NORTH EAST AND YORKSHIRE ,NORTH TEES AND HARTLEPOOL NHS FOUNDATION TRUST,5042,0,11490,0,0,0,2935,0,37,0,0,0,264,29,1733,0,526,2384,16532,2972,82.02,1
2025-11-01,RXK,NHS ENGLAND MIDLANDS ,SANDWELL AND WEST BIRMINGHAM HOSPITALS NHS TRUST,11914,1067,8726,438,0,0,5652,145,279,215,0,0,695,386,2712,0,0,69,21707,6076,72.01,1
2025-11-01,RXW,NHS ENGLAND MIDLANDS ,THE SHREWSBURY AND TELFORD HOSPITAL NHS TRUST,10683,0,2678,0,0,0,5826,0,380,0,0,0,385,1454,3431,0,184,1847,13361,6206,53.55,1
2025-11-01,RYJ,NHS ENGLAND LONDON,IMPERIAL COLLEGE HEALTHCARE NHS TRUST,12110,3562,6975,0,0,598,4743,101,340,0,0,0,579,0,3655,0,0,1161,22647,5184,77.11,1
2025-11-01,AD913,NHS ENGLAND LONDON,BECKENHAM BEACON UCC,0,0,3433,0,0,279,0,0,4,0,0,0,0,0,0,0,0,0,3433,4,99.88,0
2025-11-01,G0Q0L,NHS ENGLAND LONDON,BARKING HOSPITAL UTC,0,0,2802,0,0,0,0,0,14,0,0,0,0,0,0,0,0,0,2802,14,99.5,0
2025-11-01,G3P9C,NHS ENGLAND SOUTH WEST ,TROWBRIDGE MINOR INJURIES UNIT,0,0,990,0,0,0,0,0,1,0,0,0,0,0,0,0,0,0,990,1,99.9,0
2025-11-01,K6K0R,NHS ENGLAND LONDON,HAROLD WOOD POLYCLINIC UTC,0,0,2904,0,0,0,0,0,23,0,0,0,0,0,0,0,0,0,2904,23,99.21,0
2025-11-01,NNF09,NHS ENGLAND NORTH EAST AND YORKSHIRE ,BRANSHOLME HEALTH CENTRE,0,0,3748,0,0,0,0,0,461,0,0,0,0,0,0,0,0,0,3748,461,87.7,1
2025-11-01,NNF16,NHS ENGLAND NORTH EAST AND YORKSHIRE ,BRIDLINGTON HOSPITAL,0,0,1320,0,0,0,0,0,57,0,0,0,0,0,0,0,0,0,1320,57,95.68,0
2025-11-01,NNF94,NHS ENGLAND NORTH EAST AND YORKSHIRE ,EAST RIDING COMMUNITY HOSPITAL,0,0,2511,0,0,0,0,0,83,0,0,0,0,0,0,0,0,0,2511,83,96.69,0
2025-11-01,NNFA7,NHS ENGLAND NORTH EAST AND YORKSHIRE ,GOOLE & DISTRICT HOSPITAL,0,0,1567,0,0,0,0,0,41,0,0,0,0,0,0,0,0,0,1567,41,97.38,0
2025-11-01,NQT1I,NHS ENGLAND SOUTH WEST ,CHIPPENHAM COMMUNITY HOSPITAL,0,0,1505,0,0,0,0,0,10,0,0,0,0,0,0,0,0,0,1505,10,99.34,0
2025-11-01,NQT5H,NHS ENGLAND SOUTH WEST ,PAULTON MEMORIAL HOSPITAL,0,0,992,0,0,0,0,0,2,0,0,0,0,0,0,0,0,0,992,2,99.8,0
2025-11-01,R1F,NHS ENGLAND SOUTH EAST ,ISLE OF WIGHT NHS TRUST,4230,253,1528,12,0,12,1539,0,58,6,0,0,231,151,1299,0,0,260,6011,1597,73.43,1
2025-11-01,RA7,NHS ENGLAND SOUTH WEST ,UNIVERSITY HOSPITALS BRISTOL AND WESTON NHS FOUNDATION TRUST,16630,2302,0,0,0,0,6196,153,0,0,0,0,1188,243,5062,10,0,1473,18932,6349,66.46,1
2025-11-01,RAX,NHS ENGLAND LONDON,KINGSTON AND RICHMOND NHS FOUNDATION TRUST,7192,0,8197,0,0,0,4095,0,451,0,0,0,340,362,2302,0,295,597,15389,4546,70.46,1
2025-11-01,RD1,NHS ENGLAND SOUTH WEST ,ROYAL UNITED HOSPITALS BATH NHS FOUNDATION TRUST,8866,0,0,0,0,0,3750,0,0,0,0,0,887,155,2610,0,13,2018,8866,3750,57.7,1
2025-11-01,RDE,NHS ENGLAND EAST OF ENGLAND ,EAST SUFFOLK AND NORTH ESSEX NHS FOUNDATION TRUST,10929,0,13304,0,0,0,5054,0,1413,0,0,0,770,461,4745,0,0,337,24233,6467,73.31,1
2025-11-01,RDR,NHS ENGLAND SOUTH EAST ,SUSSEX COMMUNITY NHS FOUNDATION TRUST,0,0,10995,0,0,0,0,0,168,0,0,0,0,0,0,0,0,0,10995,168,98.47,0
2025-11-01,RDU,NHS ENGLAND SOUTH EAST ,FRIMLEY HEALTH NHS FOUNDATION TRUST,22861,800,11293,0,0,0,9459,0,345,0,0,0,1216,427,6619,0,0,161,34954,9804,71.95,1
2025-11-01,REM,NHS ENGLAND NORTH WEST ,LIVERPOOL UNIVERSITY HOSPITALS NHS FOUNDATION TRUST,16331,1709,8379,609,0,0,7870,0,509,248,0,0,860,1040,5177,0,0,2351,26419,8379,68.28,1
2025-11-01,RHU,NHS ENGLAND SOUTH EAST ,PORTSMOUTH HOSPITALS UNIVERSITY NHS TRUST,11135,934,3105,1815,0,742,4299,11,8,561,0,9,678,1284,3048,0,0,2242,15174,4318,71.54,1
2025-11-01,RJC,NHS ENGLAND MIDLANDS ,SOUTH WARWICKSHIRE UNIVERSITY NHS FOUNDATION TRUST,8530,0,369,1,0,0,2261,0,0,0,0,0,375,64,1870,0,0,466,8899,2261,74.59,1
2025-11-01,RJE,NHS ENGLAND MIDLANDS ,UNIVERSITY HOSPITALS OF NORTH MIDLANDS NHS TRUST,14698,497,8611,778,0,750,8019,0,205,396,0,25,1073,1093,4701,0,0,1148,23806,8224,65.45,1
2025-11-01,RN5,NHS ENGLAND SOUTH EAST ,HAMPSHIRE HOSPITALS NHS FOUNDATION TRUST,10970,69,3167,0,0,80,4721,0,125,0,0,0,77,6,3429,8,60,1174,14206,4846,65.89,1
2025-11-01,RN7,NHS ENGLAND SOUTH EAST ,DARTFORD AND GRAVESHAM NHS TRUST,11842,0,3704,0,0,0,3069,0,12,0,0,0,689,249,3615,0,0,362,15546,3081,80.18,1
2025-11-01,RNZ,NHS ENGLAND SOUTH WEST ,SALISBURY NHS FOUNDATION TRUST,4555,301,1798,168,0,0,1638,0,0,61,0,0,379,54,1492,0,0,993,6654,1638,75.38,1
2025-11-01,RP6,NHS ENGLAND LONDON,MOORFIELDS EYE HOSPITAL NHS FOUNDATION TRUST,0,5563,0,0,0,0,0,94,0,0,0,0,0,0,0,6,0,245,5563,94,98.31,0
2025-11-01,RRV,NHS ENGLAND LONDON,UNIVERSITY COLLEGE LONDON HOSPITALS NHS FOUNDATION TRUST,13781,0,0,496,0,0,4221,0,0,0,0,0,504,292,1486,0,0,297,13781,4221,69.37,1
2025-11-01,RTD,NHS ENGLAND NORTH EAST AND YORKSHIRE ,THE NEWCASTLE UPON TYNE HOSPITALS NHS FOUNDATION TRUST,13567,1570,6522,0,0,1293,5561,54,12,0,0,0,586,48,3864,15,0,2708,21659,5627,74.02,1
2025-11-01,RTE,NHS ENGLAND SOUTH WEST ,GLOUCESTERSHIRE HOSPITALS NHS FOUNDATION TRUST,13199,0,0,620,0,0,4804,0,0,148,0,0,430,389,2868,0,0,2639,13199,4804,63.6,1
2025-11-01,RTF,NHS ENGLAND NORTH EAST AND YORKSHIRE ,NORTHUMBRIA HEALTHCARE NHS FOUNDATION TRUST,10619,0,12504,0,0,0,2577,0,0,0,0,0,20,0,4313,0,8,505,23123,2577,88.86,1
2025-11-01,RTK,NHS ENGLAND SOUTH EAST ,ASHFORD AND ST PETER'S HOSPITALS NHS FOUNDATION TRUST,7533,0,2830,0,0,0,3455,0,25,0,0,0,521,325,3065,0,0,557,10363,3480,66.42,1
2025-11-01,RTR,NHS ENGLAND NORTH EAST AND YORKSHIRE ,SOUTH TEES HOSPITALS NHS FOUNDATION TRUST,7413,0,9125,0,0,2116,3761,0,361,0,0,43,372,24,2273,0,359,2186,16538,4122,75.08,1
2025-11-01,RVJ,NHS ENGLAND SOUTH WEST ,NORTH BRISTOL NHS TRUST,9172,0,0,1,0,0,3075,0,0,0,0,0,554,366,3429,0,0,2260,9172,3075,66.47,1
2025-11-01,RWD,NHS ENGLAND MIDLANDS ,UNITED LINCOLNSHIRE TEACHING HOSPITALS NHS TRUST,16510,0,4055,0,0,0,6433,0,296,0,0,0,895,932,4882,0,0,1235,20565,6729,67.28,1
2025-11-01,RWF,NHS ENGLAND SOUTH EAST ,MAIDSTONE AND TUNBRIDGE WELLS NHS TRUST,18346,0,1739,912,0,102,3915,0,55,138,0,2,988,247,2378,0,0,649,20085,3970,80.23,1
2025-11-01,RWG,NHS ENGLAND EAST OF ENGLAND ,WEST HERTFORDSHIRE TEACHING HOSPITALS NHS TRUST,8802,0,7278,0,0,767,2661,0,110,0,0,0,807,18,4497,0,0,680,16080,2771,82.77,1
2025-11-01,RWH,NHS ENGLAND EAST OF ENGLAND ,EAST AND NORTH HERTFORDSHIRE TEACHING NHS TRUST,9292,0,8274,0,0,0,4538,0,40,0,0,0,474,185,2297,0,1,216,17566,4578,73.94,1
2025-11-01,RWJ,NHS ENGLAND NORTH WEST ,STOCKPORT NHS FOUNDATION TRUST,8127,0,1071,327,0,1511,3187,0,57,120,0,1,644,445,2622,0,61,941,9198,3244,64.73,1
2025-11-01,RWX,NHS ENGLAND SOUTH EAST ,BERKSHIRE HEALTHCARE NHS FOUNDATION TRUST,0,0,1168,0,0,0,0,0,5,0,0,0,0,0,0,0,25,0,1168,5,99.57,0
2025-11-01,RXC,NHS ENGLAND SOUTH EAST ,EAST SUSSEX HEALTHCARE NHS TRUST,8986,0,2348,2011,0,1788,4166,0,32,0,0,0,278,101,2688,0,0,515,11334,4198,62.96,1
2025-11-01,RXF,NHS ENGLAND NORTH EAST AND YORKSHIRE ,MID YORKSHIRE TEACHING NHS TRUST,16746,140,6306,120,0,53,6446,0,370,0,0,0,2112,332,3560,0,179,902,23192,6816,70.61,1
2025-11-01,RXN,NHS ENGLAND NORTH WEST ,LANCASHIRE TEACHING HOSPITALS NHS FOUNDATION TRUST,12364,0,3304,194,0,170,4551,0,212,41,0,4,960,471,2986,0,135,1256,15668,4763,69.6,1
2025-11-01,RY2,NHS ENGLAND NORTH WEST ,BRIDGEWATER COMMUNITY HEALTHCARE NHS FOUNDATION TRUST,0,0,2910,0,0,143,0,0,120,0,0,1,0,0,0,0,0,0,2910,120,95.88,0
2025-11-01,RY4,NHS ENGLAND EAST OF ENGLAND ,HERTFORDSHIRE COMMUNITY NHS TRUST,0,0,1062,0,0,0,0,0,25,0,0,0,0,0,0,0,0,0,1062,25,97.65,0
2025-11-01,RY5,NHS ENGLAND MIDLANDS ,LINCOLNSHIRE COMMUNITY HEALTH SERVICES NHS TRUST,0,0,7788,0,0,0,0,0,128,0,0,0,0,0,0,0,0,0,7788,128,98.36,0
2025-11-01,ARN03,NHS ENGLAND NORTH EAST AND YORKSHIRE ,LOCAL CARE DIRECT,0,0,2555,0,0,189,0,0,9,0,0,0,0,0,0,0,0,0,2555,9,99.65,0
2025-11-01,R1H,NHS ENGLAND LONDON,BARTS HEALTH NHS TRUST,26111,794,18363,0,0,0,11748,4,2257,0,0,0,906,1000,4331,0,41,1271,45268,14009,69.05,1
2025-11-01,RGT,NHS ENGLAND EAST OF ENGLAND ,CAMBRIDGE UNIVERSITY HOSPITALS NHS FOUNDATION TRUST,11116,0,4946,283,0,275,4544,0,62,71,0,7,546,491,2743,0,27,390,16062,4606,71.32,1
2025-11-01,RH5,NHS ENGLAND SOUTH WEST ,SOMERSET NHS FOUNDATION TRUST,11913,0,8719,0,0,0,5991,0,206,0,0,0,364,87,3286,0,0,1454,20632,6197,69.96,1
2025-11-01,RJ7,NHS ENGLAND LONDON,ST GEORGE'S UNIVERSITY HOSPITALS NHS FOUNDATION TRUST,8963,0,3807,443,0,0,2493,0,65,50,0,0,395,625,1995,0,0,535,12770,2558,79.97,1
2025-11-01,RM1,NHS ENGLAND EAST OF ENGLAND ,NORFOLK AND NORWICH UNIVERSITY HOSPITALS NHS FOUNDATION TRUST,12411,0,7276,0,0,0,3845,0,2,0,0,0,696,236,2191,0,0,1518,19687,3847,80.46,1
2025-11-01,RP5,NHS ENGLAND NORTH EAST AND YORKSHIRE ,DONCASTER AND BASSETLAW TEACHING HOSPITALS NHS FOUNDATION TRUST,13650,0,3999,0,0,0,5155,0,5,0,0,0,1179,197,3854,0,407,1075,17649,5160,70.76,1
2025-11-01,RVR,NHS ENGLAND LONDON,EPSOM AND ST HELIER UNIVERSITY HOSPITALS NHS TRUST,11357,0,2179,0,0,0,3613,0,206,0,0,0,952,712,2092,0,0,147,13536,3819,71.79,1
2025-11-01,RWA,NHS ENGLAND NORTH EAST AND YORKSHIRE ,HULL UNIVERSITY TEACHING HOSPITALS NHS TRUST,9961,0,4693,0,0,0,5722,0,552,0,0,0,936,534,3801,0,0,2087,14654,6274,57.19,1
2025-11-01,RXL,NHS ENGLAND NORTH WEST ,BLACKPOOL TEACHING HOSPITALS NHS FOUNDATION TRUST,8917,0,10017,396,0,406,4390,0,75,149,0,2,574,404,2699,0,0,1163,18934,4465,76.42,1
2025-11-01,RKB,NHS ENGLAND MIDLANDS ,UNIVERSITY HOSPITALS COVENTRY AND WARWICKSHIRE NHS TRUST,12703,2593,5892,0,0,0,5588,100,159,0,0,0,48,17,1087,47,19,278,21188,5847,72.4,1
2025-11-01,RRF,NHS ENGLAND NORTH WEST ,"WRIGHTINGTON, WIGAN AND LEIGH NHS FOUNDATION TRUST",8206,0,4673,0,0,0,3681,0,79,0,0,0,649,466,2486,0,0,481,12879,3760,70.81,1
2025-11-01,RRK,NHS ENGLAND MIDLANDS ,UNIVERSITY HOSPITALS BIRMINGHAM NHS FOUNDATION TRUST,35573,310,3244,0,0,214,14391,0,70,0,0,5,2895,1702,11249,0,0,7323,39127,14461,63.04,1
2025-11-01,C83023,NHS ENGLAND MIDLANDS ,SLEAFORD MEDICAL GROUP,0,0,591,0,0,0,0,0,0,0,0,0,0,0,0,0,0,5,591,0,100.0,0
2025-11-01,RJ1,NHS ENGLAND LONDON,GUY'S AND ST THOMAS' NHS FOUNDATION TRUST,10659,0,6868,0,0,0,3310,0,178,0,0,0,141,76,2111,0,0,222,17527,3488,80.1,1
2025-11-01,RKE,NHS ENGLAND LONDON,WHITTINGTON HEALTH NHS TRUST,9340,0,0,0,0,0,2580,0,0,0,0,0,265,317,1443,0,0,16,9340,2580,72.38,1
2025-11-01,RPA,NHS ENGLAND SOUTH EAST ,MEDWAY NHS FOUNDATION TRUST,9523,0,5900,255,0,843,3391,0,853,67,0,0,379,591,1852,0,0,424,15423,4244,72.48,1
2025-11-01,R1K,NHS ENGLAND LONDON,LONDON NORTH WEST UNIVERSITY HEALTHCARE NHS TRUST,13768,0,15911,0,0,0,6911,0,896,0,0,0,754,667,6200,0,0,294,29679,7807,73.7,1
2025-11-01,RBN,NHS ENGLAND NORTH WEST ,MERSEY AND WEST LANCASHIRE TEACHING HOSPITALS NHS TRUST,17705,0,7184,204,0,0,6946,0,120,46,0,0,520,471,7419,0,0,658,24889,7066,71.61,1
2025-11-01,RCB,NHS ENGLAND NORTH EAST AND YORKSHIRE ,YORK AND SCARBOROUGH TEACHING HOSPITALS NHS FOUNDATION TRUST,11171,281,7361,0,0,0,5473,0,244,0,0,0,807,306,5058,0,0,1646,18813,5717,69.61,1
2025-11-01,RM3,NHS ENGLAND NORTH WEST ,NORTHERN CARE ALLIANCE NHS FOUNDATION TRUST,26810,0,9407,0,0,0,11165,0,301,0,0,0,1290,1068,7894,0,420,2150,36217,11466,68.34,1
2025-11-01,DT301,NHS ENGLAND EAST OF ENGLAND ,HERTS URGENT CARE (ASCOTS LANE),0,0,1934,0,0,0,0,0,61,0,0,0,0,0,0,0,0,0,1934,61,96.85,0
2025-11-01,RBL,NHS ENGLAND NORTH WEST ,WIRRAL UNIVERSITY TEACHING HOSPITAL NHS FOUNDATION TRUST,8090,0,2744,0,0,159,4050,0,114,0,0,4,452,875,2191,0,0,1686,10834,4164,61.57,1
2025-11-01,RF4,NHS ENGLAND LONDON,"BARKING, HAVERING AND REDBRIDGE UNIVERSITY HOSPITALS NHS TRUST",13220,2250,14696,0,0,0,7908,719,219,0,0,0,583,829,4009,0,0,1889,30166,8846,70.68,1
2025-11-01,RTH,NHS ENGLAND SOUTH EAST ,OXFORD UNIVERSITY HOSPITALS NHS FOUNDATION TRUST,12395,1785,3522,1685,0,217,4092,0,110,409,0,31,436,1,5221,88,15,4358,17702,4202,76.26,1
2025-11-01,RWW,NHS ENGLAND NORTH WEST ,WARRINGTON AND HALTON TEACHING HOSPITALS NHS FOUNDATION TRUST,6989,0,2893,245,0,109,3444,0,70,70,0,8,615,922,1968,0,0,165,9882,3514,64.44,1
2025-11-01,RX1,NHS ENGLAND MIDLANDS ,NOTTINGHAM UNIVERSITY HOSPITALS NHS TRUST,13016,2023,8899,0,0,255,7451,134,1048,0,0,1,157,495,3365,0,826,4029,23938,8633,63.94,1
2025-11-01,RXP,NHS ENGLAND NORTH EAST AND YORKSHIRE ,COUNTY DURHAM AND DARLINGTON NHS FOUNDATION TRUST,13118,0,3921,0,0,7428,5639,0,0,0,0,0,1980,46,4515,0,0,732,17039,5639,66.91,1
2025-11-01,RAT,NHS ENGLAND LONDON,NORTH EAST LONDON NHS FOUNDATION TRUST,0,0,1466,0,0,0,0,0,46,0,0,0,0,0,0,0,0,0,1466,46,96.86,0
2025-11-01,NNJ07,NHS ENGLAND MIDLANDS ,LOUGHBOROUGH URGENT CARE CENTRE,0,0,5474,0,0,2041,0,0,74,0,0,24,0,0,0,0,0,0,5474,74,98.65,0
2025-11-01,NNJ0H,NHS ENGLAND MIDLANDS ,LLR EA - THE MERLYN VAZ HEALTH & SOCIAL CARE CENTRE,0,0,219,0,0,2718,0,0,0,0,0,2,0,0,0,0,0,0,219,0,100.0,0
2025-11-01,NNJ12,NHS ENGLAND MIDLANDS ,MARKET HARBOROUGH,0,0,107,0,0,519,0,0,0,0,0,0,0,0,0,0,0,0,107,0,100.0,0
2025-11-01,NNJ13,NHS ENGLAND MIDLANDS ,MELTON MOWBRAY,0,0,62,0,0,478,0,0,0,0,0,2,0,0,0,0,0,0,62,0,100.0,0
2025-11-01,NNJ14,NHS ENGLAND MIDLANDS ,OADBY,0,0,550,0,0,2725,0,0,3,0,0,15,0,0,0,0,0,0,550,3,99.45,0
2025-11-01,NNJ15,NHS ENGLAND MIDLANDS ,OAKHAM,0,0,302,0,0,473,0,0,0,0,0,1,0,0,0,0,0,0,302,0,100.0,0
2025-11-01,NNJ,NHS ENGLAND MIDLANDS ,DHU HEALTH CARE C.I.C,0,0,2137,0,0,0,0,0,2,0,0,0,0,0,0,0,0,0,2137,2,99.91,0
2025-11-01,RHM,NHS ENGLAND SOUTH EAST ,UNIVERSITY HOSPITAL SOUTHAMPTON NHS FOUNDATION TRUST,12376,1187,0,0,0,0,4907,100,0,0,0,0,548,12,4228,12,0,1511,13563,5007,63.08,1
2025-11-01,RHW,NHS ENGLAND SOUTH EAST ,ROYAL BERKSHIRE NHS FOUNDATION TRUST,11173,2396,2674,1148,28,0,3497,24,0,345,0,0,494,7,2319,0,0,373,16243,3521,78.32,1
2025-10-01,RLQ,NHS ENGLAND MIDLANDS ,WYE VALLEY NHS TRUST,6138,1143,127,107,0,0,2478,0,0,28,0,0,417,272,1495,0,0,172,7408,2478,66.55,1
2025-10-01,RYY,NHS ENGLAND SOUTH EAST ,KENT COMMUNITY HEALTH NHS FOUNDATION TRUST,0,0,6140,0,0,0,0,0,13,0,0,0,0,0,0,0,0,0,6140,13,99.79,0
2025-10-01,AAH,NHS ENGLAND SOUTH WEST ,TETBURY HOSPITAL TRUST LTD,0,0,609,0,0,0,0,0,0,0,0,0,0,0,0,0,0,0,609,0,100.0,0
2025-10-01,AQN04,NHS ENGLAND SOUTH EAST ,PHL LYMINGTON UTC,0,0,2858,0,0,18,0,0,12,0,0,0,0,0,0,0,0,0,2858,12,99.58,0
2025-10-01,C82038,NHS ENGLAND MIDLANDS ,LATHAM HOUSE MEDICAL PRACTICE,0,0,362,0,0,0,0,0,0,0,0,0,0,0,0,0,0,0,362,0,100.0,0
2025-10-01,NTV0B,NHS ENGLAND SOUTH EAST ,ASHFORD WALK-IN-CENTRE,0,0,2427,0,0,0,0,0,28,0,0,0,0,0,0,0,0,0,2427,28,98.85,0
2025-10-01,NTV0W,NHS ENGLAND SOUTH EAST ,WOKING WALK IN CENTRE,0,0,2622,0,0,0,0,0,64,0,0,0,0,0,0,0,0,0,2622,64,97.56,0
2025-10-01,R1D,NHS ENGLAND MIDLANDS ,SHROPSHIRE COMMUNITY HEALTH NHS TRUST,0,0,3152,0,0,0,0,0,24,0,0,0,0,0,0,0,0,0,3152,24,99.24,0
2025-10-01,RBT,NHS ENGLAND NORTH WEST ,MID CHESHIRE HOSPITALS NHS FOUNDATION TRUST,7318,0,2950,0,0,125,4048,0,4,0,0,0,471,510,2108,0,0,814,10268,4052,60.54,1
2025-10-01,RW1,NHS ENGLAND SOUTH EAST ,HAMPSHIRE AND ISLE OF WIGHT HEALTHCARE NHS FOUNDATION TRUST,0,0,2826,0,0,0,0,0,27,0,0,0,0,0,0,0,3,121,2826,27,99.04,0
2025-10-01,RWY,NHS ENGLAND NORTH EAST AND YORKSHIRE ,CALDERDALE AND HUDDERSFIELD NHS FOUNDATION TRUST,16644,0,0,0,0,0,2858,0,0,0,0,0,975,7,3066,0,0,189,16644,2858,82.83,1
2025-10-01,NNF09,NHS ENGLAND NORTH EAST AND YORKSHIRE ,BRANSHOLME HEALTH CENTRE,0,0,3696,0,0,0,0,0,373,0,0,0,0,0,0,0,0,0,3696,373,89.91,1
2025-10-01,NNF16,NHS ENGLAND NORTH EAST AND YORKSHIRE ,BRIDLINGTON HOSPITAL,0,0,1455,0,0,0,0,0,33,0,0,0,0,0,0,0,0,0,1455,33,97.73,0
2025-10-01,NNF94,NHS ENGLAND NORTH EAST AND YORKSHIRE ,EAST RIDING COMMUNITY HOSPITAL,0,0,2680,0,0,0,0,0,75,0,0,0,0,0,0,0,0,0,2680,75,97.2,0
2025-10-01,NNFA7,NHS ENGLAND NORTH EAST AND YORKSHIRE ,GOOLE & DISTRICT HOSPITAL,0,0,1707,0,0,0,0,0,7,0,0,0,0,0,0,0,0,0,1707,7,99.59,0
2025-10-01,NVE43,NHS ENGLAND SOUTH EAST ,HASTINGS GP LED HEALTH CENTRE,0,0,1012,0,0,0,0,0,0,0,0,0,0,0,0,0,0,0,1012,0,100.0,0
2025-10-01,RA2,NHS ENGLAND SOUTH EAST ,ROYAL SURREY NHS FOUNDATION TRUST,6976,0,1879,786,0,14,2548,0,0,226,0,0,508,12,2281,0,0,1202,8855,2548,71.23,1
2025-10-01,RA9,NHS ENGLAND SOUTH WEST ,TORBAY AND SOUTH DEVON NHS FOUNDATION TRUST,6886,0,3271,375,0,149,3222,0,22,172,0,1,185,35,2442,0,0,1243,10157,3244,68.06,1
2025-10-01,RTP,NHS ENGLAND SOUTH EAST ,SURREY AND SUSSEX HEALTHCARE NHS TRUST,10542,0,0,0,0,0,4261,0,0,0,0,0,587,757,3067,0,0,974,10542,4261,59.58,1
2025-10-01,Y02676,NHS ENGLAND SOUTH EAST ,BRIGHTON STATION HEALTH CENTRE,0,0,2161,0,0,0,0,0,0,0,0,0,0,0,0,0,0,0,2161,0,100.0,0
2025-10-01,AJN,NHS ENGLAND NORTH EAST AND YORKSHIRE ,WORKINGTON HEALTH LIMITED,0,0,436,0,0,0,0,0,0,0,0,0,0,0,0,0,0,0,436,0,100.0,0
2025-10-01,NV693,NHS ENGLAND NORTH WEST ,ROSSENDALE MIU & OOH,0,0,1009,0,0,0,0,0,0,0,0,0,0,0,0,0,0,0,1009,0,100.0,0
2025-10-01,R0B,NHS ENGLAND NORTH EAST AND YORKSHIRE ,SOUTH TYNESIDE AND SUNDERLAND NHS FOUNDATION TRUST,11600,1299,5852,860,0,1310,5505,17,233,424,0,49,865,2,4405,27,0,1667,18751,5755,69.31,1
2025-10-01,RCF,NHS ENGLAND NORTH EAST AND YORKSHIRE ,AIREDALE NHS FOUNDATION TRUST,6305,255,0,528,0,0,2412,0,0,0,0,0,517,139,1673,0,0,585,6560,2412,63.23,1
2025-10-01,RFF,NHS ENGLAND NORTH EAST AND YORKSHIRE ,BARNSLEY HOSPITAL NHS FOUNDATION TRUST,9681,0,0,65,0,0,3103,0,0,0,0,0,422,0,3451,0,0,580,9681,3103,67.95,1
2025-10-01,RNU,NHS ENGLAND SOUTH EAST ,OXFORD HEALTH NHS FOUNDATION TRUST,0,0,4218,0,0,0,0,0,235,0,0,0,0,0,0,0,0,0,4218,235,94.43,1
2025-10-01,RVW,NHS ENGLAND NORTH EAST AND YORKSHIRE ,NORTH TEES AND HARTLEPOOL NHS FOUNDATION TRUST,4983,0,11225,0,0,0,2889,0,28,0,0,0,286,47,1705,0,513,2638,16208,2917,82.0,1
2025-10-01,RXR,NHS ENGLAND NORTH WEST ,EAST LANCASHIRE HOSPITALS NHS TRUST,14603,0,11378,0,0,0,4992,0,618,0,0,0,271,1380,4391,0,97,1943,25981,5610,78.41,1
2025-10-01,RY5,NHS ENGLAND MIDLANDS ,LINCOLNSHIRE COMMUNITY HEALTH SERVICES NHS TRUST,0,0,8124,0,0,0,0,0,121,0,0,0,0,0,0,0,0,0,8124,121,98.51,0
2025-10-01,RY8,NHS ENGLAND MIDLANDS ,DERBYSHIRE COMMUNITY HEALTH SERVICES NHS FOUNDATION TRUST,0,0,7561,0,0,1513,0,0,288,0,0,31,0,0,0,0,0,0,7561,288,96.19,0
2025-10-01,C82009,NHS ENGLAND MIDLANDS ,MARKET HARBOROUGH MED.CTR,0,0,412,0,0,0,0,0,0,0,0,0,0,0,0,0,0,0,412,0,100.0,0
2025-10-01,L83087,NHS ENGLAND SOUTH WEST ,OKEHAMPTON MEDICAL CENTRE,0,0,88,0,0,0,0,0,0,0,0,0,0,0,0,0,0,0,88,0,100.0,0
2025-10-01,RCD,NHS ENGLAND NORTH EAST AND YORKSHIRE ,HARROGATE AND DISTRICT NHS FOUNDATION TRUST,5321,0,1063,327,0,25,1651,0,2,88,0,0,135,6,1199,0,0,326,6384,1653,74.11,1
2025-10-01,RQX,NHS ENGLAND LONDON,HOMERTON HEALTHCARE NHS FOUNDATION TRUST,11547,0,0,0,0,0,2351,0,0,0,0,0,269,20,1956,0,0,360,11547,2351,79.64,1
2025-10-01,RV9,NHS ENGLAND NORTH EAST AND YORKSHIRE ,HUMBER TEACHING NHS FOUNDATION TRUST,0,0,1118,0,0,44,0,0,3,0,0,0,0,0,0,0,0,0,1118,3,99.73,0
2025-10-01,RXK,NHS ENGLAND MIDLANDS ,SANDWELL AND WEST BIRMINGHAM HOSPITALS NHS TRUST,11927,1197,9016,389,0,0,5468,232,114,192,0,0,768,380,2799,0,0,94,22140,5814,73.74,1
2025-10-01,RBD,NHS ENGLAND SOUTH WEST ,DORSET COUNTY HOSPITAL NHS FOUNDATION TRUST,4757,0,0,538,0,4029,1564,0,0,108,0,7,192,80,2124,0,0,500,4757,1564,67.12,1
2025-10-01,REM,NHS ENGLAND NORTH WEST ,LIVERPOOL UNIVERSITY HOSPITALS NHS FOUNDATION TRUST,17001,1851,8706,597,0,0,8937,13,433,273,0,0,1439,962,4996,0,0,2394,27558,9383,65.95,1
2025-10-01,RNQ,NHS ENGLAND MIDLANDS ,KETTERING GENERAL HOSPITAL NHS FOUNDATION TRUST,10327,0,8329,342,0,0,3898,0,110,0,0,0,559,695,1922,0,0,322,18656,4008,78.52,1
2025-10-01,RR7,NHS ENGLAND NORTH EAST AND YORKSHIRE ,GATESHEAD HEALTH NHS FOUNDATION TRUST,5933,0,4258,12,0,0,2653,0,26,5,0,0,886,21,1797,0,0,65,10191,2679,73.71,1
2025-10-01,RW4,NHS ENGLAND NORTH WEST ,MERSEY CARE NHS FOUNDATION TRUST,0,0,14676,0,0,0,0,0,489,0,0,0,0,0,0,0,0,37,14676,489,96.67,0
2025-10-01,RWA,NHS ENGLAND NORTH EAST AND YORKSHIRE ,HULL UNIVERSITY TEACHING HOSPITALS NHS TRUST,9956,0,4361,0,0,0,5884,0,438,0,0,0,991,670,3902,0,0,2281,14317,6322,55.84,1
2025-10-01,RXN,NHS ENGLAND NORTH WEST ,LANCASHIRE TEACHING HOSPITALS NHS FOUNDATION TRUST,12893,0,3418,283,0,120,4637,0,133,48,0,3,1023,463,3155,0,133,1442,16311,4770,70.76,1
2025-10-01,RY4,NHS ENGLAND EAST OF ENGLAND ,HERTFORDSHIRE COMMUNITY NHS TRUST,0,0,1205,0,0,0,0,0,63,0,0,0,0,0,0,0,0,0,1205,63,94.77,1
2025-10-01,RYR,NHS ENGLAND SOUTH EAST ,UNIVERSITY HOSPITALS SUSSEX NHS FOUNDATION TRUST,27873,1575,1887,1468,0,481,10753,90,155,395,0,1,850,961,9073,35,53,1942,31335,10998,64.9,1
2025-10-01,ACH01,NHS ENGLAND SOUTH EAST ,WHITSTABLE MEDICAL PRACTICE,0,0,4944,0,0,0,0,0,0,0,0,0,0,0,0,0,0,0,4944,0,100.0,0
2025-10-01,AD913,NHS ENGLAND LONDON,BECKENHAM BEACON UCC,0,0,3456,0,0,297,0,0,11,0,0,0,0,0,0,0,0,0,3456,11,99.68,0
2025-10-01,G3P9C,NHS ENGLAND SOUTH WEST ,TROWBRIDGE MINOR INJURIES UNIT,0,0,889,0,0,0,0,0,1,0,0,0,0,0,0,0,0,0,889,1,99.89,0
2025-10-01,NDJ,NHS ENGLAND SOUTH EAST ,FIRST COMMUNITY HEALTH AND CARE CIC,0,0,2218,0,0,0,0,0,8,0,0,0,0,0,0,0,0,0,2218,8,99.64,0
2025-10-01,NQT1I,NHS ENGLAND SOUTH WEST ,CHIPPENHAM COMMUNITY HOSPITAL,0,0,1645,0,0,0,0,0,12,0,0,0,0,0,0,0,0,0,1645,12,99.27,0
2025-10-01,NQT5F,NHS ENGLAND NORTH WEST ,SKELMERSDALE WALK IN CENTRE,0,0,1718,0,0,0,0,0,24,0,0,0,0,0,0,0,0,0,1718,24,98.6,0
2025-10-01,NQT5H,NHS ENGLAND SOUTH WEST ,PAULTON MEMORIAL HOSPITAL,0,0,1130,0,0,0,0,0,5,0,0,0,0,0,0,0,0,0,1130,5,99.56,0
2025-10-01,NTP11,NHS ENGLAND SOUTH EAST ,PRACTICE PLUS GROUP HOSPITAL - SOUTHAMPTON,0,0,5502,0,0,0,0,0,113,0,0,0,0,0,0,0,0,0,5502,113,97.95,0
2025-10-01,RAS,NHS ENGLAND LONDON,THE HILLINGDON HOSPITALS NHS FOUNDATION TRUST,5359,0,6831,0,0,0,2771,0,58,0,0,0,516,42,1760,0,0,69,12190,2829,76.79,1
2025-10-01,RAT,NHS ENGLAND LONDON,NORTH EAST LONDON NHS FOUNDATION TRUST,0,0,1899,0,0,0,0,0,36,0,0,0,0,0,0,0,0,0,1899,36,98.1,0
2025-10-01,RAX,NHS ENGLAND LONDON,KINGSTON AND RICHMOND NHS FOUNDATION TRUST,7042,0,8553,0,0,0,3867,0,365,0,0,0,218,579,2306,0,375,703,15595,4232,72.86,1
2025-10-01,REF,NHS ENGLAND SOUTH WEST ,ROYAL CORNWALL HOSPITALS NHS TRUST,6727,0,11554,0,0,0,3087,0,526,0,0,0,431,626,2406,0,47,1426,18281,3613,80.24,1
2025-10-01,RFR,NHS ENGLAND NORTH EAST AND YORKSHIRE ,THE ROTHERHAM NHS FOUNDATION TRUST,9550,0,0,0,0,0,3062,0,0,0,0,0,602,2,1779,0,0,547,9550,3062,67.94,1
2025-10-01,RL4,NHS ENGLAND MIDLANDS ,THE ROYAL WOLVERHAMPTON NHS TRUST,11729,1690,6773,79,1,736,4517,253,201,18,0,0,794,581,2563,0,284,793,20192,4971,75.38,1
2025-10-01,RTK,NHS ENGLAND SOUTH EAST ,ASHFORD AND ST PETER'S HOSPITALS NHS FOUNDATION TRUST,7513,0,2868,0,0,0,3785,0,16,0,0,0,596,361,3046,0,0,628,10381,3801,63.39,1
2025-10-01,RTR,NHS ENGLAND NORTH EAST AND YORKSHIRE ,SOUTH TEES HOSPITALS NHS FOUNDATION TRUST,7664,0,9064,0,0,2143,3933,0,312,0,0,30,400,24,2386,0,362,2409,16728,4245,74.62,1
2025-10-01,RTX,NHS ENGLAND NORTH WEST ,UNIVERSITY HOSPITALS OF MORECAMBE BAY NHS FOUNDATION TRUST,9431,0,2798,146,0,1768,3720,0,69,25,0,48,718,700,3335,0,21,936,12229,3789,69.02,1
2025-10-01,RY7,NHS ENGLAND NORTH WEST ,WIRRAL COMMUNITY HEALTH AND CARE NHS FOUNDATION TRUST,0,0,4249,0,0,0,0,0,382,0,0,0,0,0,0,0,0,0,4249,382,91.01,1
2025-10-01,Y02428,NHS ENGLAND EAST OF ENGLAND ,PUTNOE WALK IN CENTRE,0,0,2619,0,0,0,0,0,0,0,0,0,0,0,0,0,0,0,2619,0,100.0,0
2025-10-01,NLX,NHS ENGLAND SOUTH WEST ,SIRONA CARE & HEALTH,0,0,8430,0,0,283,0,0,328,0,0,35,0,0,0,0,0,0,8430,328,96.11,0
2025-10-01,NNJ,NHS ENGLAND MIDLANDS ,DHU HEALTH CARE C.I.C,0,0,1869,0,0,0,0,0,2,0,0,0,0,0,0,0,0,0,1869,2,99.89,0
2025-10-01,NQTE4,NHS ENGLAND MIDLANDS ,SUMMERFIELD URGENT CARE CENTRE,0,0,3324,0,0,0,0,0,0,0,0,0,0,0,0,0,0,0,3324,0,100.0,0
2025-10-01,R0A,NHS ENGLAND NORTH WEST ,MANCHESTER UNIVERSITY NHS FOUNDATION TRUST,27673,3093,11284,3702,593,813,11350,161,328,1427,36,33,3619,85,6103,144,99,503,42050,11839,71.85,1
2025-10-01,RAE,NHS ENGLAND NORTH EAST AND YORKSHIRE ,BRADFORD TEACHING HOSPITALS NHS FOUNDATION TRUST,9468,1031,3244,0,0,0,2265,0,0,0,0,0,593,113,2547,0,14,1407,13743,2265,83.52,1
2025-10-01,RCX,NHS ENGLAND EAST OF ENGLAND ,"THE QUEEN ELIZABETH HOSPITAL, KING'S LYNN, NHS FOUNDATION TRUST",6549,0,1257,0,0,0,2593,0,0,0,0,0,309,148,1915,0,0,389,7806,2593,66.78,1
2025-10-01,RGP,NHS ENGLAND EAST OF ENGLAND ,JAMES PAGET UNIVERSITY HOSPITALS NHS FOUNDATION TRUST,7429,0,1286,0,0,0,2542,0,0,0,0,0,519,363,1596,0,0,572,8715,2542,70.83,1
2025-10-01,RJC,NHS ENGLAND MIDLANDS ,SOUTH WARWICKSHIRE UNIVERSITY NHS FOUNDATION TRUST,8934,0,422,3,0,0,2584,0,0,0,0,0,639,53,2117,0,0,635,9356,2584,72.38,1
2025-10-01,RJL,NHS ENGLAND NORTH EAST AND YORKSHIRE ,NORTHERN LINCOLNSHIRE AND GOOLE NHS FOUNDATION TRUST,9779,0,7235,0,0,418,5154,0,59,0,0,7,785,738,5696,0,0,534,17014,5213,69.36,1
2025-10-01,RJR,NHS ENGLAND NORTH WEST ,COUNTESS OF CHESTER HOSPITAL NHS FOUNDATION TRUST,5823,0,2231,0,0,0,2669,0,180,0,0,0,565,530,2003,0,0,1384,8054,2849,64.63,1
2025-10-01,RK9,NHS ENGLAND SOUTH WEST ,UNIVERSITY HOSPITALS PLYMOUTH NHS TRUST,8855,118,7625,0,0,0,5258,3,62,0,0,0,647,528,3013,0,0,1922,16598,5323,67.93,1
2025-10-01,RLT,NHS ENGLAND MIDLANDS ,GEORGE ELIOT HOSPITAL NHS TRUST,7354,0,1640,0,0,0,1918,0,5,0,0,0,254,560,1135,0,0,0,8994,1923,78.62,1
2025-10-01,RMC,NHS ENGLAND NORTH WEST ,BOLTON NHS FOUNDATION TRUST,8841,0,3894,37,0,7,4490,0,336,12,0,0,579,288,2788,0,81,1291,12735,4826,62.1,1
2025-10-01,RMP,NHS ENGLAND NORTH WEST ,TAMESIDE AND GLOSSOP INTEGRATED CARE NHS FOUNDATION TRUST,8957,0,2566,395,0,91,4543,0,146,0,0,0,502,590,1844,0,0,256,11523,4689,59.31,1
2025-10-01,RNA,NHS ENGLAND MIDLANDS ,THE DUDLEY GROUP NHS FOUNDATION TRUST,10233,0,4270,0,0,591,3203,0,87,0,0,0,2600,141,3743,0,0,2694,14503,3290,77.32,1
2025-10-01,RNN,NHS ENGLAND NORTH EAST AND YORKSHIRE ,NORTH CUMBRIA INTEGRATED CARE NHS FOUNDATION TRUST,8931,0,1961,17,0,0,4126,0,45,3,0,0,610,318,2433,0,0,775,10892,4171,61.71,1
2025-10-01,RPA,NHS ENGLAND SOUTH EAST ,MEDWAY NHS FOUNDATION TRUST,10088,0,6025,252,0,1086,3467,0,906,48,0,0,367,728,1813,0,0,548,16113,4373,72.86,1
2025-10-01,RQM,NHS ENGLAND LONDON,CHELSEA AND WESTMINSTER HOSPITAL NHS FOUNDATION TRUST,20266,0,6584,574,0,0,5947,0,129,0,0,0,1040,45,2943,0,0,300,26850,6076,77.37,1
2025-10-01,RRV,NHS ENGLAND LONDON,UNIVERSITY COLLEGE LONDON HOSPITALS NHS FOUNDATION TRUST,14180,0,0,392,0,0,3951,0,0,0,0,0,449,219,1502,0,0,272,14180,3951,72.14,1
2025-10-01,RTD,NHS ENGLAND NORTH EAST AND YORKSHIRE ,THE NEWCASTLE UPON TYNE HOSPITALS NHS FOUNDATION TRUST,13761,1760,6799,0,0,1338,5390,62,0,0,0,0,595,42,3890,24,0,2909,22320,5452,75.57,1
2025-10-01,RTG,NHS ENGLAND MIDLANDS ,UNIVERSITY HOSPITALS OF DERBY AND BURTON NHS FOUNDATION TRUST,19491,0,9994,2990,0,30,9255,0,4,519,0,0,935,1234,4017,0,1,2055,29485,9259,68.6,1
2025-10-01,RTQ,NHS ENGLAND SOUTH WEST ,GLOUCESTERSHIRE HEALTH AND CARE NHS FOUNDATION TRUST,0,0,8164,0,0,0,0,0,113,0,0,0,0,0,0,0,0,32,8164,113,98.62,0
2025-10-01,RWP,NHS ENGLAND MIDLANDS ,WORCESTERSHIRE ACUTE HOSPITALS NHS TRUST,14072,0,5674,0,0,0,7317,0,106,0,0,0,935,1326,3010,0,0,770,19746,7423,62.41,1
2025-10-01,NTPAD,NHS ENGLAND SOUTH EAST ,PRACTICE PLUS GROUP SURGICAL CENTRE - ST MARYS PORTSMOUTH,0,0,5220,0,0,231,0,0,514,0,0,3,0,0,0,0,0,0,5220,514,90.15,1
2025-10-01,R1F,NHS ENGLAND SOUTH EAST ,ISLE OF WIGHT NHS TRUST,4287,338,1632,16,0,14,1661,0,92,1,0,0,256,164,1306,0,0,335,6257,1753,71.98,1
2025-10-01,RAJ,NHS ENGLAND EAST OF ENGLAND ,MID AND SOUTH ESSEX NHS FOUNDATION TRUST,27691,0,7669,0,0,0,9186,0,130,0,0,0,2393,610,9196,0,151,1283,35360,9316,73.65,1
2025-10-01,RBK,NHS ENGLAND MIDLANDS ,WALSALL HEALTHCARE NHS TRUST,9963,0,4428,25,0,146,3596,0,105,6,0,0,945,279,4108,0,0,904,14391,3701,74.28,1
2025-10-01,REP,NHS ENGLAND NORTH WEST ,LIVERPOOL WOMEN'S NHS FOUNDATION TRUST,0,1601,0,0,0,0,0,267,0,0,0,0,0,0,0,96,0,11,1601,267,83.32,1
2025-10-01,RGR,NHS ENGLAND EAST OF ENGLAND ,WEST SUFFOLK NHS FOUNDATION TRUST,7944,0,730,90,0,0,2673,0,0,0,0,0,511,406,1974,0,0,329,8674,2673,69.18,1
2025-10-01,RH8,NHS ENGLAND SOUTH WEST ,ROYAL DEVON UNIVERSITY HEALTHCARE NHS FOUNDATION TRUST,13317,0,4221,1199,0,90,5806,0,4,515,0,2,946,207,3714,0,0,1986,17538,5810,66.87,1
2025-10-01,RJZ,NHS ENGLAND LONDON,KING'S COLLEGE HOSPITAL NHS FOUNDATION TRUST,16287,0,8678,49,0,503,6934,0,358,19,0,0,1512,593,3720,0,0,324,24965,7292,70.79,1
2025-10-01,RN3,NHS ENGLAND SOUTH WEST ,GREAT WESTERN HOSPITALS NHS FOUNDATION TRUST,6185,0,5911,0,0,0,3152,0,486,0,0,0,702,326,2766,0,0,1187,12096,3638,69.92,1
2025-10-01,RNS,NHS ENGLAND MIDLANDS ,NORTHAMPTON GENERAL HOSPITAL NHS TRUST,10636,969,1921,0,0,0,4524,124,49,0,0,0,571,764,2136,0,0,444,13526,4697,65.27,1
2025-10-01,RPC,NHS ENGLAND SOUTH EAST ,QUEEN VICTORIA HOSPITAL NHS FOUNDATION TRUST,0,0,1395,0,0,0,0,0,19,0,0,0,0,0,0,0,1,564,1395,19,98.64,0
2025-10-01,RTH,NHS ENGLAND SOUTH EAST ,OXFORD UNIVERSITY HOSPITALS NHS FOUNDATION TRUST,12950,1851,3269,1808,0,222,3808,0,110,354,0,34,450,0,5713,107,21,4465,18070,3918,78.32,1
2025-10-01,RVV,NHS ENGLAND SOUTH EAST ,EAST KENT HOSPITALS UNIVERSITY NHS FOUNDATION TRUST,13171,0,13017,0,0,0,6372,0,357,0,0,0,406,1238,2840,0,596,467,26188,6729,74.31,1
2025-10-01,RWJ,NHS ENGLAND NORTH WEST ,STOCKPORT NHS FOUNDATION TRUST,8296,0,1162,311,0,1507,3528,0,59,116,0,2,802,447,2732,0,58,917,9458,3587,62.07,1
2025-10-01,RWX,NHS ENGLAND SOUTH EAST ,BERKSHIRE HEALTHCARE NHS FOUNDATION TRUST,0,0,1447,0,0,0,0,0,12,0,0,0,0,0,0,0,36,0,1447,12,99.17,0
2025-10-01,RXF,NHS ENGLAND NORTH EAST AND YORKSHIRE ,MID YORKSHIRE TEACHING NHS TRUST,17426,128,6725,124,0,86,6729,0,263,1,0,0,2098,125,3631,0,157,988,24279,6992,71.2,1
2025-10-01,RXP,NHS ENGLAND NORTH EAST AND YORKSHIRE ,COUNTY DURHAM AND DARLINGTON NHS FOUNDATION TRUST,13410,0,4086,0,0,7391,5620,0,0,0,0,0,2278,19,4561,0,0,777,17496,5620,67.88,1
2025-10-01,RXW,NHS ENGLAND MIDLANDS ,THE SHREWSBURY AND TELFORD HOSPITAL NHS TRUST,10982,0,2637,0,0,0,5893,0,340,0,0,0,429,1618,3440,0,215,2028,13619,6233,54.23,1
2025-10-01,Y02615,NHS ENGLAND MIDLANDS ,SOUTH BIRMINGHAM GP WALK IN CENTRE,0,0,6420,0,0,0,0,0,0,0,0,0,0,0,0,0,0,0,6420,0,100.0,0
2025-10-01,NNJ0H,NHS ENGLAND MIDLANDS ,LLR EA - THE MERLYN VAZ HEALTH & SOCIAL CARE CENTRE,0,0,329,0,0,3633,0,0,3,0,0,6,0,0,0,0,0,0,329,3,99.09,0
2025-10-01,NNJ12,NHS ENGLAND MIDLANDS ,MARKET HARBOROUGH,0,0,89,0,0,381,0,0,0,0,0,0,0,0,0,0,0,0,89,0,100.0,0
2025-10-01,NNJ13,NHS ENGLAND MIDLANDS ,MELTON MOWBRAY,0,0,54,0,0,358,0,0,0,0,0,0,0,0,0,0,0,0,54,0,100.0,0
2025-10-01,NNJ14,NHS ENGLAND MIDLANDS ,OADBY,0,0,534,0,0,2189,0,0,0,0,0,0,0,0,0,0,0,0,534,0,100.0,0
2025-10-01,NNJ15,NHS ENGLAND MIDLANDS ,OAKHAM,0,0,53,0,0,346,0,0,0,0,0,0,0,0,0,0,0,0,53,0,100.0,0
2025-10-01,RA7,NHS ENGLAND SOUTH WEST ,UNIVERSITY HOSPITALS BRISTOL AND WESTON NHS FOUNDATION TRUST,16671,2567,0,0,0,0,6315,108,0,0,0,0,1187,562,5251,10,0,1526,19238,6423,66.61,1
2025-10-01,RAL,NHS ENGLAND LONDON,ROYAL FREE LONDON NHS FOUNDATION TRUST,27391,600,15885,136,2,175,9137,6,700,42,0,16,899,2109,6588,0,108,762,43876,9843,77.57,1
2025-10-01,RBS,NHS ENGLAND NORTH WEST ,ALDER HEY CHILDREN'S NHS FOUNDATION TRUST,6441,0,0,0,0,0,841,0,0,0,0,0,0,0,870,0,0,300,6441,841,86.94,1
2025-10-01,RCB,NHS ENGLAND NORTH EAST AND YORKSHIRE ,YORK AND SCARBOROUGH TEACHING HOSPITALS NHS FOUNDATION TRUST,11343,347,7942,0,0,0,5778,0,367,0,0,0,945,628,5187,0,0,1669,19632,6145,68.7,1
2025-10-01,RCU,NHS ENGLAND NORTH EAST AND YORKSHIRE ,SHEFFIELD CHILDREN'S NHS FOUNDATION TRUST,4674,0,586,298,0,32,356,0,0,24,0,0,8,0,1112,0,0,104,5260,356,93.23,1
2025-10-01,RD1,NHS ENGLAND SOUTH WEST ,ROYAL UNITED HOSPITALS BATH NHS FOUNDATION TRUST,9562,0,0,0,0,0,4229,0,0,0,0,0,982,112,2834,0,5,2363,9562,4229,55.77,1
2025-10-01,RD8,NHS ENGLAND EAST OF ENGLAND ,MILTON KEYNES UNIVERSITY HOSPITAL NHS FOUNDATION TRUST,8428,0,5222,792,0,256,3454,0,43,389,0,0,706,0,2367,0,0,485,13650,3497,74.38,1
2025-10-01,RDE,NHS ENGLAND EAST OF ENGLAND ,EAST SUFFOLK AND NORTH ESSEX NHS FOUNDATION TRUST,11567,0,13288,0,0,0,6210,0,1213,0,0,0,819,556,4654,0,4,452,24855,7423,70.13,1
2025-10-01,RDU,NHS ENGLAND SOUTH EAST ,FRIMLEY HEALTH NHS FOUNDATION TRUST,23647,1062,12660,0,0,0,9661,0,222,0,0,0,1387,492,7123,0,0,164,37369,9883,73.55,1
2025-10-01,RF4,NHS ENGLAND LONDON,"BARKING, HAVERING AND REDBRIDGE UNIVERSITY HOSPITALS NHS TRUST",14159,2354,14559,0,0,0,6429,292,179,0,0,0,690,949,8510,0,0,394,31072,6900,77.79,1
2025-10-01,RFS,NHS ENGLAND MIDLANDS ,CHESTERFIELD ROYAL HOSPITAL NHS FOUNDATION TRUST,5372,0,5404,1051,0,310,2895,0,257,575,0,45,963,276,2055,0,59,224,10776,3152,70.75,1
2025-10-01,RGN,NHS ENGLAND EAST OF ENGLAND ,NORTH WEST ANGLIA NHS FOUNDATION TRUST,15528,0,4796,298,0,447,5883,0,96,59,0,3,560,945,3736,0,33,1490,20324,5979,70.58,1
2025-10-01,RHQ,NHS ENGLAND NORTH EAST AND YORKSHIRE ,SHEFFIELD TEACHING HOSPITALS NHS FOUNDATION TRUST,8972,1309,7773,455,2,1347,4759,166,244,249,0,2,1193,13,3269,0,0,3860,18054,5169,71.37,1
2025-10-01,RJ2,NHS ENGLAND LONDON,LEWISHAM AND GREENWICH NHS TRUST,16150,0,16657,0,0,911,7660,0,380,0,0,6,1253,652,4437,0,0,555,32807,8040,75.49,1
2025-10-01,RJ7,NHS ENGLAND LONDON,ST GEORGE'S UNIVERSITY HOSPITALS NHS FOUNDATION TRUST,8936,0,3900,483,0,0,2633,0,106,56,0,0,408,651,2750,0,0,794,12836,2739,78.66,1
2025-10-01,RJE,NHS ENGLAND MIDLANDS ,UNIVERSITY HOSPITALS OF NORTH MIDLANDS NHS TRUST,15284,500,9167,886,0,685,8226,0,321,488,0,33,852,1384,4735,0,0,1137,24951,8547,65.74,1
2025-10-01,RK5,NHS ENGLAND MIDLANDS ,SHERWOOD FOREST HOSPITALS NHS FOUNDATION TRUST,11208,0,5679,332,0,180,5069,0,445,155,0,4,917,606,3914,0,1,295,16887,5514,67.35,1
2025-10-01,RKB,NHS ENGLAND MIDLANDS ,UNIVERSITY HOSPITALS COVENTRY AND WARWICKSHIRE NHS TRUST,12851,2242,5876,0,0,0,5414,108,105,0,0,0,73,22,1231,27,26,288,20969,5627,73.17,1
2025-10-01,RN5,NHS ENGLAND SOUTH EAST ,HAMPSHIRE HOSPITALS NHS FOUNDATION TRUST,11240,52,3567,0,0,116,5158,0,149,0,0,0,192,29,3404,5,81,1163,14859,5307,64.28,1
2025-10-01,RP5,NHS ENGLAND NORTH EAST AND YORKSHIRE ,DONCASTER AND BASSETLAW TEACHING HOSPITALS NHS FOUNDATION TRUST,14193,0,3954,0,0,0,5556,0,1,0,0,0,1283,142,3900,0,392,1019,18147,5557,69.38,1
2025-10-01,RP6,NHS ENGLAND LONDON,MOORFIELDS EYE HOSPITAL NHS FOUNDATION TRUST,0,6051,0,0,0,0,0,196,0,0,0,0,0,0,0,1,0,236,6051,196,96.76,0
2025-10-01,RQW,NHS ENGLAND EAST OF ENGLAND ,THE PRINCESS ALEXANDRA HOSPITAL NHS TRUST,8233,0,2322,0,0,598,2351,0,0,0,0,0,549,240,2000,0,3,319,10555,2351,77.73,1
2025-10-01,RR8,NHS ENGLAND NORTH EAST AND YORKSHIRE ,LEEDS TEACHING HOSPITALS NHS TRUST,18939,809,11826,98,0,487,7529,0,453,32,0,0,1447,714,3722,0,0,1310,31574,7982,74.72,1
2025-10-01,RRF,NHS ENGLAND NORTH WEST ,"WRIGHTINGTON, WIGAN AND LEIGH NHS FOUNDATION TRUST",8009,0,5045,0,0,0,3531,0,54,0,0,0,647,434,2424,0,0,636,13054,3585,72.54,1
2025-10-01,RRK,NHS ENGLAND MIDLANDS ,UNIVERSITY HOSPITALS BIRMINGHAM NHS FOUNDATION TRUST,36434,370,3395,0,0,179,14338,0,46,0,0,4,2442,2030,11156,0,0,7879,40199,14384,64.22,1
2025-10-01,RTE,NHS ENGLAND SOUTH WEST ,GLOUCESTERSHIRE HOSPITALS NHS FOUNDATION TRUST,13881,0,0,439,0,0,5212,0,0,97,0,0,451,348,3088,0,0,2941,13881,5212,62.45,1
2025-10-01,RTF,NHS ENGLAND NORTH EAST AND YORKSHIRE ,NORTHUMBRIA HEALTHCARE NHS FOUNDATION TRUST,11014,0,13208,0,0,0,2985,0,0,0,0,0,49,0,4178,0,15,532,24222,2985,87.68,1
2025-10-01,RWD,NHS ENGLAND MIDLANDS ,UNITED LINCOLNSHIRE TEACHING HOSPITALS NHS TRUST,17436,0,4099,0,0,0,6972,0,374,0,0,0,965,1196,5160,0,0,1069,21535,7346,65.89,1
2025-10-01,RWE,NHS ENGLAND MIDLANDS ,UNIVERSITY HOSPITALS OF LEICESTER NHS TRUST,23885,2156,0,0,0,0,9536,193,0,0,0,0,1182,844,6777,4,0,4101,26041,9729,62.64,1
2025-10-01,RWG,NHS ENGLAND EAST OF ENGLAND ,WEST HERTFORDSHIRE TEACHING HOSPITALS NHS TRUST,8532,0,7389,0,0,814,2749,0,65,0,0,0,779,22,4499,0,0,631,15921,2814,82.33,1
2025-10-01,RWH,NHS ENGLAND EAST OF ENGLAND ,EAST AND NORTH HERTFORDSHIRE TEACHING NHS TRUST,9294,0,8403,0,0,0,4574,0,27,0,0,0,545,172,2494,0,1,216,17697,4601,74.0,1
2025-10-01,RWW,NHS ENGLAND NORTH WEST ,WARRINGTON AND HALTON TEACHING HOSPITALS NHS FOUNDATION TRUST,7210,0,3092,266,0,100,3769,0,86,93,0,4,579,988,1942,0,0,181,10302,3855,62.58,1
2025-10-01,RXC,NHS ENGLAND SOUTH EAST ,EAST SUSSEX HEALTHCARE NHS TRUST,9250,0,2428,2105,0,1537,3788,0,28,0,0,0,275,117,2668,0,0,562,11678,3816,67.32,1
2025-10-01,RXL,NHS ENGLAND NORTH WEST ,BLACKPOOL TEACHING HOSPITALS NHS FOUNDATION TRUST,9263,0,10484,430,0,331,4480,0,153,169,0,0,524,544,2886,0,0,1290,19747,4633,76.54,1
2025-10-01,RYJ,NHS ENGLAND LONDON,IMPERIAL COLLEGE HEALTHCARE NHS TRUST,12719,3990,7454,0,0,591,5375,148,416,0,0,0,575,0,3639,1,0,1158,24163,5939,75.42,1
2025-10-01,ARN03,NHS ENGLAND NORTH EAST AND YORKSHIRE ,LOCAL CARE DIRECT,0,0,2371,0,0,192,0,0,9,0,0,0,0,0,0,0,0,0,2371,9,99.62,0
2025-10-01,R0D,NHS ENGLAND SOUTH WEST ,UNIVERSITY HOSPITALS DORSET NHS FOUNDATION TRUST,14481,0,4810,0,0,0,6026,0,0,0,0,0,1171,434,4219,6,0,2699,19291,6026,68.76,1
2025-10-01,RDR,NHS ENGLAND SOUTH EAST ,SUSSEX COMMUNITY NHS FOUNDATION TRUST,0,0,11779,0,0,0,0,0,173,0,0,0,0,0,0,0,0,0,11779,173,98.53,0
2025-10-01,RGT,NHS ENGLAND EAST OF ENGLAND ,CAMBRIDGE UNIVERSITY HOSPITALS NHS FOUNDATION TRUST,11309,0,5334,298,0,296,4661,0,48,64,0,2,546,568,2744,0,28,463,16643,4709,71.71,1
2025-10-01,RH5,NHS ENGLAND SOUTH WEST ,SOMERSET NHS FOUNDATION TRUST,12856,0,8360,0,0,0,6024,0,139,0,0,0,610,207,3143,0,0,1199,21216,6163,70.95,1
2025-10-01,RJ6,NHS ENGLAND LONDON,CROYDON HEALTH SERVICES NHS TRUST,13542,0,5354,0,0,0,4873,0,0,0,0,0,292,751,1272,0,0,130,18896,4873,74.21,1
2025-10-01,RJN,NHS ENGLAND NORTH WEST ,EAST CHESHIRE NHS TRUST,4646,0,0,78,0,57,2459,0,0,0,0,0,298,256,833,0,0,214,4646,2459,47.07,1
2025-10-01,RKE,NHS ENGLAND LONDON,WHITTINGTON HEALTH NHS TRUST,9130,0,0,0,0,0,2753,0,0,0,0,0,248,296,1412,0,0,30,9130,2753,69.85,1
2025-10-01,RM1,NHS ENGLAND EAST OF ENGLAND ,NORFOLK AND NORWICH UNIVERSITY HOSPITALS NHS FOUNDATION TRUST,12942,0,7670,0,0,0,4125,0,1,0,0,0,741,215,2378,0,0,1600,20612,4126,79.98,1
2025-10-01,RN7,NHS ENGLAND SOUTH EAST ,DARTFORD AND GRAVESHAM NHS TRUST,11792,0,3883,0,0,0,3066,0,9,0,0,0,713,112,3671,0,0,345,15675,3075,80.38,1
2025-10-01,RNZ,NHS ENGLAND SOUTH WEST ,SALISBURY NHS FOUNDATION TRUST,4719,326,1568,173,0,0,2093,0,0,66,0,0,464,80,1328,0,0,1109,6613,2093,68.35,1
2025-10-01,RQ3,NHS ENGLAND MIDLANDS ,BIRMINGHAM WOMEN'S AND CHILDREN'S NHS FOUNDATION TRUST,5419,0,0,0,0,0,1065,0,0,0,0,0,10,2,644,0,0,217,5419,1065,80.35,1
2025-10-01,RVJ,NHS ENGLAND SOUTH WEST ,NORTH BRISTOL NHS TRUST,9818,0,0,38,0,0,3786,0,0,13,0,0,631,401,2645,0,0,2493,9818,3786,61.44,1
2025-10-01,RVR,NHS ENGLAND LONDON,EPSOM AND ST HELIER UNIVERSITY HOSPITALS NHS TRUST,11208,0,2251,4,0,2,3363,0,199,1,0,0,908,890,2197,0,0,189,13459,3562,73.53,1
2025-10-01,RWF,NHS ENGLAND SOUTH EAST ,MAIDSTONE AND TUNBRIDGE WELLS NHS TRUST,20896,0,1822,961,0,144,4634,0,29,140,0,0,1046,317,2543,0,0,594,22718,4663,79.47,1
2025-10-01,RY2,NHS ENGLAND NORTH WEST ,BRIDGEWATER COMMUNITY HEALTHCARE NHS FOUNDATION TRUST,0,0,2951,0,0,170,0,0,51,0,0,2,0,0,0,0,0,0,2951,51,98.27,0
2025-10-01,AQM01,NHS ENGLAND SOUTH EAST ,FAVERSHAM MEDICAL PRACTICE MIU,0,0,2943,0,0,0,0,0,0,0,0,0,0,0,0,0,0,0,2943,0,100.0,0
2025-10-01,DJV01,NHS ENGLAND SOUTH EAST ,HERNE BAY HEALTH CARE LTD,0,0,2567,0,0,0,0,0,0,0,0,0,0,0,0,0,0,0,2567,0,100.0,0
2025-10-01,G0Q0L,NHS ENGLAND LONDON,BARKING HOSPITAL UTC,0,0,2914,0,0,0,0,0,9,0,0,0,0,0,0,0,0,0,2914,9,99.69,0
2025-10-01,K6K0R,NHS ENGLAND LONDON,HAROLD WOOD POLYCLINIC UTC,0,0,2792,0,0,0,0,0,6,0,0,0,0,0,0,0,0,0,2792,6,99.79,0
2025-10-01,RJ1,NHS ENGLAND LONDON,GUY'S AND ST THOMAS' NHS FOUNDATION TRUST,10559,0,6955,0,0,0,3780,0,192,0,0,0,129,94,2136,0,0,221,17514,3972,77.32,1
2025-10-01,RX1,NHS ENGLAND MIDLANDS ,NOTTINGHAM UNIVERSITY HOSPITALS NHS TRUST,12936,2278,9888,0,0,261,7207,225,2314,0,0,0,195,859,3269,0,923,4781,25102,9746,61.17,1
2025-10-01,Y02532,NHS ENGLAND NORTH WEST ,MIRIAM MINOR EMERGENCY,0,0,1766,0,0,0,0,0,0,0,0,0,0,0,0,0,0,0,1766,0,100.0,0
2025-10-01,RC9,NHS ENGLAND EAST OF ENGLAND ,BEDFORDSHIRE HOSPITALS NHS FOUNDATION TRUST,17663,0,8549,0,0,892,7164,0,0,0,0,0,82,40,5227,0,0,2396,26212,7164,72.67,1
2025-10-01,Y03218,NHS ENGLAND LONDON,THE PINN UNREGISTERED WIC,0,0,1094,0,0,0,0,0,0,0,0,0,0,0,0,0,0,0,1094,0,100.0,0
2025-10-01,RBL,NHS ENGLAND NORTH WEST ,WIRRAL UNIVERSITY TEACHING HOSPITAL NHS FOUNDATION TRUST,8314,0,2815,0,0,157,4670,0,118,0,0,11,646,822,2194,0,0,1895,11129,4788,56.98,1
2025-10-01,RM3,NHS ENGLAND NORTH WEST ,NORTHERN CARE ALLIANCE NHS FOUNDATION TRUST,27521,0,9475,0,0,0,11063,0,271,0,0,0,1130,1237,8176,0,446,2359,36996,11334,69.36,1
2025-10-01,R1H,NHS ENGLAND LONDON,BARTS HEALTH NHS TRUST,26298,944,19094,0,0,0,11870,0,2032,0,0,0,1062,1241,4383,0,42,1340,46336,13902,70.0,1
2025-10-01,RHM,NHS ENGLAND SOUTH EAST ,UNIVERSITY HOSPITAL SOUTHAMPTON NHS FOUNDATION TRUST,12327,1324,0,9,0,0,5600,78,0,1,0,0,583,1,5022,13,0,1727,13651,5678,58.41,1
2025-10-01,RHU,NHS ENGLAND SOUTH EAST ,PORTSMOUTH HOSPITALS UNIVERSITY NHS TRUST,11157,1092,3091,1871,0,762,4450,22,21,577,0,9,784,1232,3182,0,0,2710,15340,4493,70.71,1
2025-10-01,R1K,NHS ENGLAND LONDON,LONDON NORTH WEST UNIVERSITY HEALTHCARE NHS TRUST,14426,0,16111,0,0,0,7089,0,1291,0,0,0,677,446,6593,0,0,303,30537,8380,72.56,1
2025-10-01,RXQ,NHS ENGLAND SOUTH EAST ,BUCKINGHAMSHIRE HEALTHCARE NHS TRUST,9939,1201,3127,0,0,0,3693,0,96,0,0,0,190,336,3797,864,0,1074,14267,3789,73.44,1
2025-10-01,RYF,NHS ENGLAND SOUTH WEST ,SOUTH WESTERN AMBULANCE SERVICE NHS FOUNDATION TRUST,0,0,1898,0,0,29,0,0,42,0,0,0,0,0,0,0,0,0,1898,42,97.79,0
2025-10-01,RYX,NHS ENGLAND LONDON,CENTRAL LONDON COMMUNITY HEALTHCARE NHS TRUST,0,0,12138,0,0,558,0,0,133,0,0,3,0,0,0,0,0,0,12138,133,98.9,0
2025-10-01,RHW,NHS ENGLAND SOUTH EAST ,ROYAL BERKSHIRE NHS FOUNDATION TRUST,11773,2669,2670,1206,16,0,4120,100,0,436,0,0,691,13,2656,0,0,371,17112,4220,75.34,1
2025-10-01,C83023,NHS ENGLAND MIDLANDS ,SLEAFORD MEDICAL GROUP,0,0,501,0,0,0,0,0,0,0,0,0,0,0,0,0,0,2,501,0,100.0,0
2025-10-01,DT301,NHS ENGLAND EAST OF ENGLAND ,HERTS URGENT CARE (ASCOTS LANE),0,0,2189,0,0,0,0,0,100,0,0,0,0,0,0,0,0,0,2189,100,95.43,0
2025-10-01,RBN,NHS ENGLAND NORTH WEST ,MERSEY AND WEST LANCASHIRE TEACHING HOSPITALS NHS TRUST,18638,0,7376,149,0,0,7006,0,66,13,0,0,515,508,8078,0,0,712,26014,7072,72.81,1
2025-09-01,AQN04,NHS ENGLAND SOUTH EAST ,PHL LYMINGTON UTC,0,0,2988,0,0,11,0,0,15,0,0,0,0,0,0,0,0,0,2988,15,99.5,0
2025-09-01,RLQ,NHS ENGLAND MIDLANDS ,WYE VALLEY NHS TRUST,5972,1130,155,107,0,0,2510,0,0,26,0,0,443,274,1448,0,0,142,7257,2510,65.41,1
2025-09-01,Y02615,NHS ENGLAND MIDLANDS ,SOUTH BIRMINGHAM GP WALK IN CENTRE,0,0,6084,0,0,0,0,0,0,0,0,0,0,0,0,0,0,0,6084,0,100.0,0
2025-09-01,AAH,NHS ENGLAND SOUTH WEST ,TETBURY HOSPITAL TRUST LTD,0,0,593,0,0,0,0,0,0,0,0,0,0,0,0,0,0,0,593,0,100.0,0
2025-09-01,C82038,NHS ENGLAND MIDLANDS ,LATHAM HOUSE MEDICAL PRACTICE,0,0,363,0,0,0,0,0,0,0,0,0,0,0,0,0,0,0,363,0,100.0,0
2025-09-01,NQTE4,NHS ENGLAND MIDLANDS ,SUMMERFIELD URGENT CARE CENTRE,0,0,3150,0,0,0,0,0,0,0,0,0,0,0,0,0,0,0,3150,0,100.0,0
2025-09-01,RW1,NHS ENGLAND SOUTH EAST ,HAMPSHIRE AND ISLE OF WIGHT HEALTHCARE NHS FOUNDATION TRUST,0,0,2793,0,0,0,0,0,64,0,0,0,0,0,0,0,0,124,2793,64,97.71,0
2025-09-01,RWF,NHS ENGLAND SOUTH EAST ,MAIDSTONE AND TUNBRIDGE WELLS NHS TRUST,19916,0,2105,1049,0,157,4113,0,69,141,0,3,839,96,4683,0,0,672,22021,4182,81.01,1
2025-09-01,RYY,NHS ENGLAND SOUTH EAST ,KENT COMMUNITY HEALTH NHS FOUNDATION TRUST,0,0,6480,0,0,0,0,0,22,0,0,0,0,0,0,0,0,0,6480,22,99.66,0
2025-09-01,Y02532,NHS ENGLAND NORTH WEST ,MIRIAM MINOR EMERGENCY,0,0,1605,0,0,0,0,0,0,0,0,0,0,0,0,0,0,0,1605,0,100.0,0
2025-09-01,Y03218,NHS ENGLAND LONDON,THE PINN UNREGISTERED WIC,0,0,1044,0,0,0,0,0,0,0,0,0,0,0,0,0,0,0,1044,0,100.0,0
2025-09-01,RA9,NHS ENGLAND SOUTH WEST ,TORBAY AND SOUTH DEVON NHS FOUNDATION TRUST,6648,0,3322,412,0,141,3160,0,3,174,0,0,255,78,2271,0,0,1233,9970,3163,68.27,1
2025-09-01,RBT,NHS ENGLAND NORTH WEST ,MID CHESHIRE HOSPITALS NHS FOUNDATION TRUST,6842,0,2996,0,0,101,3886,0,9,0,0,0,455,497,1968,0,0,680,9838,3895,60.41,1
2025-09-01,Y02676,NHS ENGLAND SOUTH EAST ,BRIGHTON STATION HEALTH CENTRE,0,0,1825,0,0,0,0,0,0,0,0,0,0,0,0,0,0,0,1825,0,100.0,0
2025-09-01,DJV01,NHS ENGLAND SOUTH EAST ,HERNE BAY HEALTH CARE LTD,0,0,2454,0,0,0,0,0,0,0,0,0,0,0,0,0,0,0,2454,0,100.0,0
2025-09-01,L83087,NHS ENGLAND SOUTH WEST ,OKEHAMPTON MEDICAL CENTRE,0,0,93,0,0,0,0,0,0,0,0,0,0,0,0,0,0,0,93,0,100.0,0
2025-09-01,NDJ,NHS ENGLAND SOUTH EAST ,FIRST COMMUNITY HEALTH AND CARE CIC,0,0,2403,0,0,0,0,0,14,0,0,0,0,0,0,0,0,0,2403,14,99.42,0
2025-09-01,RFF,NHS ENGLAND NORTH EAST AND YORKSHIRE ,BARNSLEY HOSPITAL NHS FOUNDATION TRUST,9034,0,0,31,0,0,2326,0,0,0,0,0,199,1,3069,0,0,560,9034,2326,74.25,1
2025-09-01,RL4,NHS ENGLAND MIDLANDS ,THE ROYAL WOLVERHAMPTON NHS TRUST,10776,0,5627,79,0,525,3134,0,107,13,0,2,556,486,4528,0,90,659,16403,3241,80.24,1
2025-09-01,RNU,NHS ENGLAND SOUTH EAST ,OXFORD HEALTH NHS FOUNDATION TRUST,0,0,4426,0,0,0,0,0,245,0,0,0,0,0,0,0,0,0,4426,245,94.46,1
2025-09-01,RWY,NHS ENGLAND NORTH EAST AND YORKSHIRE ,CALDERDALE AND HUDDERSFIELD NHS FOUNDATION TRUST,16024,0,0,0,0,0,2314,0,0,0,0,0,874,9,2855,0,0,181,16024,2314,85.56,1
2025-09-01,RY8,NHS ENGLAND MIDLANDS ,DERBYSHIRE COMMUNITY HEALTH SERVICES NHS FOUNDATION TRUST,0,0,7613,0,0,1332,0,0,213,0,0,15,0,0,0,0,0,0,7613,213,97.2,0
2025-09-01,DT301,NHS ENGLAND EAST OF ENGLAND ,HERTS URGENT CARE (ASCOTS LANE),0,0,2249,0,0,0,0,0,207,0,0,0,0,0,0,0,0,0,2249,207,90.8,1
2025-09-01,NNF09,NHS ENGLAND NORTH EAST AND YORKSHIRE ,BRANSHOLME HEALTH CENTRE,0,0,3484,0,0,0,0,0,315,0,0,0,0,0,0,0,0,0,3484,315,90.96,1
2025-09-01,NNF16,NHS ENGLAND NORTH EAST AND YORKSHIRE ,BRIDLINGTON HOSPITAL,0,0,1462,0,0,0,0,0,26,0,0,0,0,0,0,0,0,0,1462,26,98.22,0
2025-09-01,NNF94,NHS ENGLAND NORTH EAST AND YORKSHIRE ,EAST RIDING COMMUNITY HOSPITAL,0,0,2668,0,0,0,0,0,194,0,0,0,0,0,0,0,0,0,2668,194,92.73,1
2025-09-01,NNFA7,NHS ENGLAND NORTH EAST AND YORKSHIRE ,GOOLE & DISTRICT HOSPITAL,0,0,1644,0,0,0,0,0,37,0,0,0,0,0,0,0,0,0,1644,37,97.75,0
2025-09-01,R0B,NHS ENGLAND NORTH EAST AND YORKSHIRE ,SOUTH TYNESIDE AND SUNDERLAND NHS FOUNDATION TRUST,10956,1264,5666,782,0,1197,4858,18,169,350,0,31,650,3,4289,28,0,1556,17886,5045,71.79,1
2025-09-01,RJN,NHS ENGLAND NORTH WEST ,EAST CHESHIRE NHS TRUST,4449,0,0,78,0,72,2500,0,0,0,0,0,245,385,793,0,0,163,4449,2500,43.81,1
2025-09-01,NL7,NHS ENGLAND MIDLANDS ,ASSURA VERTIS URGENT CARE CENTRES (BIRMINGHAM),0,0,3412,0,0,0,0,0,0,0,0,0,0,0,0,0,0,0,3412,0,100.0,0
2025-09-01,REF,NHS ENGLAND SOUTH WEST ,ROYAL CORNWALL HOSPITALS NHS TRUST,6655,0,11805,0,0,0,2843,0,485,0,0,0,474,545,2320,0,53,1449,18460,3328,81.97,1
2025-09-01,RHW,NHS ENGLAND SOUTH EAST ,ROYAL BERKSHIRE NHS FOUNDATION TRUST,10741,2548,2797,1366,15,0,3913,56,0,416,0,0,625,12,2275,0,0,415,16086,3969,75.33,1
2025-09-01,RQX,NHS ENGLAND LONDON,HOMERTON HEALTHCARE NHS FOUNDATION TRUST,10890,0,0,0,0,0,1947,0,0,0,0,0,168,28,1804,0,0,333,10890,1947,82.12,1
2025-09-01,RTP,NHS ENGLAND SOUTH EAST ,SURREY AND SUSSEX HEALTHCARE NHS TRUST,10355,0,0,0,0,0,3916,0,0,0,0,0,569,441,3047,0,0,953,10355,3916,62.18,1
2025-09-01,RYR,NHS ENGLAND SOUTH EAST ,UNIVERSITY HOSPITALS SUSSEX NHS FOUNDATION TRUST,26515,1510,1755,1444,0,391,10655,65,188,400,0,0,754,589,8677,32,46,1757,29780,10908,63.37,1
2025-09-01,Y02428,NHS ENGLAND EAST OF ENGLAND ,PUTNOE WALK IN CENTRE,0,0,2266,0,0,0,0,0,0,0,0,0,0,0,0,0,0,0,2266,0,100.0,0
2025-09-01,G3P9C,NHS ENGLAND SOUTH WEST ,TROWBRIDGE MINOR INJURIES UNIT,0,0,936,0,0,0,0,0,7,0,0,0,0,0,0,0,0,0,936,7,99.25,0
2025-09-01,NLX,NHS ENGLAND SOUTH WEST ,SIRONA CARE & HEALTH,0,0,8757,0,0,365,0,0,285,0,0,46,0,0,0,0,0,0,8757,285,96.75,0
2025-09-01,NQT1I,NHS ENGLAND SOUTH WEST ,CHIPPENHAM COMMUNITY HOSPITAL,0,0,1799,0,0,0,0,0,21,0,0,0,0,0,0,0,0,0,1799,21,98.83,0
2025-09-01,NQT5F,NHS ENGLAND NORTH WEST ,SKELMERSDALE WALK IN CENTRE,0,0,1565,0,0,0,0,0,7,0,0,0,0,0,0,0,0,0,1565,7,99.55,0
2025-09-01,NQT5H,NHS ENGLAND SOUTH WEST ,PAULTON MEMORIAL HOSPITAL,0,0,1175,0,0,0,0,0,9,0,0,0,0,0,0,0,0,0,1175,9,99.23,0
2025-09-01,NTP11,NHS ENGLAND SOUTH EAST ,PRACTICE PLUS GROUP HOSPITAL - SOUTHAMPTON,0,0,4769,0,0,0,0,0,107,0,0,0,0,0,0,0,0,0,4769,107,97.76,0
2025-09-01,NV693,NHS ENGLAND NORTH WEST ,ROSSENDALE MIU & OOH,0,0,1041,0,0,0,0,0,2,0,0,0,0,0,0,0,0,0,1041,2,99.81,0
2025-09-01,R1D,NHS ENGLAND MIDLANDS ,SHROPSHIRE COMMUNITY HEALTH NHS TRUST,0,0,3451,0,0,0,0,0,12,0,0,0,0,0,0,0,0,0,3451,12,99.65,0
2025-09-01,RAJ,NHS ENGLAND EAST OF ENGLAND ,MID AND SOUTH ESSEX NHS FOUNDATION TRUST,30199,0,4085,6,0,0,8720,0,122,1,0,0,2024,483,8682,0,163,1141,34284,8842,74.21,1
2025-09-01,RBS,NHS ENGLAND NORTH WEST ,ALDER HEY CHILDREN'S NHS FOUNDATION TRUST,5271,0,0,0,0,0,669,0,0,0,0,0,0,0,815,0,0,275,5271,669,87.31,1
2025-09-01,RCD,NHS ENGLAND NORTH EAST AND YORKSHIRE ,HARROGATE AND DISTRICT NHS FOUNDATION TRUST,5219,0,1039,359,0,21,1416,0,0,79,0,0,58,0,1138,0,0,307,6258,1416,77.37,1
2025-09-01,RCU,NHS ENGLAND NORTH EAST AND YORKSHIRE ,SHEFFIELD CHILDREN'S NHS FOUNDATION TRUST,4136,0,321,262,0,24,262,0,0,18,0,0,14,0,918,0,0,76,4457,262,94.12,1
2025-09-01,RFR,NHS ENGLAND NORTH EAST AND YORKSHIRE ,THE ROTHERHAM NHS FOUNDATION TRUST,8932,0,0,0,0,0,2550,0,0,0,0,0,401,1,1698,0,0,529,8932,2550,71.45,1
2025-09-01,RGR,NHS ENGLAND EAST OF ENGLAND ,WEST SUFFOLK NHS FOUNDATION TRUST,7969,0,648,74,0,0,2637,0,0,0,0,0,534,373,1931,0,0,280,8617,2637,69.4,1
2025-09-01,RR7,NHS ENGLAND NORTH EAST AND YORKSHIRE ,GATESHEAD HEALTH NHS FOUNDATION TRUST,5635,0,4063,40,0,2,2161,0,24,18,0,0,643,2,1751,0,0,61,9698,2185,77.47,1
2025-09-01,RRV,NHS ENGLAND LONDON,UNIVERSITY COLLEGE LONDON HOSPITALS NHS FOUNDATION TRUST,13081,0,0,355,0,0,4117,0,0,0,0,0,444,194,1437,0,0,273,13081,4117,68.53,1
2025-09-01,RTQ,NHS ENGLAND SOUTH WEST ,GLOUCESTERSHIRE HEALTH AND CARE NHS FOUNDATION TRUST,0,0,8097,0,0,0,0,0,141,0,0,0,0,0,0,0,0,33,8097,141,98.26,0
2025-09-01,RV9,NHS ENGLAND NORTH EAST AND YORKSHIRE ,HUMBER TEACHING NHS FOUNDATION TRUST,0,0,1116,0,0,42,0,0,9,0,0,0,0,0,0,0,0,0,1116,9,99.19,0
2025-09-01,RWP,NHS ENGLAND MIDLANDS ,WORCESTERSHIRE ACUTE HOSPITALS NHS TRUST,13774,0,5944,0,0,0,7203,0,86,0,0,0,1068,1160,2733,0,0,879,19718,7289,63.03,1
2025-09-01,RXR,NHS ENGLAND NORTH WEST ,EAST LANCASHIRE HOSPITALS NHS TRUST,13452,0,10742,0,0,0,4441,0,527,0,0,0,365,978,3946,0,69,1698,24194,4968,79.47,1
2025-09-01,RY7,NHS ENGLAND NORTH WEST ,WIRRAL COMMUNITY HEALTH AND CARE NHS FOUNDATION TRUST,0,0,4025,0,0,0,0,0,218,0,0,0,0,0,0,0,0,0,4025,218,94.58,1
2025-09-01,RYF,NHS ENGLAND SOUTH WEST ,SOUTH WESTERN AMBULANCE SERVICE NHS FOUNDATION TRUST,0,0,1871,0,0,24,0,0,40,0,0,1,0,0,0,0,0,0,1871,40,97.86,0
2025-09-01,C82009,NHS ENGLAND MIDLANDS ,MARKET HARBOROUGH MED.CTR,0,0,304,0,0,0,0,0,0,0,0,0,0,0,0,0,0,0,304,0,100.0,0
2025-09-01,NR3,NHS ENGLAND MIDLANDS ,NOTTINGHAM CITYCARE PARTNERSHIP,0,0,5001,0,0,245,0,0,281,0,0,0,0,0,0,0,0,0,5001,281,94.38,1
2025-09-01,NTV0B,NHS ENGLAND SOUTH EAST ,ASHFORD WALK-IN-CENTRE,0,0,2374,0,0,0,0,0,34,0,0,0,0,0,0,0,0,0,2374,34,98.57,0
2025-09-01,NTV0W,NHS ENGLAND SOUTH EAST ,WOKING WALK IN CENTRE,0,0,2621,0,0,0,0,0,70,0,0,0,0,0,0,0,0,0,2621,70,97.33,0
2025-09-01,RA2,NHS ENGLAND SOUTH EAST ,ROYAL SURREY NHS FOUNDATION TRUST,6802,0,1813,769,0,24,2360,0,0,237,0,0,422,7,2252,0,0,1194,8615,2360,72.61,1
2025-09-01,RAX,NHS ENGLAND LONDON,KINGSTON AND RICHMOND NHS FOUNDATION TRUST,7000,0,8430,0,0,0,4257,0,342,0,0,0,316,320,2239,0,233,658,15430,4599,70.19,1
2025-09-01,RCX,NHS ENGLAND EAST OF ENGLAND ,"THE QUEEN ELIZABETH HOSPITAL, KING'S LYNN, NHS FOUNDATION TRUST",6525,0,1242,0,0,0,2857,0,0,0,0,0,620,153,1770,0,0,319,7767,2857,63.22,1
2025-09-01,RDE,NHS ENGLAND EAST OF ENGLAND ,EAST SUFFOLK AND NORTH ESSEX NHS FOUNDATION TRUST,12269,0,13229,0,0,153,6644,0,698,0,0,0,1073,597,6254,0,344,1002,25498,7342,71.21,1
2025-09-01,RGP,NHS ENGLAND EAST OF ENGLAND ,JAMES PAGET UNIVERSITY HOSPITALS NHS FOUNDATION TRUST,7390,0,1352,0,0,0,2629,0,0,0,0,0,493,381,1454,0,0,523,8742,2629,69.93,1
2025-09-01,RJ1,NHS ENGLAND LONDON,GUY'S AND ST THOMAS' NHS FOUNDATION TRUST,10047,0,6766,0,0,0,3541,0,153,0,0,0,137,67,2212,0,0,198,16813,3694,78.03,1
2025-09-01,RJC,NHS ENGLAND MIDLANDS ,SOUTH WARWICKSHIRE UNIVERSITY NHS FOUNDATION TRUST,8326,0,449,1,0,0,2163,0,0,0,0,0,432,57,2230,0,0,730,8775,2163,75.35,1
2025-09-01,RJE,NHS ENGLAND MIDLANDS ,UNIVERSITY HOSPITALS OF NORTH MIDLANDS NHS TRUST,14776,507,8096,747,0,567,7469,0,146,361,0,24,1062,1003,4652,0,0,1627,23379,7615,67.43,1
2025-09-01,RJZ,NHS ENGLAND LONDON,KING'S COLLEGE HOSPITAL NHS FOUNDATION TRUST,15522,0,9115,70,0,1075,7143,0,703,23,0,0,1604,664,3656,0,0,301,24637,7846,68.15,1
2025-09-01,RK9,NHS ENGLAND SOUTH WEST ,UNIVERSITY HOSPITALS PLYMOUTH NHS TRUST,8381,123,7353,0,0,0,4936,4,81,0,0,0,538,667,2885,0,0,1751,15857,5021,68.34,1
2025-09-01,RMP,NHS ENGLAND NORTH WEST ,TAMESIDE AND GLOSSOP INTEGRATED CARE NHS FOUNDATION TRUST,8516,0,2379,344,0,66,3902,0,42,0,0,0,405,650,1605,0,0,225,10895,3944,63.8,1
2025-09-01,RNQ,NHS ENGLAND MIDLANDS ,KETTERING GENERAL HOSPITAL NHS FOUNDATION TRUST,9876,0,8117,330,0,0,3536,0,75,0,0,0,759,438,1932,0,0,243,17993,3611,79.93,1
2025-09-01,RPA,NHS ENGLAND SOUTH EAST ,MEDWAY NHS FOUNDATION TRUST,9817,0,5974,273,0,1083,3316,0,794,54,0,0,369,630,1827,0,0,475,15791,4110,73.97,1
2025-09-01,RTR,NHS ENGLAND NORTH EAST AND YORKSHIRE ,SOUTH TEES HOSPITALS NHS FOUNDATION TRUST,7342,0,9220,0,0,1786,3918,0,331,0,0,44,348,28,2310,0,392,2272,16562,4249,74.34,1
2025-09-01,RTX,NHS ENGLAND NORTH WEST ,UNIVERSITY HOSPITALS OF MORECAMBE BAY NHS FOUNDATION TRUST,9043,0,2724,117,0,1668,3480,0,62,12,0,22,631,591,3093,0,16,906,11767,3542,69.9,1
2025-09-01,RVW,NHS ENGLAND NORTH EAST AND YORKSHIRE ,NORTH TEES AND HARTLEPOOL NHS FOUNDATION TRUST,4801,0,11009,0,0,0,2574,0,53,0,0,0,221,26,1645,0,432,2305,15810,2627,83.38,1
2025-09-01,RXC,NHS ENGLAND SOUTH EAST ,EAST SUSSEX HEALTHCARE NHS TRUST,8997,0,2484,2000,0,1587,3277,0,31,0,0,0,185,19,2560,0,0,553,11481,3308,71.19,1
2025-09-01,RXL,NHS ENGLAND NORTH WEST ,BLACKPOOL TEACHING HOSPITALS NHS FOUNDATION TRUST,8782,0,9722,418,0,313,4275,0,74,146,0,0,729,415,2855,0,0,1226,18504,4349,76.5,1
2025-09-01,RY4,NHS ENGLAND EAST OF ENGLAND ,HERTFORDSHIRE COMMUNITY NHS TRUST,0,0,1169,0,0,0,0,0,67,0,0,0,0,0,0,0,0,0,1169,67,94.27,1
2025-09-01,RYX,NHS ENGLAND LONDON,CENTRAL LONDON COMMUNITY HEALTHCARE NHS TRUST,0,0,11653,0,0,476,0,0,170,0,0,8,0,0,0,0,0,0,11653,170,98.54,0
2025-09-01,NQT51,NHS ENGLAND SOUTH EAST ,STATION PLAZA HEALTH CENTRE,0,0,856,0,0,0,0,0,0,0,0,0,0,0,0,0,0,0,856,0,100.0,0
2025-09-01,R1F,NHS ENGLAND SOUTH EAST ,ISLE OF WIGHT NHS TRUST,4275,300,1669,19,0,12,1297,0,55,2,0,0,163,86,1377,0,0,87,6244,1352,78.35,1
2025-09-01,RAE,NHS ENGLAND NORTH EAST AND YORKSHIRE ,BRADFORD TEACHING HOSPITALS NHS FOUNDATION TRUST,9085,1109,3316,0,0,0,2193,0,0,0,0,0,670,76,2644,0,6,1307,13510,2193,83.77,1
2025-09-01,RBD,NHS ENGLAND SOUTH WEST ,DORSET COUNTY HOSPITAL NHS FOUNDATION TRUST,4529,0,0,484,0,4092,1710,0,0,119,0,2,209,74,1903,0,0,502,4529,1710,62.24,1
2025-09-01,RBN,NHS ENGLAND NORTH WEST ,MERSEY AND WEST LANCASHIRE TEACHING HOSPITALS NHS TRUST,17140,0,6989,360,0,0,6435,0,84,28,0,0,564,367,7822,0,0,635,24129,6519,72.98,1
2025-09-01,RC9,NHS ENGLAND EAST OF ENGLAND ,BEDFORDSHIRE HOSPITALS NHS FOUNDATION TRUST,16618,0,8009,0,0,797,6124,0,0,0,0,0,80,2,4841,0,0,2158,24627,6124,75.13,1
2025-09-01,RDU,NHS ENGLAND SOUTH EAST ,FRIMLEY HEALTH NHS FOUNDATION TRUST,22763,1000,12113,0,0,0,9408,0,246,0,0,0,1435,325,6537,0,0,147,35876,9654,73.09,1
2025-09-01,REP,NHS ENGLAND NORTH WEST ,LIVERPOOL WOMEN'S NHS FOUNDATION TRUST,0,1461,0,0,0,0,0,95,0,0,0,0,0,0,0,92,0,7,1461,95,93.5,1
2025-09-01,RH8,NHS ENGLAND SOUTH WEST ,ROYAL DEVON UNIVERSITY HEALTHCARE NHS FOUNDATION TRUST,13032,0,4214,1181,0,80,5967,0,36,479,0,0,974,180,3631,0,0,1881,17246,6003,65.19,1
2025-09-01,RHM,NHS ENGLAND SOUTH EAST ,UNIVERSITY HOSPITAL SOUTHAMPTON NHS FOUNDATION TRUST,11703,1270,0,41,0,0,4114,89,0,11,0,0,442,13,3720,15,0,1621,12973,4203,67.6,1
2025-09-01,RJL,NHS ENGLAND NORTH EAST AND YORKSHIRE ,NORTHERN LINCOLNSHIRE AND GOOLE NHS FOUNDATION TRUST,9382,0,7076,0,0,388,4831,0,42,0,0,2,745,689,5612,0,0,403,16458,4873,70.39,1
2025-09-01,RKB,NHS ENGLAND MIDLANDS ,UNIVERSITY HOSPITALS COVENTRY AND WARWICKSHIRE NHS TRUST,12527,1648,5585,0,0,0,5074,81,46,0,0,0,57,14,1164,47,33,307,19760,5201,73.68,1
2025-09-01,RKE,NHS ENGLAND LONDON,WHITTINGTON HEALTH NHS TRUST,8812,0,0,0,0,0,2582,0,0,0,0,0,261,261,1365,0,0,20,8812,2582,70.7,1
2025-09-01,RN3,NHS ENGLAND SOUTH WEST ,GREAT WESTERN HOSPITALS NHS FOUNDATION TRUST,5928,0,5521,0,0,0,3032,0,598,0,0,0,692,266,2566,0,0,1215,11449,3630,68.29,1
2025-09-01,RN5,NHS ENGLAND SOUTH EAST ,HAMPSHIRE HOSPITALS NHS FOUNDATION TRUST,10808,69,3417,0,0,114,4547,0,154,0,0,0,186,17,3517,8,62,1142,14294,4701,67.11,1
2025-09-01,RNA,NHS ENGLAND MIDLANDS ,THE DUDLEY GROUP NHS FOUNDATION TRUST,9774,0,3850,0,0,607,3028,0,46,0,0,0,2415,135,3484,0,0,2664,13624,3074,77.44,1
2025-09-01,RNN,NHS ENGLAND NORTH EAST AND YORKSHIRE ,NORTH CUMBRIA INTEGRATED CARE NHS FOUNDATION TRUST,8864,0,1987,29,0,10,4042,0,9,12,0,0,647,277,2219,0,0,370,10851,4051,62.67,1
2025-09-01,RNS,NHS ENGLAND MIDLANDS ,NORTHAMPTON GENERAL HOSPITAL NHS TRUST,10254,856,1764,0,0,0,4221,42,81,0,0,0,603,628,2086,0,0,442,12874,4344,66.26,1
2025-09-01,RP6,NHS ENGLAND LONDON,MOORFIELDS EYE HOSPITAL NHS FOUNDATION TRUST,0,5657,0,0,0,0,0,159,0,0,0,0,0,0,0,2,0,220,5657,159,97.19,0
2025-09-01,RQM,NHS ENGLAND LONDON,CHELSEA AND WESTMINSTER HOSPITAL NHS FOUNDATION TRUST,19591,0,6102,574,0,0,5703,0,135,0,0,0,937,46,2852,0,0,303,25693,5838,77.28,1
2025-09-01,RQW,NHS ENGLAND EAST OF ENGLAND ,THE PRINCESS ALEXANDRA HOSPITAL NHS TRUST,8343,0,1926,0,0,650,2187,0,0,0,0,0,547,279,1901,0,0,279,10269,2187,78.7,1
2025-09-01,RR8,NHS ENGLAND NORTH EAST AND YORKSHIRE ,LEEDS TEACHING HOSPITALS NHS TRUST,17702,743,11080,82,0,355,6911,0,153,31,0,0,1435,552,3612,0,0,1210,29525,7064,76.07,1
2025-09-01,RRF,NHS ENGLAND NORTH WEST ,"WRIGHTINGTON, WIGAN AND LEIGH NHS FOUNDATION TRUST",7389,0,4941,0,0,0,3087,0,41,0,0,0,640,439,2332,0,0,566,12330,3128,74.63,1
2025-09-01,RTK,NHS ENGLAND SOUTH EAST ,ASHFORD AND ST PETER'S HOSPITALS NHS FOUNDATION TRUST,7056,0,2773,0,0,0,3397,0,23,0,0,0,518,299,2887,0,0,624,9829,3420,65.21,1
2025-09-01,RXW,NHS ENGLAND MIDLANDS ,THE SHREWSBURY AND TELFORD HOSPITAL NHS TRUST,10459,0,2507,0,0,0,5685,0,312,0,0,0,392,1492,3138,0,162,2145,12966,5997,53.75,1
2025-09-01,RY2,NHS ENGLAND NORTH WEST ,BRIDGEWATER COMMUNITY HEALTHCARE NHS FOUNDATION TRUST,0,0,2781,0,0,144,0,0,52,0,0,2,0,0,0,0,0,0,2781,52,98.13,0
2025-09-01,RY5,NHS ENGLAND MIDLANDS ,LINCOLNSHIRE COMMUNITY HEALTH SERVICES NHS TRUST,0,0,8314,0,0,0,0,0,187,0,0,0,0,0,0,0,0,0,8314,187,97.75,0
2025-09-01,A5D4Q,NHS ENGLAND MIDLANDS ,NEMS CBS (UTC),0,0,4240,0,0,0,0,0,991,0,0,0,0,0,0,0,0,0,4240,991,76.63,1
2025-09-01,ACH01,NHS ENGLAND SOUTH EAST ,WHITSTABLE MEDICAL PRACTICE,0,0,4919,0,0,0,0,0,0,0,0,0,0,0,0,0,0,0,4919,0,100.0,0
2025-09-01,AD913,NHS ENGLAND LONDON,BECKENHAM BEACON UCC,0,0,3395,0,0,243,0,0,30,0,0,0,0,0,0,0,0,0,3395,30,99.12,0
2025-09-01,AJN,NHS ENGLAND NORTH EAST AND YORKSHIRE ,WORKINGTON HEALTH LIMITED,0,0,392,0,0,0,0,0,0,0,0,0,0,0,0,0,0,0,392,0,100.0,0
2025-09-01,AQM01,NHS ENGLAND SOUTH EAST ,FAVERSHAM MEDICAL PRACTICE MIU,0,0,2934,0,0,0,0,0,0,0,0,0,0,0,0,0,0,0,2934,0,100.0,0
2025-09-01,NTPAD,NHS ENGLAND SOUTH EAST ,PRACTICE PLUS GROUP SURGICAL CENTRE - ST MARYS PORTSMOUTH,0,0,5205,0,0,173,0,0,390,0,0,5,0,0,0,0,0,0,5205,390,92.51,1
2025-09-01,R0A,NHS ENGLAND NORTH WEST ,MANCHESTER UNIVERSITY NHS FOUNDATION TRUST,25360,2927,10810,3316,597,893,11008,118,296,1402,29,44,3225,105,5734,131,97,499,39097,11422,70.79,1
2025-09-01,R0D,NHS ENGLAND SOUTH WEST ,UNIVERSITY HOSPITALS DORSET NHS FOUNDATION TRUST,13867,0,4973,0,0,0,5538,0,0,0,0,0,936,169,4186,2,0,2521,18840,5538,70.61,1
2025-09-01,R1H,NHS ENGLAND LONDON,BARTS HEALTH NHS TRUST,24887,994,17931,0,0,0,10741,24,1565,0,0,0,1162,951,3927,2,35,1235,43812,12330,71.86,1
2025-09-01,RA7,NHS ENGLAND SOUTH WEST ,UNIVERSITY HOSPITALS BRISTOL AND WESTON NHS FOUNDATION TRUST,15522,2421,0,0,0,0,5293,137,0,0,0,0,1027,213,5045,9,0,1441,17943,5430,69.74,1
2025-09-01,RAT,NHS ENGLAND LONDON,NORTH EAST LONDON NHS FOUNDATION TRUST,0,0,1849,0,0,0,0,0,88,0,0,0,0,0,0,0,0,0,1849,88,95.24,0
2025-09-01,RBK,NHS ENGLAND MIDLANDS ,WALSALL HEALTHCARE NHS TRUST,9406,0,4107,23,0,138,3357,0,47,10,0,0,1030,198,3847,0,0,866,13513,3404,74.81,1
2025-09-01,RCB,NHS ENGLAND NORTH EAST AND YORKSHIRE ,YORK AND SCARBOROUGH TEACHING HOSPITALS NHS FOUNDATION TRUST,10917,367,7767,0,0,0,5694,0,461,0,0,0,800,535,4898,0,0,1782,19051,6155,67.69,1
2025-09-01,RD1,NHS ENGLAND SOUTH WEST ,ROYAL UNITED HOSPITALS BATH NHS FOUNDATION TRUST,8897,0,0,0,0,0,3776,0,0,0,0,0,970,113,2728,0,15,1990,8897,3776,57.56,1
2025-09-01,RD8,NHS ENGLAND EAST OF ENGLAND ,MILTON KEYNES UNIVERSITY HOSPITAL NHS FOUNDATION TRUST,8199,0,4703,784,0,209,3248,0,26,380,0,0,563,0,2220,0,0,349,12902,3274,74.62,1
2025-09-01,REM,NHS ENGLAND NORTH WEST ,LIVERPOOL UNIVERSITY HOSPITALS NHS FOUNDATION TRUST,16233,1819,8245,526,0,0,8032,9,232,247,0,0,1994,887,4939,0,0,2297,26297,8273,68.54,1
2025-09-01,RF4,NHS ENGLAND LONDON,"BARKING, HAVERING AND REDBRIDGE UNIVERSITY HOSPITALS NHS TRUST",13173,2366,13732,0,0,0,5665,364,116,0,0,0,646,772,8096,0,0,355,29271,6145,79.01,1
2025-09-01,RFS,NHS ENGLAND MIDLANDS ,CHESTERFIELD ROYAL HOSPITAL NHS FOUNDATION TRUST,5270,0,4692,998,0,302,2840,0,230,598,0,60,867,254,2164,0,39,162,9962,3070,69.18,1
2025-09-01,RJ2,NHS ENGLAND LONDON,LEWISHAM AND GREENWICH NHS TRUST,15359,0,9033,0,0,0,7333,0,290,0,0,0,1189,598,3935,0,0,542,24392,7623,68.75,1
2025-09-01,RJ6,NHS ENGLAND LONDON,CROYDON HEALTH SERVICES NHS TRUST,12725,0,4746,0,0,0,4327,0,0,0,0,0,275,609,1161,0,0,114,17471,4327,75.23,1
2025-09-01,RJR,NHS ENGLAND NORTH WEST ,COUNTESS OF CHESTER HOSPITAL NHS FOUNDATION TRUST,5335,0,2421,0,0,0,2746,0,187,0,0,0,368,747,1829,0,0,1217,7756,2933,62.18,1
2025-09-01,RK5,NHS ENGLAND MIDLANDS ,SHERWOOD FOREST HOSPITALS NHS FOUNDATION TRUST,10728,0,5227,399,0,145,4743,0,355,184,0,1,832,204,3758,0,0,294,15955,5098,68.05,1
2025-09-01,RLT,NHS ENGLAND MIDLANDS ,GEORGE ELIOT HOSPITAL NHS TRUST,6824,0,1627,0,0,0,1973,0,17,0,0,0,256,499,1038,0,0,0,8451,1990,76.45,1
2025-09-01,RN7,NHS ENGLAND SOUTH EAST ,DARTFORD AND GRAVESHAM NHS TRUST,11172,0,3811,0,0,0,2488,0,19,0,0,0,620,129,3559,0,0,289,14983,2507,83.27,1
2025-09-01,RNZ,NHS ENGLAND SOUTH WEST ,SALISBURY NHS FOUNDATION TRUST,4822,345,1678,161,0,0,2233,0,0,65,0,0,418,78,1295,0,0,1098,6845,2233,67.38,1
2025-09-01,RP5,NHS ENGLAND NORTH EAST AND YORKSHIRE ,DONCASTER AND BASSETLAW TEACHING HOSPITALS NHS FOUNDATION TRUST,13811,0,4142,0,0,0,5411,0,6,0,0,0,1194,162,3841,0,383,888,17953,5417,69.83,1
2025-09-01,RQ3,NHS ENGLAND MIDLANDS ,BIRMINGHAM WOMEN'S AND CHILDREN'S NHS FOUNDATION TRUST,4565,0,0,0,0,0,611,0,0,0,0,0,20,2,557,0,0,151,4565,611,86.62,1
2025-09-01,RTE,NHS ENGLAND SOUTH WEST ,GLOUCESTERSHIRE HOSPITALS NHS FOUNDATION TRUST,13772,0,0,273,0,0,5165,0,0,62,0,0,502,281,2963,0,0,2638,13772,5165,62.5,1
2025-09-01,RTF,NHS ENGLAND NORTH EAST AND YORKSHIRE ,NORTHUMBRIA HEALTHCARE NHS FOUNDATION TRUST,10222,0,13360,0,0,0,2584,0,4,0,0,0,18,0,4175,0,20,450,23582,2588,89.03,1
2025-09-01,RTG,NHS ENGLAND MIDLANDS ,UNIVERSITY HOSPITALS OF DERBY AND BURTON NHS FOUNDATION TRUST,18343,0,9024,4356,0,31,8755,0,0,381,0,0,918,557,3870,0,0,1981,27367,8755,68.01,1
2025-09-01,RVJ,NHS ENGLAND SOUTH WEST ,NORTH BRISTOL NHS TRUST,9147,0,0,13,0,0,3238,0,0,4,0,0,570,197,2232,0,0,2421,9147,3238,64.6,1
2025-09-01,RVV,NHS ENGLAND SOUTH EAST ,EAST KENT HOSPITALS UNIVERSITY NHS FOUNDATION TRUST,12369,0,12759,0,0,0,5916,0,311,0,0,0,519,1172,2932,0,716,360,25128,6227,75.22,1
2025-09-01,RW4,NHS ENGLAND NORTH WEST ,MERSEY CARE NHS FOUNDATION TRUST,0,0,13214,0,0,0,0,0,235,0,0,0,0,0,0,0,0,47,13214,235,98.22,0
2025-09-01,RWA,NHS ENGLAND NORTH EAST AND YORKSHIRE ,HULL UNIVERSITY TEACHING HOSPITALS NHS TRUST,9658,0,4482,0,0,0,5594,0,280,0,0,0,972,600,3896,0,0,2218,14140,5874,58.46,1
2025-09-01,RWD,NHS ENGLAND MIDLANDS ,UNITED LINCOLNSHIRE TEACHING HOSPITALS NHS TRUST,16570,0,3896,0,0,0,6887,0,267,0,0,0,985,946,4934,0,0,1035,20466,7154,65.04,1
2025-09-01,RWE,NHS ENGLAND MIDLANDS ,UNIVERSITY HOSPITALS OF LEICESTER NHS TRUST,21979,2150,0,0,0,0,8933,191,0,0,0,0,1336,619,6661,5,0,4063,24129,9124,62.19,1
2025-09-01,RWG,NHS ENGLAND EAST OF ENGLAND ,WEST HERTFORDSHIRE TEACHING HOSPITALS NHS TRUST,7950,0,7699,0,0,789,2427,0,104,0,0,0,627,26,4055,0,0,775,15649,2531,83.83,1
2025-09-01,RWH,NHS ENGLAND EAST OF ENGLAND ,EAST AND NORTH HERTFORDSHIRE TEACHING NHS TRUST,8701,0,8295,1,0,0,4036,0,101,0,0,0,351,96,2369,0,2,206,16996,4137,75.66,1
2025-09-01,RWW,NHS ENGLAND NORTH WEST ,WARRINGTON AND HALTON TEACHING HOSPITALS NHS FOUNDATION TRUST,6814,0,2955,229,0,82,3428,0,46,71,0,0,534,891,1693,0,0,143,9769,3474,64.44,1
2025-09-01,RXF,NHS ENGLAND NORTH EAST AND YORKSHIRE ,MID YORKSHIRE TEACHING NHS TRUST,16641,110,6350,120,0,81,6123,0,150,2,0,0,1711,76,3542,0,167,923,23101,6273,72.85,1
2025-09-01,RXP,NHS ENGLAND NORTH EAST AND YORKSHIRE ,COUNTY DURHAM AND DARLINGTON NHS FOUNDATION TRUST,12654,0,4047,0,0,7130,4903,0,0,0,0,0,1789,42,4250,0,0,719,16701,4903,70.64,1
2025-09-01,ARN03,NHS ENGLAND NORTH EAST AND YORKSHIRE ,LOCAL CARE DIRECT,0,0,2151,0,0,166,0,0,9,0,0,0,0,0,0,0,0,0,2151,9,99.58,0
2025-09-01,C83023,NHS ENGLAND MIDLANDS ,SLEAFORD MEDICAL GROUP,0,0,488,0,0,0,0,0,0,0,0,0,0,0,0,0,0,2,488,0,100.0,0
2025-09-01,G0Q0L,NHS ENGLAND LONDON,BARKING HOSPITAL UTC,0,0,2853,0,0,0,0,0,24,0,0,0,0,0,0,0,0,0,2853,24,99.16,0
2025-09-01,K6K0R,NHS ENGLAND LONDON,HAROLD WOOD POLYCLINIC UTC,0,0,2669,0,0,0,0,0,2,0,0,0,0,0,0,0,0,0,2669,2,99.93,0
2025-09-01,NNJ07,NHS ENGLAND MIDLANDS ,LOUGHBOROUGH URGENT CARE CENTRE,0,0,6494,0,0,2477,0,0,471,0,0,3,0,0,0,0,0,0,6494,471,92.75,1
2025-09-01,NNJ0H,NHS ENGLAND MIDLANDS ,LLR EA - THE MERLYN VAZ HEALTH & SOCIAL CARE CENTRE,0,0,345,0,0,3713,0,0,1,0,0,0,0,0,0,0,0,0,345,1,99.71,0
2025-09-01,NNJ12,NHS ENGLAND MIDLANDS ,MARKET HARBOROUGH,0,0,75,0,0,356,0,0,0,0,0,0,0,0,0,0,0,0,75,0,100.0,0
2025-09-01,NNJ13,NHS ENGLAND MIDLANDS ,MELTON MOWBRAY,0,0,46,0,0,342,0,0,0,0,0,0,0,0,0,0,0,0,46,0,100.0,0
2025-09-01,NNJ14,NHS ENGLAND MIDLANDS ,OADBY,0,0,512,0,0,2260,0,0,1,0,0,0,0,0,0,0,0,0,512,1,99.8,0
2025-09-01,NNJ15,NHS ENGLAND MIDLANDS ,OAKHAM,0,0,48,0,0,315,0,0,0,0,0,0,0,0,0,0,0,0,48,0,100.0,0
2025-09-01,RCF,NHS ENGLAND NORTH EAST AND YORKSHIRE ,AIREDALE NHS FOUNDATION TRUST,5960,279,0,487,0,0,2336,0,0,0,0,0,456,154,1523,0,0,571,6239,2336,62.56,1
2025-09-01,RGN,NHS ENGLAND EAST OF ENGLAND ,NORTH WEST ANGLIA NHS FOUNDATION TRUST,14958,0,4919,318,0,426,5793,0,188,72,0,9,651,689,3643,0,32,1322,19877,5981,69.91,1
2025-09-01,RGT,NHS ENGLAND EAST OF ENGLAND ,CAMBRIDGE UNIVERSITY HOSPITALS NHS FOUNDATION TRUST,10918,0,5495,294,0,258,4607,0,61,58,0,1,648,428,2909,0,17,465,16413,4668,71.56,1
2025-09-01,RHQ,NHS ENGLAND NORTH EAST AND YORKSHIRE ,SHEFFIELD TEACHING HOSPITALS NHS FOUNDATION TRUST,8761,1242,7121,384,3,1400,4508,78,396,188,0,37,1146,7,3039,0,0,3680,17124,4982,70.91,1
2025-09-01,RM1,NHS ENGLAND EAST OF ENGLAND ,NORFOLK AND NORWICH UNIVERSITY HOSPITALS NHS FOUNDATION TRUST,12782,0,7275,0,0,0,3924,0,5,0,0,0,616,145,2336,0,0,1501,20057,3929,80.41,1
2025-09-01,RPC,NHS ENGLAND SOUTH EAST ,QUEEN VICTORIA HOSPITAL NHS FOUNDATION TRUST,0,0,1342,0,0,0,0,0,25,0,0,0,0,0,0,0,5,570,1342,25,98.14,0
2025-09-01,RRK,NHS ENGLAND MIDLANDS ,UNIVERSITY HOSPITALS BIRMINGHAM NHS FOUNDATION TRUST,34990,373,3254,0,0,205,13697,0,57,0,0,11,2739,1692,10591,0,0,7317,38617,13754,64.38,1
2025-09-01,RVR,NHS ENGLAND LONDON,EPSOM AND ST HELIER UNIVERSITY HOSPITALS NHS TRUST,10989,0,2368,131,0,25,3292,0,195,18,0,2,871,778,2310,0,0,145,13357,3487,73.89,1
2025-09-01,RWX,NHS ENGLAND SOUTH EAST ,BERKSHIRE HEALTHCARE NHS FOUNDATION TRUST,0,0,1480,0,0,0,0,0,10,0,0,0,0,0,0,0,33,0,1480,10,99.32,0
2025-09-01,RXK,NHS ENGLAND MIDLANDS ,SANDWELL AND WEST BIRMINGHAM HOSPITALS NHS TRUST,11092,1106,8078,347,0,0,4432,156,161,136,0,0,894,299,2690,0,0,461,20276,4749,76.58,1
2025-09-01,RXN,NHS ENGLAND NORTH WEST ,LANCASHIRE TEACHING HOSPITALS NHS FOUNDATION TRUST,12119,0,3016,219,0,101,4631,0,101,47,0,1,1109,465,2955,0,117,1251,15135,4732,68.73,1
2025-09-01,RXQ,NHS ENGLAND SOUTH EAST ,BUCKINGHAMSHIRE HEALTHCARE NHS TRUST,10740,1186,3058,0,0,0,4079,0,98,0,0,0,195,337,4018,861,0,1329,14984,4177,72.12,1
2025-09-01,RAS,NHS ENGLAND LONDON,THE HILLINGDON HOSPITALS NHS FOUNDATION TRUST,5135,0,7323,0,0,0,2453,0,99,0,0,0,460,37,1666,0,0,62,12458,2552,79.52,1
2025-09-01,RDR,NHS ENGLAND SOUTH EAST ,SUSSEX COMMUNITY NHS FOUNDATION TRUST,0,0,11738,0,0,0,0,0,131,0,0,0,0,0,0,0,0,0,11738,131,98.88,0
2025-09-01,RTH,NHS ENGLAND SOUTH EAST ,OXFORD UNIVERSITY HOSPITALS NHS FOUNDATION TRUST,12153,1826,3273,1646,0,188,3679,0,73,310,0,19,397,3,5469,85,15,4205,17252,3752,78.25,1
2025-09-01,NNJ,NHS ENGLAND MIDLANDS ,DHU HEALTH CARE C.I.C,0,0,1727,0,0,0,0,0,0,0,0,0,0,0,0,0,0,0,1727,0,100.0,0
2025-09-01,R1K,NHS ENGLAND LONDON,LONDON NORTH WEST UNIVERSITY HEALTHCARE NHS TRUST,13596,0,15146,0,0,0,6518,0,526,0,0,0,633,419,6273,0,0,285,28742,7044,75.49,1
2025-09-01,RHU,NHS ENGLAND SOUTH EAST ,PORTSMOUTH HOSPITALS UNIVERSITY NHS TRUST,10993,1071,2982,1699,0,715,4170,18,9,581,0,8,801,1170,3099,0,0,2623,15046,4197,72.11,1
2025-09-01,RM3,NHS ENGLAND NORTH WEST ,NORTHERN CARE ALLIANCE NHS FOUNDATION TRUST,26117,0,9791,0,0,0,9870,0,401,0,0,0,1017,1095,7636,0,443,2086,35908,10271,71.4,1
2025-09-01,RMC,NHS ENGLAND NORTH WEST ,BOLTON NHS FOUNDATION TRUST,8141,0,3746,26,0,3,3816,0,269,8,0,0,536,213,2612,0,115,947,11887,4085,65.63,1
2025-09-01,RWJ,NHS ENGLAND NORTH WEST ,STOCKPORT NHS FOUNDATION TRUST,7974,0,1010,328,0,1398,3249,0,42,125,0,1,687,324,2759,0,67,818,8984,3291,63.37,1
2025-09-01,RBL,NHS ENGLAND NORTH WEST ,WIRRAL UNIVERSITY TEACHING HOSPITAL NHS FOUNDATION TRUST,8030,0,2802,0,0,124,4600,0,95,0,0,2,563,696,2039,0,0,1799,10832,4695,56.66,1
2025-09-01,RJ7,NHS ENGLAND LONDON,ST GEORGE'S UNIVERSITY HOSPITALS NHS FOUNDATION TRUST,8302,0,4055,522,0,0,2580,0,172,75,0,0,376,500,2535,0,0,694,12357,2752,77.73,1
2025-09-01,RYJ,NHS ENGLAND LONDON,IMPERIAL COLLEGE HEALTHCARE NHS TRUST,11866,3895,7038,0,0,531,5300,197,333,0,0,1,588,0,3523,2,0,1126,22799,5830,74.43,1
2025-09-01,Y02147,NHS ENGLAND LONDON,URGENT CARE CENTRE (QMS),0,0,7801,0,0,336,0,0,123,0,0,0,0,0,0,0,0,0,7801,123,98.42,0
2025-09-01,RH5,NHS ENGLAND SOUTH WEST ,SOMERSET NHS FOUNDATION TRUST,12710,0,8427,0,0,0,6042,0,127,0,0,0,205,100,3119,0,0,1711,21137,6169,70.81,1
2025-09-01,RX1,NHS ENGLAND MIDLANDS ,NOTTINGHAM UNIVERSITY HOSPITALS NHS TRUST,12732,2142,0,0,0,0,6930,142,0,0,0,0,255,634,3920,0,815,4519,14874,7072,52.45,1
2025-09-01,RTD,NHS ENGLAND NORTH EAST AND YORKSHIRE ,THE NEWCASTLE UPON TYNE HOSPITALS NHS FOUNDATION TRUST,12773,1735,6244,0,0,1068,5163,79,0,0,0,0,541,12,3792,20,0,2882,20752,5242,74.74,1
2025-09-01,RAL,NHS ENGLAND LONDON,ROYAL FREE LONDON NHS FOUNDATION TRUST,26019,567,14950,128,2,149,8625,0,603,46,0,11,1018,1975,6552,2,96,695,41536,9228,77.78,1
